best_price,date,entry_price,event_sha256,funding_rate_daily,paper_monitor_date,side,signed_weight,source_run_id,source_zip_sha256,strategy,symbol
77.3,2026-08-14,76.23,dc90f18525793e50db84dcdc6f6424b5d4f41c69ee6825ca02e4fab6b85071e9,0.0001728432778883,2026-08-14,LONG,0.13999999999999999,31857524889,157326c18babf3bfa31bb4ce01c0a2a237a0f930ad98b044985913eed0e5bf00,Delta_LS_70_30,SOL
85.02,2026-08-14,89.25,277661890d8b670ea6b27f70ec57a2659a7b3ab595eaa04360f13e18b6a8bbd2,-0.00018126362089369998,2026-08-14,SHORT,-0.06,31857524889,157326c18babf3bfa31bb4ce01c0a2a237a0f930ad98b044985913eed0e5bf00,Delta_LS_70_30,AAVE
6.092,2026-08-14,6.393,92bf66a4451fd0f009db1023432774db5d66217610a08acfa7ec08b806b928c0,-9.956147236239999e-05,2026-08-14,SHORT,-0.06,31857524889,157326c18babf3bfa31bb4ce01c0a2a237a0f930ad98b044985913eed0e5bf00,Delta_LS_70_30,ETC
0.33841,2026-08-14,0.33066,b1bd076088800107b6cf9214252245353d2e976ac9013392f1e6b54907213249,0.0002029064332533,2026-08-14,LONG,0.13999999999999999,31857524889,157326c18babf3bfa31bb4ce01c0a2a237a0f930ad98b044985913eed0e5bf00,Delta_LS_70_30,TRX
0.07278,2026-08-14,0.07399,3dd8587e0c693ed18e5a0981315b6ed13fa1d9f891564d3baed26ffa95aa5948,1.971667100899999e-05,2026-08-14,SHORT,-0.06,31857524889,157326c18babf3bfa31bb4ce01c0a2a237a0f930ad98b044985913eed0e5bf00,Delta_LS_70_30,ARB
9.015,2026-08-14,8.668,e30d405e97285bcc5d7f2494ee2a895b833ac08d063e0234cd7cd3409f88edf1,0.00027026643876460003,2026-08-14,LONG,0.13999999999999999,31857524889,157326c18babf3bfa31bb4ce01c0a2a237a0f930ad98b044985913eed0e5bf00,Delta_LS_70_30,LINK
0.1836,2026-08-14,0.1822,76a5d6d1e8742d91cacf8d969b6f67778f40ebe49022ef0e73517d0c24207a00,0.000236611723798,2026-08-14,LONG,0.13999999999999999,31857524889,157326c18babf3bfa31bb4ce01c0a2a237a0f930ad98b044985913eed0e5bf00,Delta_LS_70_30,ADA
1890.71,2026-08-14,1885.39,8cd93f776971598c5a666cf97992504a8b08a66cf921cb637d2eb5b42b74c0b4,0.0002827957406996,2026-08-14,LONG,0.13999999999999999,31857524889,157326c18babf3bfa31bb4ce01c0a2a237a0f930ad98b044985913eed0e5bf00,Delta_LS_70_30,ETH
0.6618,2026-08-14,0.6769,0e5597289561e2fa303384038684ccf5da4321a9be57dc66e4f3b1ff7bb41b33,0.0001647289324273,2026-08-14,SHORT,-0.06,31857524889,157326c18babf3bfa31bb4ce01c0a2a237a0f930ad98b044985913eed0e5bf00,Delta_LS_70_30,FIL
77.3,2026-08-14,76.23,f349a98187caa28bb401d02cdfc65bab646a80a3a980fa81a944a69545bab7b4,0.0001728432778883,2026-08-14,LONG,0.13999999999999999,31857524889,157326c18babf3bfa31bb4ce01c0a2a237a0f930ad98b044985913eed0e5bf00,Delta_LS_70_30_StopVol,SOL
85.02,2026-08-14,89.25,78c1cb69fe855cf5c4650a00262bbf420a715d36eb732cdec113d87f3b7d9a20,-0.00018126362089369998,2026-08-14,SHORT,-0.06,31857524889,157326c18babf3bfa31bb4ce01c0a2a237a0f930ad98b044985913eed0e5bf00,Delta_LS_70_30_StopVol,AAVE
6.092,2026-08-14,6.393,8f0e5aef6a35a24fa9941d3054fac3887deb91338aeef511b6f30585739e982b,-9.956147236239999e-05,2026-08-14,SHORT,-0.06,31857524889,157326c18babf3bfa31bb4ce01c0a2a237a0f930ad98b044985913eed0e5bf00,Delta_LS_70_30_StopVol,ETC
0.33841,2026-08-14,0.33066,d63ebd13104b84b1d376aa0d2bd332278203903985a0dbc1bd64209cefcebc94,0.0002029064332533,2026-08-14,LONG,0.13999999999999999,31857524889,157326c18babf3bfa31bb4ce01c0a2a237a0f930ad98b044985913eed0e5bf00,Delta_LS_70_30_StopVol,TRX
0.07278,2026-08-14,0.07399,08b0cc35f8b82ed1f2362cd7a9e21e12a45b78382b34a337fc210ea9224331ec,1.971667100899999e-05,2026-08-14,SHORT,-0.06,31857524889,157326c18babf3bfa31bb4ce01c0a2a237a0f930ad98b044985913eed0e5bf00,Delta_LS_70_30_StopVol,ARB
9.015,2026-08-14,8.668,d8042fd26128ad24ab0f590e9d4c3a5c2563dc51d9901e2a98fedc1c948b1261,0.00027026643876460003,2026-08-14,LONG,0.13999999999999999,31857524889,157326c18babf3bfa31bb4ce01c0a2a237a0f930ad98b044985913eed0e5bf00,Delta_LS_70_30_StopVol,LINK
0.1836,2026-08-14,0.1822,a953e3eb30a19e7cbd516ecb85f4c62f35c5e2314078954d4bab74e274d15ba4,0.000236611723798,2026-08-14,LONG,0.13999999999999999,31857524889,157326c18babf3bfa31bb4ce01c0a2a237a0f930ad98b044985913eed0e5bf00,Delta_LS_70_30_StopVol,ADA
1890.71,2026-08-14,1885.39,1dbb7ae4482d0ef542ab6d0e7fe7bab20336de936cdffa9da916ff6d8ac61b3f,0.0002827957406996,2026-08-14,LONG,0.13999999999999999,31857524889,157326c18babf3bfa31bb4ce01c0a2a237a0f930ad98b044985913eed0e5bf00,Delta_LS_70_30_StopVol,ETH
0.6618,2026-08-14,0.6769,abe6cce490a375d9eae739f0f5d067952275df42e6f643d2ddc4c03239ccb7e1,0.0001647289324273,2026-08-14,SHORT,-0.06,31857524889,157326c18babf3bfa31bb4ce01c0a2a237a0f930ad98b044985913eed0e5bf00,Delta_LS_70_30_StopVol,FIL
77.3,2026-08-14,76.23,ea2d62371562098741e58b80b31df278a467e67748319209f03e6ca5efc7868c,0.0001728432778883,2026-08-14,LONG,0.1,31857524889,157326c18babf3bfa31bb4ce01c0a2a237a0f930ad98b044985913eed0e5bf00,Delta_LS_50_50,SOL
85.02,2026-08-14,89.25,28d2cb1b9a95ae3cc5d140ca96d64b212ca3e63a7c456c1107aa4e8cf07a0650,-0.00018126362089369998,2026-08-14,SHORT,-0.1,31857524889,157326c18babf3bfa31bb4ce01c0a2a237a0f930ad98b044985913eed0e5bf00,Delta_LS_50_50,AAVE
6.092,2026-08-14,6.393,a7054fe1d63a128039e437e153140c863a26c8db0190956e8731dd45df9f2908,-9.956147236239999e-05,2026-08-14,SHORT,-0.1,31857524889,157326c18babf3bfa31bb4ce01c0a2a237a0f930ad98b044985913eed0e5bf00,Delta_LS_50_50,ETC
0.33841,2026-08-14,0.33066,758e569c2b43c8e9c2d38608882ebc5123d41784bd3051f3fb75aa54bca7895d,0.0002029064332533,2026-08-14,LONG,0.1,31857524889,157326c18babf3bfa31bb4ce01c0a2a237a0f930ad98b044985913eed0e5bf00,Delta_LS_50_50,TRX
0.07278,2026-08-14,0.07399,45da89bdb129b0773264bdd90b5a676d4f9d25703041d7c2de47ed7fbb9fadc6,1.971667100899999e-05,2026-08-14,SHORT,-0.1,31857524889,157326c18babf3bfa31bb4ce01c0a2a237a0f930ad98b044985913eed0e5bf00,Delta_LS_50_50,ARB
9.015,2026-08-14,8.668,d091a3011f15ea54e7eb57b858cea7d4a253700fb4df4d142c5a8d494e1e7f4e,0.00027026643876460003,2026-08-14,LONG,0.1,31857524889,157326c18babf3bfa31bb4ce01c0a2a237a0f930ad98b044985913eed0e5bf00,Delta_LS_50_50,LINK
0.1836,2026-08-14,0.1822,f41eb4a62424e449869fda5c70456759f807459818d2978939fd52c149b02b14,0.000236611723798,2026-08-14,LONG,0.1,31857524889,157326c18babf3bfa31bb4ce01c0a2a237a0f930ad98b044985913eed0e5bf00,Delta_LS_50_50,ADA
1890.71,2026-08-14,1885.39,dbc8371f878d9b9f6d944f5ba1990c5cbdcb52d4fcf8a36265d7dc41f48f3784,0.0002827957406996,2026-08-14,LONG,0.1,31857524889,157326c18babf3bfa31bb4ce01c0a2a237a0f930ad98b044985913eed0e5bf00,Delta_LS_50_50,ETH
0.6618,2026-08-14,0.6769,70446959d5328d8efb41e44d68deddead3ef4206b2b081ed3b4f2c017dac3276,0.0001647289324273,2026-08-14,SHORT,-0.1,31857524889,157326c18babf3bfa31bb4ce01c0a2a237a0f930ad98b044985913eed0e5bf00,Delta_LS_50_50,FIL
77.3,2026-08-14,76.23,ae2c68361e7b7b2b37ffce747eb8a6bc49fe1fe41ec195746b49544b8eef73a0,0.0001728432778883,2026-08-14,LONG,0.1,31857524889,157326c18babf3bfa31bb4ce01c0a2a237a0f930ad98b044985913eed0e5bf00,Delta_LS_50_50_StopVol,SOL
85.02,2026-08-14,89.25,beb4d07a7e792718fd1531c1fa1fbc3c8d0e5dc78ba5806b29d7b89d26218117,-0.00018126362089369998,2026-08-14,SHORT,-0.1,31857524889,157326c18babf3bfa31bb4ce01c0a2a237a0f930ad98b044985913eed0e5bf00,Delta_LS_50_50_StopVol,AAVE
6.092,2026-08-14,6.393,a9abbc94e6f7af656bd0e339e0fe92878d650d6947e4abaaf14ed62bcb482233,-9.956147236239999e-05,2026-08-14,SHORT,-0.1,31857524889,157326c18babf3bfa31bb4ce01c0a2a237a0f930ad98b044985913eed0e5bf00,Delta_LS_50_50_StopVol,ETC
0.33841,2026-08-14,0.33066,a8e0e509a98235102dbf51995d8db697f8814d80fe0ed16957b46db9e7630d01,0.0002029064332533,2026-08-14,LONG,0.1,31857524889,157326c18babf3bfa31bb4ce01c0a2a237a0f930ad98b044985913eed0e5bf00,Delta_LS_50_50_StopVol,TRX
0.07278,2026-08-14,0.07399,8ef5877b9cdfee321ba6ed2f17461374057a88440e0bc26245a868d2995ce5b5,1.971667100899999e-05,2026-08-14,SHORT,-0.1,31857524889,157326c18babf3bfa31bb4ce01c0a2a237a0f930ad98b044985913eed0e5bf00,Delta_LS_50_50_StopVol,ARB
9.015,2026-08-14,8.668,856778bb70be7d0e5c2ebfcd2020787e0385fa40765a0cc876aa691eba55e8fe,0.00027026643876460003,2026-08-14,LONG,0.1,31857524889,157326c18babf3bfa31bb4ce01c0a2a237a0f930ad98b044985913eed0e5bf00,Delta_LS_50_50_StopVol,LINK
0.1836,2026-08-14,0.1822,73aef8662fa6773e30987ff86644218594e4866331763abd9fe7519e6d2baab9,0.000236611723798,2026-08-14,LONG,0.1,31857524889,157326c18babf3bfa31bb4ce01c0a2a237a0f930ad98b044985913eed0e5bf00,Delta_LS_50_50_StopVol,ADA
1890.71,2026-08-14,1885.39,e5ad1e2adcbf04543898e330230156e7a42a8c2868ce9e1d5ca072da33838e95,0.0002827957406996,2026-08-14,LONG,0.1,31857524889,157326c18babf3bfa31bb4ce01c0a2a237a0f930ad98b044985913eed0e5bf00,Delta_LS_50_50_StopVol,ETH
0.6618,2026-08-14,0.6769,1a61a817959e837a5608fa5424355c2267b44b29afda14f6478721614d027f16,0.0001647289324273,2026-08-14,SHORT,-0.1,31857524889,157326c18babf3bfa31bb4ce01c0a2a237a0f930ad98b044985913eed0e5bf00,Delta_LS_50_50_StopVol,FIL
77.3,2026-08-15,76.23,7816c6e6584bb0a31cd28fa292f5a55946c2ed1a35287d620e52ff223bd5bcc3,-7.59464462601e-05,2026-08-15,LONG,0.13999999999999999,31920701844,d7e20b768615b57989f289328ca808e61fa128f2b03a47faf89fd9a837636f0d,Delta_LS_70_30,SOL
85.02,2026-08-15,89.25,e7d1b5a45e7471a813938b9842f8a073c232c06faa41e82493e56ec51be6764a,-0.00012828646062839998,2026-08-15,SHORT,-0.06,31920701844,d7e20b768615b57989f289328ca808e61fa128f2b03a47faf89fd9a837636f0d,Delta_LS_70_30,AAVE
6.092,2026-08-15,6.393,db207742ffc49286594903fdc278d3538ba2ba627b1b22af89ead53dcba73b95,0.0001514100364685,2026-08-15,SHORT,-0.06,31920701844,d7e20b768615b57989f289328ca808e61fa128f2b03a47faf89fd9a837636f0d,Delta_LS_70_30,ETC
0.33841,2026-08-15,0.33066,f44efb908acb7e788ce0e12f64671a2d6dfe586f731f926ecaddd1be1555d31b,6.325112713899999e-05,2026-08-15,LONG,0.13999999999999999,31920701844,d7e20b768615b57989f289328ca808e61fa128f2b03a47faf89fd9a837636f0d,Delta_LS_70_30,TRX
0.07264,2026-08-15,0.07399,f1104a9607ffe24878ff7a93c8aa5c5d4c676c3bf6d914afd71628b6d45ce801,-6.955233432790001e-05,2026-08-15,SHORT,-0.06,31920701844,d7e20b768615b57989f289328ca808e61fa128f2b03a47faf89fd9a837636f0d,Delta_LS_70_30,ARB
9.745,2026-08-15,8.668,013d6e90cfc2adc1120a47e038a3b9ae96d4511fac15d9e334a4cc6f38f515ee,0.00030000000000000003,2026-08-15,LONG,0.13999999999999999,31920701844,d7e20b768615b57989f289328ca808e61fa128f2b03a47faf89fd9a837636f0d,Delta_LS_70_30,LINK
0.1836,2026-08-15,0.1822,482c9feadbda784661530b3627b9c70d37d1ca56274d10904da0bf0a1bac67cc,2.1524345599e-05,2026-08-15,LONG,0.13999999999999999,31920701844,d7e20b768615b57989f289328ca808e61fa128f2b03a47faf89fd9a837636f0d,Delta_LS_70_30,ADA
1890.71,2026-08-15,1885.39,d647639eb1e0dabf3453374c87f294dce4596541960658f36c369e6e988c8414,0.00014255270391590002,2026-08-15,LONG,0.13999999999999999,31920701844,d7e20b768615b57989f289328ca808e61fa128f2b03a47faf89fd9a837636f0d,Delta_LS_70_30,ETH
77.3,2026-08-15,76.23,fc0a50d982fe398490d205c4c84900faaeedb6a7c5ac186f738878873d0475b6,-7.59464462601e-05,2026-08-15,LONG,0.13999999999999999,31920701844,d7e20b768615b57989f289328ca808e61fa128f2b03a47faf89fd9a837636f0d,Delta_LS_70_30_StopVol,SOL
85.02,2026-08-15,89.25,6b1a2a22a1e764afa3c3e2737aa938d139c9352e4371d04b2ea867679e56a532,-0.00012828646062839998,2026-08-15,SHORT,-0.06,31920701844,d7e20b768615b57989f289328ca808e61fa128f2b03a47faf89fd9a837636f0d,Delta_LS_70_30_StopVol,AAVE
6.092,2026-08-15,6.393,1176f9d1e51abf975695c86764f446a44f444ddb73c655bd6ef9c1ae5b485800,0.0001514100364685,2026-08-15,SHORT,-0.06,31920701844,d7e20b768615b57989f289328ca808e61fa128f2b03a47faf89fd9a837636f0d,Delta_LS_70_30_StopVol,ETC
0.33841,2026-08-15,0.33066,8496ff5d863dde1c959ed8fc7ae63f6d9f6dfdb40e3c7460e00ca7f7e3041b49,6.325112713899999e-05,2026-08-15,LONG,0.13999999999999999,31920701844,d7e20b768615b57989f289328ca808e61fa128f2b03a47faf89fd9a837636f0d,Delta_LS_70_30_StopVol,TRX
0.07264,2026-08-15,0.07399,a9315250b127e9b9a61fcafef7e1ee2e47bf6a43f43ee04670ec9e0635bf4e28,-6.955233432790001e-05,2026-08-15,SHORT,-0.06,31920701844,d7e20b768615b57989f289328ca808e61fa128f2b03a47faf89fd9a837636f0d,Delta_LS_70_30_StopVol,ARB
9.745,2026-08-15,8.668,7459b68c887944baef7911f56ede3e4b0cdf5460fae06e99cabc7dd19ec9a83e,0.00030000000000000003,2026-08-15,LONG,0.13999999999999999,31920701844,d7e20b768615b57989f289328ca808e61fa128f2b03a47faf89fd9a837636f0d,Delta_LS_70_30_StopVol,LINK
0.1836,2026-08-15,0.1822,c0def3bdf31de8b73498ff3976308d7ee92e7803918c323289b8730e8a3ab57d,2.1524345599e-05,2026-08-15,LONG,0.13999999999999999,31920701844,d7e20b768615b57989f289328ca808e61fa128f2b03a47faf89fd9a837636f0d,Delta_LS_70_30_StopVol,ADA
1890.71,2026-08-15,1885.39,094c1287e9914898e650b0033d33eb25b50c0eff43586ea357afcd5d2fc66499,0.00014255270391590002,2026-08-15,LONG,0.13999999999999999,31920701844,d7e20b768615b57989f289328ca808e61fa128f2b03a47faf89fd9a837636f0d,Delta_LS_70_30_StopVol,ETH
77.3,2026-08-15,76.23,c76ad5b1795c1140a78e50f3f666a4d3c0a3eb78c9e5535ccb6db93d53ded6b4,-7.59464462601e-05,2026-08-15,LONG,0.1,31920701844,d7e20b768615b57989f289328ca808e61fa128f2b03a47faf89fd9a837636f0d,Delta_LS_50_50,SOL
85.02,2026-08-15,89.25,f90fc7d3d50ae18527be10967b73da7870b5be2a58640f4a8e12267885016a96,-0.00012828646062839998,2026-08-15,SHORT,-0.1,31920701844,d7e20b768615b57989f289328ca808e61fa128f2b03a47faf89fd9a837636f0d,Delta_LS_50_50,AAVE
6.092,2026-08-15,6.393,5ce14289a29ab242ed3541999e16d7e272d2ad36b0a35cc48a7bce23fad47f6b,0.0001514100364685,2026-08-15,SHORT,-0.1,31920701844,d7e20b768615b57989f289328ca808e61fa128f2b03a47faf89fd9a837636f0d,Delta_LS_50_50,ETC
0.33841,2026-08-15,0.33066,d6b1fdf1a655dc156e4975af714798d71876c87589277695da85d5f35b4b3f3c,6.325112713899999e-05,2026-08-15,LONG,0.1,31920701844,d7e20b768615b57989f289328ca808e61fa128f2b03a47faf89fd9a837636f0d,Delta_LS_50_50,TRX
0.07264,2026-08-15,0.07399,9eb51984cd045679152259f83b88a24b7fbf9faff01a14509b2fb25dc19f7b9c,-6.955233432790001e-05,2026-08-15,SHORT,-0.1,31920701844,d7e20b768615b57989f289328ca808e61fa128f2b03a47faf89fd9a837636f0d,Delta_LS_50_50,ARB
9.745,2026-08-15,8.668,2a970ca7abcb35b3c4511874ca11cc740a8d8afd9af23632ea3a430bc6cd07ff,0.00030000000000000003,2026-08-15,LONG,0.1,31920701844,d7e20b768615b57989f289328ca808e61fa128f2b03a47faf89fd9a837636f0d,Delta_LS_50_50,LINK
0.1836,2026-08-15,0.1822,2477ffbf811dee1879b03b36a044c3c41c2e6b3def9bb002a22de8bfce98b9f3,2.1524345599e-05,2026-08-15,LONG,0.1,31920701844,d7e20b768615b57989f289328ca808e61fa128f2b03a47faf89fd9a837636f0d,Delta_LS_50_50,ADA
1890.71,2026-08-15,1885.39,80d9406990dfd9203b3606e4660082e2aefe6012e065f963bdbdf275f5f14c0c,0.00014255270391590002,2026-08-15,LONG,0.1,31920701844,d7e20b768615b57989f289328ca808e61fa128f2b03a47faf89fd9a837636f0d,Delta_LS_50_50,ETH
77.3,2026-08-15,76.23,ffbc39e9ceb1a983daa579aae3389601a20e8007973abeb0038ee64ed1b84fed,-7.59464462601e-05,2026-08-15,LONG,0.1,31920701844,d7e20b768615b57989f289328ca808e61fa128f2b03a47faf89fd9a837636f0d,Delta_LS_50_50_StopVol,SOL
85.02,2026-08-15,89.25,779e8a3723ba17a46b4aa640395fc793bca0c4a679820030bfa29669f4f3cae1,-0.00012828646062839998,2026-08-15,SHORT,-0.1,31920701844,d7e20b768615b57989f289328ca808e61fa128f2b03a47faf89fd9a837636f0d,Delta_LS_50_50_StopVol,AAVE
6.092,2026-08-15,6.393,7b0c1e85c23a6e54b407f4f53a0dc341980788a3a385e3e2772c9284248c47db,0.0001514100364685,2026-08-15,SHORT,-0.1,31920701844,d7e20b768615b57989f289328ca808e61fa128f2b03a47faf89fd9a837636f0d,Delta_LS_50_50_StopVol,ETC
0.33841,2026-08-15,0.33066,7fab141f9a08de663f24123baa86814af100e15009eb1581cdfff67f701ae294,6.325112713899999e-05,2026-08-15,LONG,0.1,31920701844,d7e20b768615b57989f289328ca808e61fa128f2b03a47faf89fd9a837636f0d,Delta_LS_50_50_StopVol,TRX
0.07264,2026-08-15,0.07399,df3d9c14a06e0bf03bf8fc4fbc239d9fc421dd3067dfdcaeaa9a1a70738f4d7b,-6.955233432790001e-05,2026-08-15,SHORT,-0.1,31920701844,d7e20b768615b57989f289328ca808e61fa128f2b03a47faf89fd9a837636f0d,Delta_LS_50_50_StopVol,ARB
9.745,2026-08-15,8.668,2996dbc71980621999b686cbf8f5ce4bfb07eca41d3b26bbd051b0c49b4af8d4,0.00030000000000000003,2026-08-15,LONG,0.1,31920701844,d7e20b768615b57989f289328ca808e61fa128f2b03a47faf89fd9a837636f0d,Delta_LS_50_50_StopVol,LINK
0.1836,2026-08-15,0.1822,9f37afe6a7028ea24d46bafd271267727246587c5b51a183c9521f89bde94a84,2.1524345599e-05,2026-08-15,LONG,0.1,31920701844,d7e20b768615b57989f289328ca808e61fa128f2b03a47faf89fd9a837636f0d,Delta_LS_50_50_StopVol,ADA
1890.71,2026-08-15,1885.39,4548f2e949ef7e50512c45a671ee48df0a5350f52e3f40a5dc481d74ca84f904,0.00014255270391590002,2026-08-15,LONG,0.1,31920701844,d7e20b768615b57989f289328ca808e61fa128f2b03a47faf89fd9a837636f0d,Delta_LS_50_50_StopVol,ETH
0.33841,2026-08-16,0.33066,30dd56a5292fbda89ecf19956fe67e1a35b04001485719f789bb6000df2bd929,3.17343682763e-05,2026-08-16,LONG,0.13999999999999999,32024828624,f0a0a47b10777b04e721a1304130a592d916eb755016b06f032f2bc3503c417b,Delta_LS_70_30,TRX
0.07209,2026-08-16,0.07399,73eae89385012b3086a807ef31aaff9364f6134b3168184655b45db4b6dcd0c2,8.875992113680001e-05,2026-08-16,SHORT,-0.06,32024828624,f0a0a47b10777b04e721a1304130a592d916eb755016b06f032f2bc3503c417b,Delta_LS_70_30,ARB
1891.9,2026-08-16,1885.39,60e836cce8449bb83e67b82505b13a22b8cfb78476ecbb321a8d993b4d3dc2a7,0.0001865478168312,2026-08-16,LONG,0.13999999999999999,32024828624,f0a0a47b10777b04e721a1304130a592d916eb755016b06f032f2bc3503c417b,Delta_LS_70_30,ETH
0.5122,2026-08-16,0.5368,b9ff9858d8fb1b68a740e1ea105a1cb085f4b0db8fc2cce60049bb26b5a7b672,0.00012430880538670002,2026-08-16,SHORT,-0.06,32024828624,f0a0a47b10777b04e721a1304130a592d916eb755016b06f032f2bc3503c417b,Delta_LS_70_30,APT
0.33841,2026-08-16,0.33066,1bb1638e210629132367e16fbe2bf9802a680e0916211d5e764a3ef2f6b6c963,3.17343682763e-05,2026-08-16,LONG,0.13999999999999999,32024828624,f0a0a47b10777b04e721a1304130a592d916eb755016b06f032f2bc3503c417b,Delta_LS_70_30_StopVol,TRX
0.07209,2026-08-16,0.07399,12852165b4181bd069c699f34c4ba132752471944075501f9b526a626ce3c77a,8.875992113680001e-05,2026-08-16,SHORT,-0.06,32024828624,f0a0a47b10777b04e721a1304130a592d916eb755016b06f032f2bc3503c417b,Delta_LS_70_30_StopVol,ARB
1891.9,2026-08-16,1885.39,8fa003349897b7e59d56e5084d1b8a8e9cad51e118c996ffa0aa0a6c075770a6,0.0001865478168312,2026-08-16,LONG,0.13999999999999999,32024828624,f0a0a47b10777b04e721a1304130a592d916eb755016b06f032f2bc3503c417b,Delta_LS_70_30_StopVol,ETH
0.5122,2026-08-16,0.5368,6edfe2dbe84690b4abf99fc69668f4b222738b97974091bff5d964be6dd3e5bc,0.00012430880538670002,2026-08-16,SHORT,-0.06,32024828624,f0a0a47b10777b04e721a1304130a592d916eb755016b06f032f2bc3503c417b,Delta_LS_70_30_StopVol,APT
0.33841,2026-08-16,0.33066,c2e295a19d83ca4d1b13f3705ff5cb60900b58cf70641bbe0f52f1dbac59beb1,3.17343682763e-05,2026-08-16,LONG,0.1,32024828624,f0a0a47b10777b04e721a1304130a592d916eb755016b06f032f2bc3503c417b,Delta_LS_50_50,TRX
0.07209,2026-08-16,0.07399,add0b6a8636ba12f28df06ff12abdcca94ae6bec4544d684f5dd70b600c99fa2,8.875992113680001e-05,2026-08-16,SHORT,-0.1,32024828624,f0a0a47b10777b04e721a1304130a592d916eb755016b06f032f2bc3503c417b,Delta_LS_50_50,ARB
1891.9,2026-08-16,1885.39,e2d333fbf1c0f74ad0c841d288e607e658967132d855f4cb3441dcdaf4341477,0.0001865478168312,2026-08-16,LONG,0.1,32024828624,f0a0a47b10777b04e721a1304130a592d916eb755016b06f032f2bc3503c417b,Delta_LS_50_50,ETH
0.5122,2026-08-16,0.5368,19237950dbd6407182bb456848adbe20692dedbf8c41c563ef9f75c30ce1bbbf,0.00012430880538670002,2026-08-16,SHORT,-0.1,32024828624,f0a0a47b10777b04e721a1304130a592d916eb755016b06f032f2bc3503c417b,Delta_LS_50_50,APT
0.33841,2026-08-16,0.33066,dc88ce7471bf6b5366f1821eea2ab3b812b96afa8c1f200f5a22c60b7f2d5ff1,3.17343682763e-05,2026-08-16,LONG,0.1,32024828624,f0a0a47b10777b04e721a1304130a592d916eb755016b06f032f2bc3503c417b,Delta_LS_50_50_StopVol,TRX
0.07209,2026-08-16,0.07399,02e63fb4ac9f3f4020169b9826ab84eab8f1ce030d0e24feee59b6d2844d1fe5,8.875992113680001e-05,2026-08-16,SHORT,-0.1,32024828624,f0a0a47b10777b04e721a1304130a592d916eb755016b06f032f2bc3503c417b,Delta_LS_50_50_StopVol,ARB
1891.9,2026-08-16,1885.39,89e3c2b865df45950fb41869adfe0bc4039a81b5e658f70a95ba28247f1f2afe,0.0001865478168312,2026-08-16,LONG,0.1,32024828624,f0a0a47b10777b04e721a1304130a592d916eb755016b06f032f2bc3503c417b,Delta_LS_50_50_StopVol,ETH
0.5122,2026-08-16,0.5368,cfb68045ef3cf3675661149a498bac436c860c0bb0cc9548d09e7f9878b3bd36,0.00012430880538670002,2026-08-16,SHORT,-0.1,32024828624,f0a0a47b10777b04e721a1304130a592d916eb755016b06f032f2bc3503c417b,Delta_LS_50_50_StopVol,APT
0.33841,2026-08-17,0.33066,df29653b18a145d420fe133d67bab47c4e741a606caf19a0dc250a6aa05c572b,-7.58671529138e-05,2026-08-17,LONG,0.13999999999999999,32089595142,c2b41c5ed31ded4ab413ec5a82021b1b6be144172ca2160a3df5abc952fcf2b6,Delta_LS_70_30,TRX
1917.99,2026-08-17,1885.39,4a50ad646bdbbe5d2327990dc0a494e38236966bb44c46a52f0d32ad54bf75f7,0.00012509698212779998,2026-08-17,LONG,0.13999999999999999,32089595142,c2b41c5ed31ded4ab413ec5a82021b1b6be144172ca2160a3df5abc952fcf2b6,Delta_LS_70_30,ETH
64591.0,2026-08-17,62878.7,e9eee39e38fcac991fcd9290687012cf804fe16814db7e87e0f75c8f114cae7a,0.0001559093352783,2026-08-17,LONG,0.13999999999999999,32089595142,c2b41c5ed31ded4ab413ec5a82021b1b6be144172ca2160a3df5abc952fcf2b6,Delta_LS_70_30,BTC
1.598,2026-08-17,1.602,46ce890ffa2fccfd46a4950499e919357f5edeb571bb333d671974e8f182b458,0.00010922846343850001,2026-08-17,SHORT,-0.06,32089595142,c2b41c5ed31ded4ab413ec5a82021b1b6be144172ca2160a3df5abc952fcf2b6,Delta_LS_70_30,NEAR
0.33841,2026-08-17,0.33066,33b07f733b07bb27b950c8641a18aa732df378ab0a4b0412e3233eacd81a4760,-7.58671529138e-05,2026-08-17,LONG,0.13999999999999999,32089595142,c2b41c5ed31ded4ab413ec5a82021b1b6be144172ca2160a3df5abc952fcf2b6,Delta_LS_70_30_StopVol,TRX
1917.99,2026-08-17,1885.39,0185a3a15eed97322048935b07550e41bb2a79644695a968497bd5e2ae8a6fd8,0.00012509698212779998,2026-08-17,LONG,0.13999999999999999,32089595142,c2b41c5ed31ded4ab413ec5a82021b1b6be144172ca2160a3df5abc952fcf2b6,Delta_LS_70_30_StopVol,ETH
64591.0,2026-08-17,62878.7,1fe608edc7416c4038a3d22c4a2d20128202b3c540c690e141e29f2b5ddad05b,0.0001559093352783,2026-08-17,LONG,0.13999999999999999,32089595142,c2b41c5ed31ded4ab413ec5a82021b1b6be144172ca2160a3df5abc952fcf2b6,Delta_LS_70_30_StopVol,BTC
1.598,2026-08-17,1.602,bee1f92cf65c597fff3945264d884129977150ae8ddfecb4b7b5d00ed193a618,0.00010922846343850001,2026-08-17,SHORT,-0.06,32089595142,c2b41c5ed31ded4ab413ec5a82021b1b6be144172ca2160a3df5abc952fcf2b6,Delta_LS_70_30_StopVol,NEAR
0.33841,2026-08-17,0.33066,07fa9821607fef35134abbf292962ef94db64fccb9769191bca752ab096eaf34,-7.58671529138e-05,2026-08-17,LONG,0.1,32089595142,c2b41c5ed31ded4ab413ec5a82021b1b6be144172ca2160a3df5abc952fcf2b6,Delta_LS_50_50,TRX
1917.99,2026-08-17,1885.39,4acad2fbd34d59e2eae9657236f4547e1b05030264a2d9bf79974394bb8dff55,0.00012509698212779998,2026-08-17,LONG,0.1,32089595142,c2b41c5ed31ded4ab413ec5a82021b1b6be144172ca2160a3df5abc952fcf2b6,Delta_LS_50_50,ETH
64591.0,2026-08-17,62878.7,07f796396539c5d5b8267393ee0f3ad680aa6cf7c1e3cde96da5230f45060cbb,0.0001559093352783,2026-08-17,LONG,0.1,32089595142,c2b41c5ed31ded4ab413ec5a82021b1b6be144172ca2160a3df5abc952fcf2b6,Delta_LS_50_50,BTC
1.598,2026-08-17,1.602,a003aee16d41c6e61d0c8e6181b68441c2a8ccc6588a207b918f3acceca63a71,0.00010922846343850001,2026-08-17,SHORT,-0.1,32089595142,c2b41c5ed31ded4ab413ec5a82021b1b6be144172ca2160a3df5abc952fcf2b6,Delta_LS_50_50,NEAR
0.33841,2026-08-17,0.33066,397a396dedd02df7442f5358bccec19b96d82604cd8eb572679fd72903cfede7,-7.58671529138e-05,2026-08-17,LONG,0.1,32089595142,c2b41c5ed31ded4ab413ec5a82021b1b6be144172ca2160a3df5abc952fcf2b6,Delta_LS_50_50_StopVol,TRX
1917.99,2026-08-17,1885.39,ae1fa98d21a51d2f93eff31ff8310cc6ad0196d783f5af68376a36d0a703d72a,0.00012509698212779998,2026-08-17,LONG,0.1,32089595142,c2b41c5ed31ded4ab413ec5a82021b1b6be144172ca2160a3df5abc952fcf2b6,Delta_LS_50_50_StopVol,ETH
64591.0,2026-08-17,62878.7,4c780a21f02494255570dd4c473a5e497e9338b01e7d7d626ffccd237018141c,0.0001559093352783,2026-08-17,LONG,0.1,32089595142,c2b41c5ed31ded4ab413ec5a82021b1b6be144172ca2160a3df5abc952fcf2b6,Delta_LS_50_50_StopVol,BTC
1.598,2026-08-17,1.602,3fd9008c43a3fce9a59b8f845aa71ad6b2e897fc90f438c4cf39f570a0771c99,0.00010922846343850001,2026-08-17,SHORT,-0.1,32089595142,c2b41c5ed31ded4ab413ec5a82021b1b6be144172ca2160a3df5abc952fcf2b6,Delta_LS_50_50_StopVol,NEAR
0.33841,2026-08-18,0.33066,63c026602a96f728127757ce8960f119bcad7092f65b81a654df9e1ec271b510,-0.00017843458402610002,2026-08-18,LONG,0.13999999999999999,32206461867,9163dc5bcc123e5cf1f44c518f48e3f78636f087412b6a5fb949dbb05ad0e856,Delta_LS_70_30,TRX
1922.25,2026-08-18,1885.39,85830a94c16b2de316f6a3748d3e8a2f9ea2bf3e1a361063d20a3453f135a653,5.72906918614e-05,2026-08-18,LONG,0.13999999999999999,32206461867,9163dc5bcc123e5cf1f44c518f48e3f78636f087412b6a5fb949dbb05ad0e856,Delta_LS_70_30,ETH
65036.9,2026-08-18,62878.7,e643f4aa80604690c3c9f28de8d9173c415fe9fda3444c76caed3b366f672e53,5.4620473767e-05,2026-08-18,LONG,0.13999999999999999,32206461867,9163dc5bcc123e5cf1f44c518f48e3f78636f087412b6a5fb949dbb05ad0e856,Delta_LS_70_30,BTC
0.607,2026-08-18,0.6722,b2ab50bebbb286d1c94f95e12813ee73c4a04c2544fe4bcd5f99895fb6f1e7c0,-0.0001685487641391,2026-08-18,SHORT,-0.06,32206461867,9163dc5bcc123e5cf1f44c518f48e3f78636f087412b6a5fb949dbb05ad0e856,Delta_LS_70_30,FIL
0.33841,2026-08-18,0.33066,1bef6ca99aade60e9b728e7bb43639501ed1e6008965928cf494a334e81114ef,-0.00017843458402610002,2026-08-18,LONG,0.13999999999999999,32206461867,9163dc5bcc123e5cf1f44c518f48e3f78636f087412b6a5fb949dbb05ad0e856,Delta_LS_70_30_StopVol,TRX
1922.25,2026-08-18,1885.39,b43c014b62e5f478ca82348a26a7a62065d1ad8e25d933925826e34461d8927f,5.72906918614e-05,2026-08-18,LONG,0.13999999999999999,32206461867,9163dc5bcc123e5cf1f44c518f48e3f78636f087412b6a5fb949dbb05ad0e856,Delta_LS_70_30_StopVol,ETH
65036.9,2026-08-18,62878.7,3047bcb52e133740a2de195faaad5b4e7e2996f494b4b1761236f04f1cd5c5af,5.4620473767e-05,2026-08-18,LONG,0.13999999999999999,32206461867,9163dc5bcc123e5cf1f44c518f48e3f78636f087412b6a5fb949dbb05ad0e856,Delta_LS_70_30_StopVol,BTC
0.607,2026-08-18,0.6722,e968b22f6d88d0367fe60659f5029a177db94f50dfca70a7057a7e0422ccf186,-0.0001685487641391,2026-08-18,SHORT,-0.06,32206461867,9163dc5bcc123e5cf1f44c518f48e3f78636f087412b6a5fb949dbb05ad0e856,Delta_LS_70_30_StopVol,FIL
0.33841,2026-08-18,0.33066,fcfa9f006209136e87e07c4c1a53f23c7bac2ab12e9969861eafadf49176d881,-0.00017843458402610002,2026-08-18,LONG,0.1,32206461867,9163dc5bcc123e5cf1f44c518f48e3f78636f087412b6a5fb949dbb05ad0e856,Delta_LS_50_50,TRX
1922.25,2026-08-18,1885.39,02539ea997476bb7fd80e48659eb9e779cc0935aa90d84e473b143657ef279ba,5.72906918614e-05,2026-08-18,LONG,0.1,32206461867,9163dc5bcc123e5cf1f44c518f48e3f78636f087412b6a5fb949dbb05ad0e856,Delta_LS_50_50,ETH
65036.9,2026-08-18,62878.7,3f15b3c3c4e67f71d6cff8d458da6de4b049c886052848df4b28e89b1365f2df,5.4620473767e-05,2026-08-18,LONG,0.1,32206461867,9163dc5bcc123e5cf1f44c518f48e3f78636f087412b6a5fb949dbb05ad0e856,Delta_LS_50_50,BTC
0.607,2026-08-18,0.6722,7eedbd494f5370eb099fa434d3617162fcd7d2753662513fc5a57216f904662f,-0.0001685487641391,2026-08-18,SHORT,-0.1,32206461867,9163dc5bcc123e5cf1f44c518f48e3f78636f087412b6a5fb949dbb05ad0e856,Delta_LS_50_50,FIL
0.33841,2026-08-18,0.33066,ff4e0ed261ba5622af807d4f88356bafff350a6ea5d21795376802a2f215d8c2,-0.00017843458402610002,2026-08-18,LONG,0.1,32206461867,9163dc5bcc123e5cf1f44c518f48e3f78636f087412b6a5fb949dbb05ad0e856,Delta_LS_50_50_StopVol,TRX
1922.25,2026-08-18,1885.39,feeb8fcd4dc7c33691c390daa2bfeea8e6efb5f665e53b7568f2f623fdd387e2,5.72906918614e-05,2026-08-18,LONG,0.1,32206461867,9163dc5bcc123e5cf1f44c518f48e3f78636f087412b6a5fb949dbb05ad0e856,Delta_LS_50_50_StopVol,ETH
65036.9,2026-08-18,62878.7,f1f4baca9cc66f6792d08fde3143b42b9166057f0c051c4f6c06300ac6600de2,5.4620473767e-05,2026-08-18,LONG,0.1,32206461867,9163dc5bcc123e5cf1f44c518f48e3f78636f087412b6a5fb949dbb05ad0e856,Delta_LS_50_50_StopVol,BTC
0.607,2026-08-18,0.6722,a3a5f26525c75166670d9e06730b06de8643566c2ef79bb9321c4634615cb952,-0.0001685487641391,2026-08-18,SHORT,-0.1,32206461867,9163dc5bcc123e5cf1f44c518f48e3f78636f087412b6a5fb949dbb05ad0e856,Delta_LS_50_50_StopVol,FIL
0.33841,2026-08-19,0.33066,a589fd7514cc13c70ef9b5e63b2bf4a9b484d41e55afc9c371c3b315792cc8ff,-0.00019194962720209998,2026-08-19,LONG,0.13999999999999999,32322475337,d625b772ab099386fc2f5386fe6aadb8276ecef4e4ec5e08fce335afdd493005,Delta_LS_70_30,TRX
70099.2,2026-08-19,62878.7,f89e4a9714425bbf390d41691e35519c0a614ecae841fb88566c9a33f1e56ea5,0.0002017498800372,2026-08-19,LONG,0.13999999999999999,32322475337,d625b772ab099386fc2f5386fe6aadb8276ecef4e4ec5e08fce335afdd493005,Delta_LS_70_30,BTC
0.33841,2026-08-19,0.33066,1d009dcfe7b722920402a219ca852dd782b634e6fa32c62234d39d277f24ef73,-0.00019194962720209998,2026-08-19,LONG,0.13999999999999999,32322475337,d625b772ab099386fc2f5386fe6aadb8276ecef4e4ec5e08fce335afdd493005,Delta_LS_70_30_StopVol,TRX
70099.2,2026-08-19,62878.7,a581db33bf692790436be430bf88d10dc096275f8cc6ab42b1ceea7c8e800bd1,0.0002017498800372,2026-08-19,LONG,0.13999999999999999,32322475337,d625b772ab099386fc2f5386fe6aadb8276ecef4e4ec5e08fce335afdd493005,Delta_LS_70_30_StopVol,BTC
0.33841,2026-08-19,0.33066,1bb72de1140d9531a92ee1b615f455bebf0e3237b7f9e2acac5349a5e2c03431,-0.00019194962720209998,2026-08-19,LONG,0.1,32322475337,d625b772ab099386fc2f5386fe6aadb8276ecef4e4ec5e08fce335afdd493005,Delta_LS_50_50,TRX
70099.2,2026-08-19,62878.7,050c6a3b6d0f09be0930740c1bfa5ea172bccc61b92d93996ddd6f121bb859c9,0.0002017498800372,2026-08-19,LONG,0.1,32322475337,d625b772ab099386fc2f5386fe6aadb8276ecef4e4ec5e08fce335afdd493005,Delta_LS_50_50,BTC
0.33841,2026-08-19,0.33066,9eff0bd208f9f56df21edcb916fb12a62b353566f0018051cd320f2fdb74c6ed,-0.00019194962720209998,2026-08-19,LONG,0.1,32322475337,d625b772ab099386fc2f5386fe6aadb8276ecef4e4ec5e08fce335afdd493005,Delta_LS_50_50_StopVol,TRX
70099.2,2026-08-19,62878.7,d3e1b32c0c912720df02b2c308c961a0e4632ad2609404b79d359adb399d410d,0.0002017498800372,2026-08-19,LONG,0.1,32322475337,d625b772ab099386fc2f5386fe6aadb8276ecef4e4ec5e08fce335afdd493005,Delta_LS_50_50_StopVol,BTC
0.5538,2026-08-20,0.5621,c3f5e0c0e227a08873a5e929ac03533bc527036d820bfef0d9ae6c89f02298ff,0.00030000000000000003,2026-08-20,SHORT,-0.06,32438055428,e1e7801f0543c3b7c409939bdddf276557487a5c79eab9b575fcad02cab6e820,Delta_LS_70_30,APT
1.702,2026-08-20,1.732,fba8da24df8352a265e289a3b1db79abe5eb84afea615f5437391c3b24ea8cc3,0.00030000000000000003,2026-08-20,SHORT,-0.06,32438055428,e1e7801f0543c3b7c409939bdddf276557487a5c79eab9b575fcad02cab6e820,Delta_LS_70_30,NEAR
0.5538,2026-08-20,0.5621,ca697ee329cc4b852f42373a6b0caa8c82f3d3e31767ef4939d7f9e3202969e3,0.00030000000000000003,2026-08-20,SHORT,-0.06,32438055428,e1e7801f0543c3b7c409939bdddf276557487a5c79eab9b575fcad02cab6e820,Delta_LS_70_30_StopVol,APT
1.702,2026-08-20,1.732,6d39949449d99b8026411d25ae06f7393bb2eed23792bdc483f22f7fbc5c6170,0.00030000000000000003,2026-08-20,SHORT,-0.06,32438055428,e1e7801f0543c3b7c409939bdddf276557487a5c79eab9b575fcad02cab6e820,Delta_LS_70_30_StopVol,NEAR
0.5538,2026-08-20,0.5621,a4bc02e167d138166928de285220cc9a9bfd0c7d24140125d314dee01a549c4a,0.00030000000000000003,2026-08-20,SHORT,-0.1,32438055428,e1e7801f0543c3b7c409939bdddf276557487a5c79eab9b575fcad02cab6e820,Delta_LS_50_50,APT
1.702,2026-08-20,1.732,749e9f1ec7178bdc120cd02d1f3ad710e6fed4ec4b6fc5684f95446dbcc1f668,0.00030000000000000003,2026-08-20,SHORT,-0.1,32438055428,e1e7801f0543c3b7c409939bdddf276557487a5c79eab9b575fcad02cab6e820,Delta_LS_50_50,NEAR
0.5538,2026-08-20,0.5621,77ee5307d9334a698e6a617bb480eddd63508377e5b72f026bed2d6bc8a8c1c4,0.00030000000000000003,2026-08-20,SHORT,-0.1,32438055428,e1e7801f0543c3b7c409939bdddf276557487a5c79eab9b575fcad02cab6e820,Delta_LS_50_50_StopVol,APT
1.702,2026-08-20,1.732,ce2332367efd238cd9d649f7eb5f995357253dfa7b6571305459ae61fec689f4,0.00030000000000000003,2026-08-20,SHORT,-0.1,32438055428,e1e7801f0543c3b7c409939bdddf276557487a5c79eab9b575fcad02cab6e820,Delta_LS_50_50_StopVol,NEAR
2529.77,2026-08-22,2515.91,696b2ef721f61ed7eeda6c36c649b469ba20e9823916d13e2af26e543f059520,0.00030000000000000003,2026-08-22,LONG,0.13999999999999999,32611665323,db6f5d899f65af331862ea8df713da8c9d101e943ea9f4c3f5bc9ca8a9bda2a9,Delta_LS_70_30,ETH
1.701,2026-08-22,1.4541,717d3475a5366e251a0fb31fa3bf25166b36c61b8b3cc1f5dce20e49405e05f7,0.00030000000000000003,2026-08-22,LONG,0.13999999999999999,32611665323,db6f5d899f65af331862ea8df713da8c9d101e943ea9f4c3f5bc9ca8a9bda2a9,Delta_LS_70_30,XRP
2529.77,2026-08-22,2515.91,4ea379396a8bb46c0a03d2902de6c9e10679c8f6dae927c0defa0ef475b269cc,0.00030000000000000003,2026-08-22,LONG,0.13999999999999999,32611665323,db6f5d899f65af331862ea8df713da8c9d101e943ea9f4c3f5bc9ca8a9bda2a9,Delta_LS_70_30_StopVol,ETH
1.701,2026-08-22,1.4541,fa78b06a9ba3a7d74a81f74a8faccf7cce836b86ee88a6ec22f2ffc24dd1fbe5,0.00030000000000000003,2026-08-22,LONG,0.12502288174756562,32611665323,db6f5d899f65af331862ea8df713da8c9d101e943ea9f4c3f5bc9ca8a9bda2a9,Delta_LS_70_30_StopVol,XRP
2529.77,2026-08-22,2515.91,4d03e52868c7987ece88b42317ba4f729c536a073696f7a460aa3059cc4105c2,0.00030000000000000003,2026-08-22,LONG,0.1,32611665323,db6f5d899f65af331862ea8df713da8c9d101e943ea9f4c3f5bc9ca8a9bda2a9,Delta_LS_50_50,ETH
1.701,2026-08-22,1.4541,55e92e4286a8e03784a4b95f20c447986844c554f527e5ad70fba7cf8cfd171c,0.00030000000000000003,2026-08-22,LONG,0.1,32611665323,db6f5d899f65af331862ea8df713da8c9d101e943ea9f4c3f5bc9ca8a9bda2a9,Delta_LS_50_50,XRP
2529.77,2026-08-22,2515.91,c1ceef957f961c4da3806effb3c725f6b51ba65f9ae2bf45ba92cf48e9bf2488,0.00030000000000000003,2026-08-22,LONG,0.1,32611665323,db6f5d899f65af331862ea8df713da8c9d101e943ea9f4c3f5bc9ca8a9bda2a9,Delta_LS_50_50_StopVol,ETH
1.701,2026-08-22,1.4541,48acf9edb1c7aac19f2cf2662c8ed19f220706b30c76e891eab9174e46440df0,0.00030000000000000003,2026-08-22,LONG,0.08930205839111832,32611665323,db6f5d899f65af331862ea8df713da8c9d101e943ea9f4c3f5bc9ca8a9bda2a9,Delta_LS_50_50_StopVol,XRP
145.41,2026-08-23,126.48,043c39a030b53381fa205f7a896a3c7685398232153a42d05c67bfdf37c58e6a,0.00030000000000000003,2026-08-23,LONG,0.13999999999999999,32681408963,2340ce5d77049c6d4030ae46c4b7cd7841e4a8a7680e4b0716215f437bbc3913,Delta_LS_70_30,AAVE
0.34156,2026-08-23,0.34428,b0e6a2403adc3a6e7404530db32c7938fb96b38f1b67af3ad31d3c09f4d5e323,0.00030000000000000003,2026-08-23,SHORT,-0.06,32681408963,2340ce5d77049c6d4030ae46c4b7cd7841e4a8a7680e4b0716215f437bbc3913,Delta_LS_70_30,TRX
145.41,2026-08-23,126.48,8dd96f730407acf185594c2c52624e76e3f82002e6c3370ccb5fdaa1a485ee5d,0.00030000000000000003,2026-08-23,LONG,0.10161535939706592,32681408963,2340ce5d77049c6d4030ae46c4b7cd7841e4a8a7680e4b0716215f437bbc3913,Delta_LS_70_30_StopVol,AAVE
0.34156,2026-08-23,0.34428,bcee641bbdad76b25785c1e99bae8e051d6fd9e0530fa154fa6193aa8382675e,0.00030000000000000003,2026-08-23,SHORT,-0.06,32681408963,2340ce5d77049c6d4030ae46c4b7cd7841e4a8a7680e4b0716215f437bbc3913,Delta_LS_70_30_StopVol,TRX
145.41,2026-08-23,126.48,ca1b68eee3f97cbfa8289e0f3d2df39b53bc6242035b1d05c687758548fc9c4d,0.00030000000000000003,2026-08-23,LONG,0.1,32681408963,2340ce5d77049c6d4030ae46c4b7cd7841e4a8a7680e4b0716215f437bbc3913,Delta_LS_50_50,AAVE
0.34156,2026-08-23,0.34428,d2ed4d765b5bbcb8a5911d959d5553d5febdf7c822e4aaae6ce03908e0b1d995,0.00030000000000000003,2026-08-23,SHORT,-0.1,32681408963,2340ce5d77049c6d4030ae46c4b7cd7841e4a8a7680e4b0716215f437bbc3913,Delta_LS_50_50,TRX
145.41,2026-08-23,126.48,7939502504bda0185a31c13d94a6a92bfc5e0bebd05975dd8460a1e4f71f71f4,0.00030000000000000003,2026-08-23,LONG,0.07258239956933281,32681408963,2340ce5d77049c6d4030ae46c4b7cd7841e4a8a7680e4b0716215f437bbc3913,Delta_LS_50_50_StopVol,AAVE
0.34156,2026-08-23,0.34428,bd4104a5b0d17af451759d5ea44babe09679fdc71346507c1dd9be66274aea89,0.00030000000000000003,2026-08-23,SHORT,-0.1,32681408963,2340ce5d77049c6d4030ae46c4b7cd7841e4a8a7680e4b0716215f437bbc3913,Delta_LS_50_50_StopVol,TRX
0.34156,2026-08-24,0.34428,252e786fdc78ce8a180b9b6c1b693b1a627b61a5f390c4bf8157c8b107445b38,0.00030000000000000003,2026-08-24,SHORT,-0.06,32799146246,38f0b2ad779eba7cf78d9f432ba35ead1f8c86d28c461a52e50d2713866edc13,Delta_LS_70_30,TRX
0.5991,2026-08-24,0.6383,beaea89e989f50d875d5dae70a935c4393074719aed60ef44f6348b78abccacf,0.00030000000000000003,2026-08-24,SHORT,-0.06,32799146246,38f0b2ad779eba7cf78d9f432ba35ead1f8c86d28c461a52e50d2713866edc13,Delta_LS_70_30,APT
0.8869,2026-08-24,0.9281,42e387288cabe4693b621bbfc9a7c214265b2ba725b4dbd96b4cc2f07bacdd3f,0.00030000000000000003,2026-08-24,SHORT,-0.06,32799146246,38f0b2ad779eba7cf78d9f432ba35ead1f8c86d28c461a52e50d2713866edc13,Delta_LS_70_30,DOT
0.34156,2026-08-24,0.34428,1e61fecd3d1fc86698565d269f6f93e7f7538f983960501461fb022a02ab310b,0.00030000000000000003,2026-08-24,SHORT,-0.06,32799146246,38f0b2ad779eba7cf78d9f432ba35ead1f8c86d28c461a52e50d2713866edc13,Delta_LS_70_30_StopVol,TRX
0.5991,2026-08-24,0.6383,6ac9bf1b73553e212fa0f67af195e787d5819d3aa2f3358ab46f3560e474770d,0.00030000000000000003,2026-08-24,SHORT,-0.06,32799146246,38f0b2ad779eba7cf78d9f432ba35ead1f8c86d28c461a52e50d2713866edc13,Delta_LS_70_30_StopVol,APT
0.8869,2026-08-24,0.9281,73f3fbebb5ac522784f44bdb51ca9b2bdc1d0db5f6ea78ea40caf64a405376c4,0.00030000000000000003,2026-08-24,SHORT,-0.06,32799146246,38f0b2ad779eba7cf78d9f432ba35ead1f8c86d28c461a52e50d2713866edc13,Delta_LS_70_30_StopVol,DOT
0.34156,2026-08-24,0.34428,0f3def1091196b48819800502fd0af8266964d836d16b9c2982abd2c670e3ca1,0.00030000000000000003,2026-08-24,SHORT,-0.1,32799146246,38f0b2ad779eba7cf78d9f432ba35ead1f8c86d28c461a52e50d2713866edc13,Delta_LS_50_50,TRX
0.5991,2026-08-24,0.6383,8de6d99cf07b840a5fe645a6a2d868beb066a5cb048a1e0f1e54af5be720b8a7,0.00030000000000000003,2026-08-24,SHORT,-0.1,32799146246,38f0b2ad779eba7cf78d9f432ba35ead1f8c86d28c461a52e50d2713866edc13,Delta_LS_50_50,APT
0.8869,2026-08-24,0.9281,1aa2b95e072b3b0724c9198afba4f192baba46a7a7fcac7e07217fcf59a5f9ab,0.00030000000000000003,2026-08-24,SHORT,-0.1,32799146246,38f0b2ad779eba7cf78d9f432ba35ead1f8c86d28c461a52e50d2713866edc13,Delta_LS_50_50,DOT
0.34156,2026-08-24,0.34428,283b452eb4f481f983920cfaa5f66245c26734a540fe8480cc3957de0797608f,0.00030000000000000003,2026-08-24,SHORT,-0.1,32799146246,38f0b2ad779eba7cf78d9f432ba35ead1f8c86d28c461a52e50d2713866edc13,Delta_LS_50_50_StopVol,TRX
0.5991,2026-08-24,0.6383,ca327d9d2c1862cc7a9874cc36e61cabe59bf849ba32820147339007d186ccaa,0.00030000000000000003,2026-08-24,SHORT,-0.1,32799146246,38f0b2ad779eba7cf78d9f432ba35ead1f8c86d28c461a52e50d2713866edc13,Delta_LS_50_50_StopVol,APT
0.8869,2026-08-24,0.9281,4920813e6afc4659bcc0d9326f7f95f3920fbd2a5254fd24c00e9ca050226f60,0.00030000000000000003,2026-08-24,SHORT,-0.1,32799146246,38f0b2ad779eba7cf78d9f432ba35ead1f8c86d28c461a52e50d2713866edc13,Delta_LS_50_50_StopVol,DOT
0.33556,2026-08-25,0.34428,ac2867aa0004777f0779f93c972e8ff1f68ae6a217bbb204d6cd791de820ed92,0.00030000000000000003,2026-08-25,SHORT,-0.06,32920908476,26ae9af8f2e409c67ca939d7718093086f2c66f1b2c01182d759a0776363def7,Delta_LS_70_30,TRX
0.5547,2026-08-25,0.6383,1a23a385443316382e94cbab5e833fd98c7915f2def4ea8de07836acc34c8733,0.0001767764290959,2026-08-25,SHORT,-0.06,32920908476,26ae9af8f2e409c67ca939d7718093086f2c66f1b2c01182d759a0776363def7,Delta_LS_70_30,APT
0.8415,2026-08-25,0.9281,51cd0faef818c5930ff0b221c434f4257ff823ebcb37541ca39382cedaa99405,0.00030000000000000003,2026-08-25,SHORT,-0.06,32920908476,26ae9af8f2e409c67ca939d7718093086f2c66f1b2c01182d759a0776363def7,Delta_LS_70_30,DOT
0.695,2026-08-25,0.753,08c43258d8a2270b8063f7b50469cb9b9675781d8edc0e103c415f3dd3a4f324,0.0001262477012156,2026-08-25,SHORT,-0.06,32920908476,26ae9af8f2e409c67ca939d7718093086f2c66f1b2c01182d759a0776363def7,Delta_LS_70_30,FIL
12.0,2026-08-25,11.626,c42264c4d26a71cfecd513698b52e66329be88c8c382e98493494e384b664d6d,0.00030000000000000003,2026-08-25,LONG,0.13999999999999999,32920908476,26ae9af8f2e409c67ca939d7718093086f2c66f1b2c01182d759a0776363def7,Delta_LS_70_30,LINK
49.36,2026-08-25,51.62,9206fc024f3b13f0da1261338e689cacd5e563b119688ecfb7d5e954c3949762,0.00030000000000000003,2026-08-25,SHORT,-0.06,32920908476,26ae9af8f2e409c67ca939d7718093086f2c66f1b2c01182d759a0776363def7,Delta_LS_70_30,LTC
0.33556,2026-08-25,0.34428,c9bc0df906b2863e53d396eb120a71b10d1ca5d3004190ba2b70a1f691291afb,0.00030000000000000003,2026-08-25,SHORT,-0.06,32920908476,26ae9af8f2e409c67ca939d7718093086f2c66f1b2c01182d759a0776363def7,Delta_LS_70_30_StopVol,TRX
0.5547,2026-08-25,0.6383,c612be1837f74024d06d2553076671b6d9006c13a9bedb138d90ac98ebaebb08,0.0001767764290959,2026-08-25,SHORT,-0.06,32920908476,26ae9af8f2e409c67ca939d7718093086f2c66f1b2c01182d759a0776363def7,Delta_LS_70_30_StopVol,APT
0.8415,2026-08-25,0.9281,e41f6b4326dde8e657c6efcf01e4146d610875fc273449b5129b403d35f57888,0.00030000000000000003,2026-08-25,SHORT,-0.06,32920908476,26ae9af8f2e409c67ca939d7718093086f2c66f1b2c01182d759a0776363def7,Delta_LS_70_30_StopVol,DOT
0.695,2026-08-25,0.753,8c3d90b5b07d6a5918487d883dbdb69b86155b897ad9fef4180fb5fa191bd67d,0.0001262477012156,2026-08-25,SHORT,-0.05858989877250314,32920908476,26ae9af8f2e409c67ca939d7718093086f2c66f1b2c01182d759a0776363def7,Delta_LS_70_30_StopVol,FIL
12.0,2026-08-25,11.626,0ae17d3014f25634e667868be69ec910169e837ff8c81345dbfbb104178f9134,0.00030000000000000003,2026-08-25,LONG,0.13999999999999999,32920908476,26ae9af8f2e409c67ca939d7718093086f2c66f1b2c01182d759a0776363def7,Delta_LS_70_30_StopVol,LINK
49.36,2026-08-25,51.62,09c585b0e82d9161818f7a5c9db99cbe811fe503257f1c517fc25c5244703ec4,0.00030000000000000003,2026-08-25,SHORT,-0.06,32920908476,26ae9af8f2e409c67ca939d7718093086f2c66f1b2c01182d759a0776363def7,Delta_LS_70_30_StopVol,LTC
0.33556,2026-08-25,0.34428,bbbfc2b9b67358b3bc05bfb8dc4a453948388c488e517a16bda124e6c3e2fa6c,0.00030000000000000003,2026-08-25,SHORT,-0.1,32920908476,26ae9af8f2e409c67ca939d7718093086f2c66f1b2c01182d759a0776363def7,Delta_LS_50_50,TRX
0.5547,2026-08-25,0.6383,da939f1bec478e41b3712ade8a48252e5cad99bf55ab2b63cf222c7e4de50f93,0.0001767764290959,2026-08-25,SHORT,-0.1,32920908476,26ae9af8f2e409c67ca939d7718093086f2c66f1b2c01182d759a0776363def7,Delta_LS_50_50,APT
0.8415,2026-08-25,0.9281,f15982d051cfffc8c7d71005680bed2136b90a2f4583b30d8690e6f10d13c7d6,0.00030000000000000003,2026-08-25,SHORT,-0.1,32920908476,26ae9af8f2e409c67ca939d7718093086f2c66f1b2c01182d759a0776363def7,Delta_LS_50_50,DOT
0.695,2026-08-25,0.753,9acba9545a0b687a82d99e8ee8f22b41b225b6d498f70ce5689ee0f9521f8c6e,0.0001262477012156,2026-08-25,SHORT,-0.1,32920908476,26ae9af8f2e409c67ca939d7718093086f2c66f1b2c01182d759a0776363def7,Delta_LS_50_50,FIL
12.0,2026-08-25,11.626,1721fbfad8fb5142b80c065ead5bd755f9e86b6c5ccbfe1e3fbe723e9a1749c0,0.00030000000000000003,2026-08-25,LONG,0.1,32920908476,26ae9af8f2e409c67ca939d7718093086f2c66f1b2c01182d759a0776363def7,Delta_LS_50_50,LINK
49.36,2026-08-25,51.62,4135f475bdc0c80b790701f3051131022593f3180b93622137feb422c56ee00a,0.00030000000000000003,2026-08-25,SHORT,-0.1,32920908476,26ae9af8f2e409c67ca939d7718093086f2c66f1b2c01182d759a0776363def7,Delta_LS_50_50,LTC
0.33556,2026-08-25,0.34428,82eb00872bab945252e86be6e22a0f560007aa038bb8f149582300f8682a19f5,0.00030000000000000003,2026-08-25,SHORT,-0.1,32920908476,26ae9af8f2e409c67ca939d7718093086f2c66f1b2c01182d759a0776363def7,Delta_LS_50_50_StopVol,TRX
0.5547,2026-08-25,0.6383,212e3de7db7ba07a49f67278bd16f628ec4a94696cea8c0795a161475dd8e08a,0.0001767764290959,2026-08-25,SHORT,-0.1,32920908476,26ae9af8f2e409c67ca939d7718093086f2c66f1b2c01182d759a0776363def7,Delta_LS_50_50_StopVol,APT
0.8415,2026-08-25,0.9281,a24f0e9b2c224250ec9b97ff22aa6c6d71251b09ba14a22f0f5619173328fd38,0.00030000000000000003,2026-08-25,SHORT,-0.1,32920908476,26ae9af8f2e409c67ca939d7718093086f2c66f1b2c01182d759a0776363def7,Delta_LS_50_50_StopVol,DOT
0.695,2026-08-25,0.753,ca98917f7754646c9fc0bdf5cbda75c368ab25c8f12da0ebf13abf8123970e44,0.0001262477012156,2026-08-25,SHORT,-0.09764983128750525,32920908476,26ae9af8f2e409c67ca939d7718093086f2c66f1b2c01182d759a0776363def7,Delta_LS_50_50_StopVol,FIL
12.0,2026-08-25,11.626,e4fbfdc17f2cbbc002ee2847159837d8a66603bdb66c749b39dd37c4d29484b5,0.00030000000000000003,2026-08-25,LONG,0.1,32920908476,26ae9af8f2e409c67ca939d7718093086f2c66f1b2c01182d759a0776363def7,Delta_LS_50_50_StopVol,LINK
49.36,2026-08-25,51.62,81421633d128eb09ec764aa624506ec6af44a5dfb6f131a5a4b129728cb47fe9,0.00030000000000000003,2026-08-25,SHORT,-0.1,32920908476,26ae9af8f2e409c67ca939d7718093086f2c66f1b2c01182d759a0776363def7,Delta_LS_50_50_StopVol,LTC
0.3338,2026-08-26,0.34428,7fe1102660a4cb2254f94ddc9a963b1088412716722a943e639353846329e78c,-0.0004142250902753,2026-08-26,SHORT,-0.06,33060053572,cbfdc185a146be7fd93392936d8971ea07d3284f09e19330ac81f574db8454fe,Delta_LS_70_30,TRX
0.5459,2026-08-26,0.6383,15cdfee51cdfd3646ccdb5b987752bfa60db610353b70cf14e14e3f41103af4a,6.673118399499998e-06,2026-08-26,SHORT,-0.06,33060053572,cbfdc185a146be7fd93392936d8971ea07d3284f09e19330ac81f574db8454fe,Delta_LS_70_30,APT
0.8291,2026-08-26,0.9281,e4a98c44b2fa23c7226928c2a046d35916a1a6b2d8a564220caf473c8b6126fa,0.00015275950853179998,2026-08-26,SHORT,-0.06,33060053572,cbfdc185a146be7fd93392936d8971ea07d3284f09e19330ac81f574db8454fe,Delta_LS_70_30,DOT
0.6844,2026-08-26,0.753,d42f0b890ccf485ca525e030d3a5e27ed25a41a081251ccf0dc7eb4226114a83,-6.16064373116e-05,2026-08-26,SHORT,-0.06,33060053572,cbfdc185a146be7fd93392936d8971ea07d3284f09e19330ac81f574db8454fe,Delta_LS_70_30,FIL
2514.37,2026-08-26,2441.9,047b23abc29dd6c264fdd0ea98a660156834cf69442d49d39e08b8fe4cfcb709,0.0002690894210216,2026-08-26,LONG,0.13999999999999999,33060053572,cbfdc185a146be7fd93392936d8971ea07d3284f09e19330ac81f574db8454fe,Delta_LS_70_30,ETH
102.49,2026-08-26,96.55,20cb2073bac07c074d225453e9a25273734a404b40d9d28983d537edb5ce8bae,0.00011731628084929999,2026-08-26,LONG,0.13999999999999999,33060053572,cbfdc185a146be7fd93392936d8971ea07d3284f09e19330ac81f574db8454fe,Delta_LS_70_30,SOL
1.4504,2026-08-26,1.4336,699f615194f74af9a3701be716aed8f2ddb8502e505ea07f76791f0545101e9a,0.0002988594373873,2026-08-26,LONG,0.13999999999999999,33060053572,cbfdc185a146be7fd93392936d8971ea07d3284f09e19330ac81f574db8454fe,Delta_LS_70_30,XRP
0.3338,2026-08-26,0.34428,cb01d0d7ab36e772f0fbbece8533e24be157f873a9c32c6e44ba087558f50aef,-0.0004142250902753,2026-08-26,SHORT,-0.06,33060053572,cbfdc185a146be7fd93392936d8971ea07d3284f09e19330ac81f574db8454fe,Delta_LS_70_30_StopVol,TRX
0.5459,2026-08-26,0.6383,c7d9caf7c988f7ee6c07451e52f5986478e451ac2ddd32e9cd3a3a9fa5c1a692,6.673118399499998e-06,2026-08-26,SHORT,-0.06,33060053572,cbfdc185a146be7fd93392936d8971ea07d3284f09e19330ac81f574db8454fe,Delta_LS_70_30_StopVol,APT
0.8291,2026-08-26,0.9281,9f266c5477ebc715eecb34eb7fadfddcb00f0476a63c3e60f575b4304e2725af,0.00015275950853179998,2026-08-26,SHORT,-0.06,33060053572,cbfdc185a146be7fd93392936d8971ea07d3284f09e19330ac81f574db8454fe,Delta_LS_70_30_StopVol,DOT
0.6844,2026-08-26,0.753,bb3c0b097821c460e77ec5a45de89490853d8e669fa7db9e2139efb79156c1d2,-6.16064373116e-05,2026-08-26,SHORT,-0.05687654507774593,33060053572,cbfdc185a146be7fd93392936d8971ea07d3284f09e19330ac81f574db8454fe,Delta_LS_70_30_StopVol,FIL
2514.37,2026-08-26,2441.9,23a0c8ca764fcadebeaef99e6dd21b7bd59515f4b75d07e48cf8347a87baa6c5,0.0002690894210216,2026-08-26,LONG,0.13999999999999999,33060053572,cbfdc185a146be7fd93392936d8971ea07d3284f09e19330ac81f574db8454fe,Delta_LS_70_30_StopVol,ETH
102.49,2026-08-26,96.55,d62a834fb4c2f37d88d0234a80775001b3ad3410f8f3096d01e6bf87faaa1efa,0.00011731628084929999,2026-08-26,LONG,0.13999999999999999,33060053572,cbfdc185a146be7fd93392936d8971ea07d3284f09e19330ac81f574db8454fe,Delta_LS_70_30_StopVol,SOL
1.4504,2026-08-26,1.4336,2890476bea68dc154d0a7fc4b05ca8a31313dc94715c674616cfa1704969128c,0.0002988594373873,2026-08-26,LONG,0.12316602848283709,33060053572,cbfdc185a146be7fd93392936d8971ea07d3284f09e19330ac81f574db8454fe,Delta_LS_70_30_StopVol,XRP
0.3338,2026-08-26,0.34428,b2586e9ce8cae25cb527216ab01754d433446b651287f72ad2e6e45c4d58dac6,-0.0004142250902753,2026-08-26,SHORT,-0.1,33060053572,cbfdc185a146be7fd93392936d8971ea07d3284f09e19330ac81f574db8454fe,Delta_LS_50_50,TRX
0.5459,2026-08-26,0.6383,aad32e511bdaf3c8af88473c0bebe26abc437be2006eb595da8df13b13152c66,6.673118399499998e-06,2026-08-26,SHORT,-0.1,33060053572,cbfdc185a146be7fd93392936d8971ea07d3284f09e19330ac81f574db8454fe,Delta_LS_50_50,APT
0.8291,2026-08-26,0.9281,b7b74bfc868abfe1af9c3ae09ededf04c7a9b7dad4580f0411052c3939e300d8,0.00015275950853179998,2026-08-26,SHORT,-0.1,33060053572,cbfdc185a146be7fd93392936d8971ea07d3284f09e19330ac81f574db8454fe,Delta_LS_50_50,DOT
0.6844,2026-08-26,0.753,52c2267d5c067009ae79a1a2a48bb618399ee00f3264a6f6fdf1f340fa4852e5,-6.16064373116e-05,2026-08-26,SHORT,-0.1,33060053572,cbfdc185a146be7fd93392936d8971ea07d3284f09e19330ac81f574db8454fe,Delta_LS_50_50,FIL
2514.37,2026-08-26,2441.9,d35332688cff8791226d5fb9acdfcdf158c9b0e18d0920919917b1a8faeff2ca,0.0002690894210216,2026-08-26,LONG,0.1,33060053572,cbfdc185a146be7fd93392936d8971ea07d3284f09e19330ac81f574db8454fe,Delta_LS_50_50,ETH
102.49,2026-08-26,96.55,725befcedf83f3b7ef691695df40d8f4273a993f427cff9a8bbe4d8d23ce987b,0.00011731628084929999,2026-08-26,LONG,0.1,33060053572,cbfdc185a146be7fd93392936d8971ea07d3284f09e19330ac81f574db8454fe,Delta_LS_50_50,SOL
1.4504,2026-08-26,1.4336,e995a567584548aea39e66d8a804f2869f09813afbfea3f6b2734dade8915fbb,0.0002988594373873,2026-08-26,LONG,0.1,33060053572,cbfdc185a146be7fd93392936d8971ea07d3284f09e19330ac81f574db8454fe,Delta_LS_50_50,XRP
0.3338,2026-08-26,0.34428,cde517c3dce97b92c7b76a5d3ae1b651a62bdd8e3c778090d2b6a36abd36027a,-0.0004142250902753,2026-08-26,SHORT,-0.1,33060053572,cbfdc185a146be7fd93392936d8971ea07d3284f09e19330ac81f574db8454fe,Delta_LS_50_50_StopVol,TRX
0.5459,2026-08-26,0.6383,f302ea7c4d7a86f06a8ee19c8f19a5beb29d68a369c974ab3c67280dd26ec8ca,6.673118399499998e-06,2026-08-26,SHORT,-0.1,33060053572,cbfdc185a146be7fd93392936d8971ea07d3284f09e19330ac81f574db8454fe,Delta_LS_50_50_StopVol,APT
0.8291,2026-08-26,0.9281,8fa9dbc8b38fc41d6af01b641b767d069cf720484c7be7c22266c8fb8fd7fce3,0.00015275950853179998,2026-08-26,SHORT,-0.1,33060053572,cbfdc185a146be7fd93392936d8971ea07d3284f09e19330ac81f574db8454fe,Delta_LS_50_50_StopVol,DOT
0.6844,2026-08-26,0.753,2987652d4bfeb9493ec593ad0b36edba3d4db7d58978f62ad90cc9fe48228c02,-6.16064373116e-05,2026-08-26,SHORT,-0.09479424179624323,33060053572,cbfdc185a146be7fd93392936d8971ea07d3284f09e19330ac81f574db8454fe,Delta_LS_50_50_StopVol,FIL
2514.37,2026-08-26,2441.9,ad578102fadffcec85cf8b29da927b8ae300eda8515fb3d1dd2e016ff1ff8c4c,0.0002690894210216,2026-08-26,LONG,0.1,33060053572,cbfdc185a146be7fd93392936d8971ea07d3284f09e19330ac81f574db8454fe,Delta_LS_50_50_StopVol,ETH
102.49,2026-08-26,96.55,2368bb1718430a909e8754f7faa59f4f7d4dcfa6a0a99122e3c8b6590a770a55,0.00011731628084929999,2026-08-26,LONG,0.1,33060053572,cbfdc185a146be7fd93392936d8971ea07d3284f09e19330ac81f574db8454fe,Delta_LS_50_50_StopVol,SOL
1.4504,2026-08-26,1.4336,d5c70b13b26c0f6f545e143ef07f5ebc22ad3cc7dd7cf80fe839b3ffb96ef0c3,0.0002988594373873,2026-08-26,LONG,0.08797573463059793,33060053572,cbfdc185a146be7fd93392936d8971ea07d3284f09e19330ac81f574db8454fe,Delta_LS_50_50_StopVol,XRP
0.33327,2026-08-27,0.34428,2fdbc0e3bf501b24d8864d49d4ae82f0047dfb6645a52fdf644f8238980bb194,3.89927284171e-05,2026-08-27,SHORT,-0.06,33166852936,439f29524ba3ec49fe94bd2e362058ab8667b59800dd73d6fcf923c006e6dc32,Delta_LS_70_30,TRX
2566.26,2026-08-27,2441.9,7d90def76435a46ac702fe60da41aa16fa520bccad10ff97e9e3f91a8f853834,0.0001745644047777,2026-08-27,LONG,0.13999999999999999,33166852936,439f29524ba3ec49fe94bd2e362058ab8667b59800dd73d6fcf923c006e6dc32,Delta_LS_70_30,ETH
1.4732,2026-08-27,1.4336,47ad1eb1457a132a0bed9b28f9b8b122e68228c8437572aa0f83c3385f23ad79,0.0001870102647696,2026-08-27,LONG,0.13999999999999999,33166852936,439f29524ba3ec49fe94bd2e362058ab8667b59800dd73d6fcf923c006e6dc32,Delta_LS_70_30,XRP
130.4,2026-08-27,126.92,e233b0d1f87ffe50b86326abad5b43dff6fd09ca17ec1a7ee0aab32050830108,0.00011930281663219999,2026-08-27,LONG,0.13999999999999999,33166852936,439f29524ba3ec49fe94bd2e362058ab8667b59800dd73d6fcf923c006e6dc32,Delta_LS_70_30,AAVE
0.7431,2026-08-27,0.7669,0a536a7d0e0f45c518a15bf8732c86b57f61ce17d89ed96767fbf0ab003d539a,0.00010229871977870001,2026-08-27,SHORT,-0.06,33166852936,439f29524ba3ec49fe94bd2e362058ab8667b59800dd73d6fcf923c006e6dc32,Delta_LS_70_30,SUI
0.33327,2026-08-27,0.34428,524bf46e08a0870f14e44184876d44654608878a861188cbdd954717bc9797a2,3.89927284171e-05,2026-08-27,SHORT,-0.06,33166852936,439f29524ba3ec49fe94bd2e362058ab8667b59800dd73d6fcf923c006e6dc32,Delta_LS_70_30_StopVol,TRX
2566.26,2026-08-27,2441.9,2ad07cf5326d4653214ed8aa5a51987bf4fb6a3d68d6b84f595ce5a493bb84c0,0.0001745644047777,2026-08-27,LONG,0.13999999999999999,33166852936,439f29524ba3ec49fe94bd2e362058ab8667b59800dd73d6fcf923c006e6dc32,Delta_LS_70_30_StopVol,ETH
1.4732,2026-08-27,1.4336,dbce487eb661d0e5407c3f51c54d87d210929338d7ebee5b813f8366917693b2,0.0001870102647696,2026-08-27,LONG,0.12571183026095675,33166852936,439f29524ba3ec49fe94bd2e362058ab8667b59800dd73d6fcf923c006e6dc32,Delta_LS_70_30_StopVol,XRP
130.4,2026-08-27,126.92,ff8566af4b399e888218be57b29a579856b03a280edb07b4a091572da4ae1d44,0.00011930281663219999,2026-08-27,LONG,0.09695623715954918,33166852936,439f29524ba3ec49fe94bd2e362058ab8667b59800dd73d6fcf923c006e6dc32,Delta_LS_70_30_StopVol,AAVE
0.7431,2026-08-27,0.7669,632ca3295870effb941eff23a7ee499016c859d5330b5f2529cdcb48933302eb,0.00010229871977870001,2026-08-27,SHORT,-0.06,33166852936,439f29524ba3ec49fe94bd2e362058ab8667b59800dd73d6fcf923c006e6dc32,Delta_LS_70_30_StopVol,SUI
0.33327,2026-08-27,0.34428,c36e3875f796d57b623c1e11b7d155982151f9cb4b8e63a9fcf31f3e1c9fb07a,3.89927284171e-05,2026-08-27,SHORT,-0.1,33166852936,439f29524ba3ec49fe94bd2e362058ab8667b59800dd73d6fcf923c006e6dc32,Delta_LS_50_50,TRX
2566.26,2026-08-27,2441.9,3a8655a920d04b0a238342e90be02cccc72d80b08d13fe7da838707cae16af82,0.0001745644047777,2026-08-27,LONG,0.1,33166852936,439f29524ba3ec49fe94bd2e362058ab8667b59800dd73d6fcf923c006e6dc32,Delta_LS_50_50,ETH
1.4732,2026-08-27,1.4336,ba3b765861208ca84097cc6cb315c26511eea099e935025c2896013cf500b394,0.0001870102647696,2026-08-27,LONG,0.1,33166852936,439f29524ba3ec49fe94bd2e362058ab8667b59800dd73d6fcf923c006e6dc32,Delta_LS_50_50,XRP
130.4,2026-08-27,126.92,aa4243cdf7506925fc2f4f892df8522340736572f16f88e349fd9576c684fafb,0.00011930281663219999,2026-08-27,LONG,0.1,33166852936,439f29524ba3ec49fe94bd2e362058ab8667b59800dd73d6fcf923c006e6dc32,Delta_LS_50_50,AAVE
0.7431,2026-08-27,0.7669,ed3a919af8b2c4d06f82ed56696015485bd0f31c68647e7a49772e04fe238cc0,0.00010229871977870001,2026-08-27,SHORT,-0.1,33166852936,439f29524ba3ec49fe94bd2e362058ab8667b59800dd73d6fcf923c006e6dc32,Delta_LS_50_50,SUI
0.33327,2026-08-27,0.34428,d1436ce4ddd524ced43ce8158ae999d0ca906ec88cfe53129cb026cb768f69ba,3.89927284171e-05,2026-08-27,SHORT,-0.1,33166852936,439f29524ba3ec49fe94bd2e362058ab8667b59800dd73d6fcf923c006e6dc32,Delta_LS_50_50_StopVol,TRX
2566.26,2026-08-27,2441.9,b34e91f6a4c9744afb53869d7def3881fdfa72fcc8c5470cf09355ad8be7aaa0,0.0001745644047777,2026-08-27,LONG,0.1,33166852936,439f29524ba3ec49fe94bd2e362058ab8667b59800dd73d6fcf923c006e6dc32,Delta_LS_50_50_StopVol,ETH
1.4732,2026-08-27,1.4336,622b88479e2f7071b44666dda1276b9ac469ddbe20756a5c4bd047dd91b3d35e,0.0001870102647696,2026-08-27,LONG,0.08979416447211198,33166852936,439f29524ba3ec49fe94bd2e362058ab8667b59800dd73d6fcf923c006e6dc32,Delta_LS_50_50_StopVol,XRP
130.4,2026-08-27,126.92,3aa89f17d1234448c411cf055f9907fbf3e38b26cd89a17ae366cf277ed72c09,0.00011930281663219999,2026-08-27,LONG,0.0692544551139637,33166852936,439f29524ba3ec49fe94bd2e362058ab8667b59800dd73d6fcf923c006e6dc32,Delta_LS_50_50_StopVol,AAVE
0.7431,2026-08-27,0.7669,3bbf960b4c023d9ab394583b20fe17e344e09887c39735dd0f7abd0a69add535,0.00010229871977870001,2026-08-27,SHORT,-0.1,33166852936,439f29524ba3ec49fe94bd2e362058ab8667b59800dd73d6fcf923c006e6dc32,Delta_LS_50_50_StopVol,SUI
0.33327,2026-08-28,0.34428,c8b3a25cda8617d9e3c785113cacff5fde042de6ad0564d9ab44569a90c60f5a,0.0001542044972596,2026-08-28,SHORT,-0.06,33239920511,446b1a7af0c908db2e1c54f2df87864a1628ace970bde4d0fa23b6ff1b941aa5,Delta_LS_70_30,TRX
131.66,2026-08-28,126.92,37ebe6af7f29f52bf8b991d0dec4b5773b8e7dc79b41cfc1da677ace8cb3f81a,8.370137586790001e-05,2026-08-28,LONG,0.13999999999999999,33239920511,446b1a7af0c908db2e1c54f2df87864a1628ace970bde4d0fa23b6ff1b941aa5,Delta_LS_70_30,AAVE
47.89,2026-08-28,49.88,d5c27fd07827ec1156c8c3b9b2cbe22b5785a31ac8c92ec974d7e7b9cec0eeb8,0.00022812042670880003,2026-08-28,SHORT,-0.06,33239920511,446b1a7af0c908db2e1c54f2df87864a1628ace970bde4d0fa23b6ff1b941aa5,Delta_LS_70_30,LTC
0.33327,2026-08-28,0.34428,6d0b0644be63b423843807a076e65111a9eb3198bf2cea36f7c7a3e52b99af4f,0.0001542044972596,2026-08-28,SHORT,-0.06,33239920511,446b1a7af0c908db2e1c54f2df87864a1628ace970bde4d0fa23b6ff1b941aa5,Delta_LS_70_30_StopVol,TRX
131.66,2026-08-28,126.92,86cc650678cbaba093eb5ece34372ed20005c191e036bcdb4df5a6b6d7b83e65,8.370137586790001e-05,2026-08-28,LONG,0.0971441164548875,33239920511,446b1a7af0c908db2e1c54f2df87864a1628ace970bde4d0fa23b6ff1b941aa5,Delta_LS_70_30_StopVol,AAVE
47.89,2026-08-28,49.88,484d571c3fce30a485a54aa2565990fdd8a5faa6b2f646e6b3748b519191a8d8,0.00022812042670880003,2026-08-28,SHORT,-0.06,33239920511,446b1a7af0c908db2e1c54f2df87864a1628ace970bde4d0fa23b6ff1b941aa5,Delta_LS_70_30_StopVol,LTC
0.33327,2026-08-28,0.34428,b445169d585f0bc83be6fb57963ad86e048896719d27f165113971e208dea25e,0.0001542044972596,2026-08-28,SHORT,-0.1,33239920511,446b1a7af0c908db2e1c54f2df87864a1628ace970bde4d0fa23b6ff1b941aa5,Delta_LS_50_50,TRX
131.66,2026-08-28,126.92,5dc9a4d5134ce5fb160338416870d2a06b8be2c4de7a7028ad30333c46357df9,8.370137586790001e-05,2026-08-28,LONG,0.1,33239920511,446b1a7af0c908db2e1c54f2df87864a1628ace970bde4d0fa23b6ff1b941aa5,Delta_LS_50_50,AAVE
47.89,2026-08-28,49.88,00c3b25590d730e3e1b07f85fe99d2e396a5c5bccf22d062b7ee8ec2e14fcba7,0.00022812042670880003,2026-08-28,SHORT,-0.1,33239920511,446b1a7af0c908db2e1c54f2df87864a1628ace970bde4d0fa23b6ff1b941aa5,Delta_LS_50_50,LTC
0.33327,2026-08-28,0.34428,c6470388829dc9c7442b9f1db0bbdd3e78c83e204bba6918f56766bada02cc55,0.0001542044972596,2026-08-28,SHORT,-0.1,33239920511,446b1a7af0c908db2e1c54f2df87864a1628ace970bde4d0fa23b6ff1b941aa5,Delta_LS_50_50_StopVol,TRX
131.66,2026-08-28,126.92,3107ac84410f5be56ef7a01bade077ac6c9d2ec634f717c2f9ed4a3c739c85c6,8.370137586790001e-05,2026-08-28,LONG,0.06938865461063394,33239920511,446b1a7af0c908db2e1c54f2df87864a1628ace970bde4d0fa23b6ff1b941aa5,Delta_LS_50_50_StopVol,AAVE
47.89,2026-08-28,49.88,7cdc81788daf724b182e8ba97d7a6624765f9617860e74e7674164c29a38649d,0.00022812042670880003,2026-08-28,SHORT,-0.1,33239920511,446b1a7af0c908db2e1c54f2df87864a1628ace970bde4d0fa23b6ff1b941aa5,Delta_LS_50_50_StopVol,LTC
131.66,2026-08-29,126.92,ffedb5a06b522b118ebeff471f4978068062c5fddb62660fb27197364316eb96,0.00025449420441,2026-08-29,LONG,0.13999999999999999,33294550540,29982663ee0cc923f00af51582edfb9d9a6fe8a11e77405bec4c94a21835d2d5,Delta_LS_70_30,AAVE
11.494,2026-08-29,11.425,b64bb1f86370171844e7d18813aed32bf07e0159678ecd97d8d975b08d913c7d,2.9693322166399998e-05,2026-08-29,LONG,0.13999999999999999,33294550540,29982663ee0cc923f00af51582edfb9d9a6fe8a11e77405bec4c94a21835d2d5,Delta_LS_70_30,LINK
0.08733,2026-08-29,0.08997,9a470787f88da3af335188c56b2db26994e8f44e5603f703d2e9e0523f47685a,9.06329267423e-05,2026-08-29,SHORT,-0.06,33294550540,29982663ee0cc923f00af51582edfb9d9a6fe8a11e77405bec4c94a21835d2d5,Delta_LS_70_30,OP
131.66,2026-08-29,126.92,cc506ff267f7bfd799d91269d9f7880f858742db361f9d934b6d8733e35da819,0.00025449420441,2026-08-29,LONG,0.09724990279111677,33294550540,29982663ee0cc923f00af51582edfb9d9a6fe8a11e77405bec4c94a21835d2d5,Delta_LS_70_30_StopVol,AAVE
11.494,2026-08-29,11.425,f4ce0440647629f8715d023134d3059ba447c91a0c6411676f3018149b13b7ca,2.9693322166399998e-05,2026-08-29,LONG,0.13999999999999999,33294550540,29982663ee0cc923f00af51582edfb9d9a6fe8a11e77405bec4c94a21835d2d5,Delta_LS_70_30_StopVol,LINK
0.08733,2026-08-29,0.08997,bbac6cbd6bee1286fd467614e919798229c60948a44ddd0e3d0c4d00438510b6,9.06329267423e-05,2026-08-29,SHORT,-0.05668564421521449,33294550540,29982663ee0cc923f00af51582edfb9d9a6fe8a11e77405bec4c94a21835d2d5,Delta_LS_70_30_StopVol,OP
131.66,2026-08-29,126.92,24d1da57f058ca35683af34234cf07845c903e48e9b1c29891dbc9eb4de065b1,0.00025449420441,2026-08-29,LONG,0.1,33294550540,29982663ee0cc923f00af51582edfb9d9a6fe8a11e77405bec4c94a21835d2d5,Delta_LS_50_50,AAVE
11.494,2026-08-29,11.425,cd871375ab15f8ed764ccfc1e47aab660e87d55dc21ebe8caebbf254c5e21ca8,2.9693322166399998e-05,2026-08-29,LONG,0.1,33294550540,29982663ee0cc923f00af51582edfb9d9a6fe8a11e77405bec4c94a21835d2d5,Delta_LS_50_50,LINK
0.08733,2026-08-29,0.08997,3a7e4b88e9f650a6269b1d18f16f00aadfeb1aaff5d3747e04ae5b1daeaadcaf,9.06329267423e-05,2026-08-29,SHORT,-0.1,33294550540,29982663ee0cc923f00af51582edfb9d9a6fe8a11e77405bec4c94a21835d2d5,Delta_LS_50_50,OP
131.66,2026-08-29,126.92,6dabf75f72fb0b7762abe1eab5922ebeff3e9b22afe4902b7675dfb77ab7c8a6,0.00025449420441,2026-08-29,LONG,0.06946421627936913,33294550540,29982663ee0cc923f00af51582edfb9d9a6fe8a11e77405bec4c94a21835d2d5,Delta_LS_50_50_StopVol,AAVE
11.494,2026-08-29,11.425,e0e02b02b2b22ac72ceccd73852f3972407e90e77a1a905bb1d9a3d2514b00c0,2.9693322166399998e-05,2026-08-29,LONG,0.1,33294550540,29982663ee0cc923f00af51582edfb9d9a6fe8a11e77405bec4c94a21835d2d5,Delta_LS_50_50_StopVol,LINK
0.08733,2026-08-29,0.08997,f232a55c282efa806065bd39a858861faa4b04e5a1efe105cef0b2f29d47e548,9.06329267423e-05,2026-08-29,SHORT,-0.09447607369202415,33294550540,29982663ee0cc923f00af51582edfb9d9a6fe8a11e77405bec4c94a21835d2d5,Delta_LS_50_50_StopVol,OP
131.66,2026-08-30,126.92,eec73d00bafb00caa442742b5e0ee345c7db0b66391cb6b6b99a12a864ed820a,8.49328209384e-05,2026-08-30,LONG,0.13999999999999999,33360883070,2e88dd16808ced54672b21de9a228663a68b0356df07cb892c072676b8112052,Delta_LS_70_30,AAVE
11.833,2026-08-30,11.425,69cced25adc3aab326216e3a7763114976a1a15ab4f6017c750fec9940188267,0.0001943585230487,2026-08-30,LONG,0.13999999999999999,33360883070,2e88dd16808ced54672b21de9a228663a68b0356df07cb892c072676b8112052,Delta_LS_70_30,LINK
0.08469,2026-08-30,0.08997,c80fabc92e53415bad31ff0922b1d387abe5e7392f193382864861e6b0f65277,6.44513719076e-05,2026-08-30,SHORT,-0.06,33360883070,2e88dd16808ced54672b21de9a228663a68b0356df07cb892c072676b8112052,Delta_LS_70_30,OP
0.506,2026-08-30,0.5425,7646b4ddd3ce71ccf39269dc8ea96f2c8ccecaa120f60b568c23dcc277348df9,0.00023853251738710003,2026-08-30,SHORT,-0.06,33360883070,2e88dd16808ced54672b21de9a228663a68b0356df07cb892c072676b8112052,Delta_LS_70_30,APT
0.8053,2026-08-30,0.8453,6683065f95e89ca5209d1c0bef29633fd416e546c4893e2527a030a8adcacd0b,0.00030000000000000003,2026-08-30,SHORT,-0.06,33360883070,2e88dd16808ced54672b21de9a228663a68b0356df07cb892c072676b8112052,Delta_LS_70_30,DOT
0.6449,2026-08-30,0.6819,1d04310629b82444ff24498026cf4685e9492711ef3a13383883e6b1a62eb33d,5.4059238283000006e-05,2026-08-30,SHORT,-0.06,33360883070,2e88dd16808ced54672b21de9a228663a68b0356df07cb892c072676b8112052,Delta_LS_70_30,FIL
0.6955,2026-08-30,0.7444,810b9a31eed895d0bca9513fc76b17a910faccc1935b96670f5e84196a28734c,0.0001535970035774,2026-08-30,SHORT,-0.06,33360883070,2e88dd16808ced54672b21de9a228663a68b0356df07cb892c072676b8112052,Delta_LS_70_30,SUI
131.66,2026-08-30,126.92,f1fde1af587c44b8e2266ce2ec40bdb86282f3254d36cace39b1fff4abdd91f8,8.49328209384e-05,2026-08-30,LONG,0.09721070754204753,33360883070,2e88dd16808ced54672b21de9a228663a68b0356df07cb892c072676b8112052,Delta_LS_70_30_StopVol,AAVE
11.833,2026-08-30,11.425,dd8497d830ca4c751f735d51c5eb08970759d47b7f330e6947ab278b45c4c5cb,0.0001943585230487,2026-08-30,LONG,0.13999999999999999,33360883070,2e88dd16808ced54672b21de9a228663a68b0356df07cb892c072676b8112052,Delta_LS_70_30_StopVol,LINK
0.08469,2026-08-30,0.08997,e3c882792ab88e34dc353e294111ff2c106a7d6ce28fae37b576807049bdd70b,6.44513719076e-05,2026-08-30,SHORT,-0.05665570577168227,33360883070,2e88dd16808ced54672b21de9a228663a68b0356df07cb892c072676b8112052,Delta_LS_70_30_StopVol,OP
0.506,2026-08-30,0.5425,00749760065b43c2d2ac7ac77d8eafbdfa223bd54899d661ee03f8bcbd62aebf,0.00023853251738710003,2026-08-30,SHORT,-0.06,33360883070,2e88dd16808ced54672b21de9a228663a68b0356df07cb892c072676b8112052,Delta_LS_70_30_StopVol,APT
0.8053,2026-08-30,0.8453,92a657d61e2ace175cd59cb635bd4a0332954fdc0ad734f7f9b20a433d847a27,0.00030000000000000003,2026-08-30,SHORT,-0.06,33360883070,2e88dd16808ced54672b21de9a228663a68b0356df07cb892c072676b8112052,Delta_LS_70_30_StopVol,DOT
0.6449,2026-08-30,0.6819,c2aa00c27312a04da77b7579c2aead2118e40b60671bb2327a147f081356281c,5.4059238283000006e-05,2026-08-30,SHORT,-0.06,33360883070,2e88dd16808ced54672b21de9a228663a68b0356df07cb892c072676b8112052,Delta_LS_70_30_StopVol,FIL
0.6955,2026-08-30,0.7444,83ef855efb201c661061476cb635397e845f4b77ab3a7ff27c1311b2335ea767,0.0001535970035774,2026-08-30,SHORT,-0.059249860528142066,33360883070,2e88dd16808ced54672b21de9a228663a68b0356df07cb892c072676b8112052,Delta_LS_70_30_StopVol,SUI
131.66,2026-08-30,126.92,6c54f809296236f8de4372d3653941e6fb59aefa877ad99c14eb9907862203f4,8.49328209384e-05,2026-08-30,LONG,0.1,33360883070,2e88dd16808ced54672b21de9a228663a68b0356df07cb892c072676b8112052,Delta_LS_50_50,AAVE
11.833,2026-08-30,11.425,cee1ebd5a0a973711bb8c62504fdb739a695bada0a2faa6073a113bf650146a6,0.0001943585230487,2026-08-30,LONG,0.1,33360883070,2e88dd16808ced54672b21de9a228663a68b0356df07cb892c072676b8112052,Delta_LS_50_50,LINK
0.08469,2026-08-30,0.08997,9fd95564deddcd4f42affb8e89903d6e0f8413070b5481089ef0c42d4a27bac4,6.44513719076e-05,2026-08-30,SHORT,-0.1,33360883070,2e88dd16808ced54672b21de9a228663a68b0356df07cb892c072676b8112052,Delta_LS_50_50,OP
0.506,2026-08-30,0.5425,dd1776566a647f197b530db8689c2980da350abd037283b9ba2fea18193117e7,0.00023853251738710003,2026-08-30,SHORT,-0.1,33360883070,2e88dd16808ced54672b21de9a228663a68b0356df07cb892c072676b8112052,Delta_LS_50_50,APT
0.8053,2026-08-30,0.8453,4bf58cc9702c14eafacacff80ac112c2667ce877eabf45bffed2e6ea7d3227a9,0.00030000000000000003,2026-08-30,SHORT,-0.1,33360883070,2e88dd16808ced54672b21de9a228663a68b0356df07cb892c072676b8112052,Delta_LS_50_50,DOT
0.6449,2026-08-30,0.6819,f8d235af5991c816e210203d486764553ffb8f1cf6b5a2e304844f942841e77a,5.4059238283000006e-05,2026-08-30,SHORT,-0.1,33360883070,2e88dd16808ced54672b21de9a228663a68b0356df07cb892c072676b8112052,Delta_LS_50_50,FIL
0.6955,2026-08-30,0.7444,a98e190ff4009fb4e513c49a0685d522f86ed87c34a4241eeb824833344c1955,0.0001535970035774,2026-08-30,SHORT,-0.1,33360883070,2e88dd16808ced54672b21de9a228663a68b0356df07cb892c072676b8112052,Delta_LS_50_50,SUI
131.66,2026-08-30,126.92,79713d3964364255958faeb456c68cf90545eb1254fdb87a9a2e63e09a08ba9e,8.49328209384e-05,2026-08-30,LONG,0.0694362196728911,33360883070,2e88dd16808ced54672b21de9a228663a68b0356df07cb892c072676b8112052,Delta_LS_50_50_StopVol,AAVE
11.833,2026-08-30,11.425,7669632c68d9b8ca0aa00474f95aab58af60d079874f5376683027be454ae58f,0.0001943585230487,2026-08-30,LONG,0.1,33360883070,2e88dd16808ced54672b21de9a228663a68b0356df07cb892c072676b8112052,Delta_LS_50_50_StopVol,LINK
0.08469,2026-08-30,0.08997,1824a7ce827ccfc7146cb346b15c0bc3241093c3f7493588549af3357c38b45b,6.44513719076e-05,2026-08-30,SHORT,-0.09442617628613713,33360883070,2e88dd16808ced54672b21de9a228663a68b0356df07cb892c072676b8112052,Delta_LS_50_50_StopVol,OP
0.506,2026-08-30,0.5425,a0961deaa535f4ba9f80e66f7224a6ae3c81f7434cdc23c73682fc0c19c319d1,0.00023853251738710003,2026-08-30,SHORT,-0.1,33360883070,2e88dd16808ced54672b21de9a228663a68b0356df07cb892c072676b8112052,Delta_LS_50_50_StopVol,APT
0.8053,2026-08-30,0.8453,31fe1297d8c20462b2d48250807fde11f529879c4b6be7712d7539938cac8020,0.00030000000000000003,2026-08-30,SHORT,-0.1,33360883070,2e88dd16808ced54672b21de9a228663a68b0356df07cb892c072676b8112052,Delta_LS_50_50_StopVol,DOT
0.6449,2026-08-30,0.6819,c5ee846a76f50d74fe90312f3ff8f7d4b71d0320ef7530951bfeb126809af0b1,5.4059238283000006e-05,2026-08-30,SHORT,-0.1,33360883070,2e88dd16808ced54672b21de9a228663a68b0356df07cb892c072676b8112052,Delta_LS_50_50_StopVol,FIL
0.6955,2026-08-30,0.7444,65f7e7a15a0d0b8d48643f567ade3218bd6b31c2309ba44ca37815577e0199ea,0.0001535970035774,2026-08-30,SHORT,-0.09874976754690346,33360883070,2e88dd16808ced54672b21de9a228663a68b0356df07cb892c072676b8112052,Delta_LS_50_50_StopVol,SUI
131.66,2026-08-31,126.92,e426e1a8dd2d08b3525d395d19000284301ac2e3b286e7460ce12eb4bdcab3d9,-9.651719665199998e-06,2026-08-31,LONG,0.13999999999999999,33472276463,b12bcfb6e63a1b57bf1594c0e1ead648b2e7b7361407cd3b4ec4cbb6180f4318,Delta_LS_70_30,AAVE
0.6955,2026-08-31,0.7444,59f69b3ee670a485380d2769da6a5ba1c9229ff99d7f2e1ae9992e333366f508,-2.84411159903e-05,2026-08-31,SHORT,-0.06,33472276463,b12bcfb6e63a1b57bf1594c0e1ead648b2e7b7361407cd3b4ec4cbb6180f4318,Delta_LS_70_30,SUI
2489.76,2026-08-31,2415.7,c32c6201e58f97e0d4540e22f5bc9f04e824911bf0a9c117b53b2d61e048faaa,0.0001434754068952,2026-08-31,LONG,0.13999999999999999,33472276463,b12bcfb6e63a1b57bf1594c0e1ead648b2e7b7361407cd3b4ec4cbb6180f4318,Delta_LS_70_30,ETH
1.396,2026-08-31,1.3564,0ffc2e4b604e8fdbff269ac22a6daf71f3f79ed1626fedda01f15dc681116d0f,8.2719217168e-05,2026-08-31,LONG,0.13999999999999999,33472276463,b12bcfb6e63a1b57bf1594c0e1ead648b2e7b7361407cd3b4ec4cbb6180f4318,Delta_LS_70_30,XRP
131.66,2026-08-31,126.92,9ce4731b9fd0634229477aa7beafbae04dd4839e361e72455bfe0681594fab0d,-9.651719665199998e-06,2026-08-31,LONG,0.09858286940873622,33472276463,b12bcfb6e63a1b57bf1594c0e1ead648b2e7b7361407cd3b4ec4cbb6180f4318,Delta_LS_70_30_StopVol,AAVE
0.6955,2026-08-31,0.7444,b8de2b928560b810c4a1ff27fc8df19dafa5e34d2dac8e4f9724ef7aaac2214e,-2.84411159903e-05,2026-08-31,SHORT,-0.05802359342100291,33472276463,b12bcfb6e63a1b57bf1594c0e1ead648b2e7b7361407cd3b4ec4cbb6180f4318,Delta_LS_70_30_StopVol,SUI
2489.76,2026-08-31,2415.7,fd9797f71a8bc374fd24c96201ff3923767c9d4b821e1a624f0e9e9213cce933,0.0001434754068952,2026-08-31,LONG,0.13999999999999999,33472276463,b12bcfb6e63a1b57bf1594c0e1ead648b2e7b7361407cd3b4ec4cbb6180f4318,Delta_LS_70_30_StopVol,ETH
1.396,2026-08-31,1.3564,62cba1e6e5db2843edc0def86d383a1bd4a06f020e8051330291cee349659c9b,8.2719217168e-05,2026-08-31,LONG,0.12157654107528007,33472276463,b12bcfb6e63a1b57bf1594c0e1ead648b2e7b7361407cd3b4ec4cbb6180f4318,Delta_LS_70_30_StopVol,XRP
131.66,2026-08-31,126.92,bb9cf9c36794a41b24b00c257b38fabd68feb918b782fa3b59e08be17cfa4085,-9.651719665199998e-06,2026-08-31,LONG,0.1,33472276463,b12bcfb6e63a1b57bf1594c0e1ead648b2e7b7361407cd3b4ec4cbb6180f4318,Delta_LS_50_50,AAVE
0.6955,2026-08-31,0.7444,b6f9f1d883da1e2d26d1a244f7481fab816ccb2a97379ff70ff0343413cca636,-2.84411159903e-05,2026-08-31,SHORT,-0.1,33472276463,b12bcfb6e63a1b57bf1594c0e1ead648b2e7b7361407cd3b4ec4cbb6180f4318,Delta_LS_50_50,SUI
2489.76,2026-08-31,2415.7,881105ef95257a604e4732f510369ae114276faed0f25a31e9c22173aec94210,0.0001434754068952,2026-08-31,LONG,0.1,33472276463,b12bcfb6e63a1b57bf1594c0e1ead648b2e7b7361407cd3b4ec4cbb6180f4318,Delta_LS_50_50,ETH
1.396,2026-08-31,1.3564,a8b6879ab8424cc65fa5ef53edab867da552f8ecf8469ada17e7bb5a92fa2a73,8.2719217168e-05,2026-08-31,LONG,0.1,33472276463,b12bcfb6e63a1b57bf1594c0e1ead648b2e7b7361407cd3b4ec4cbb6180f4318,Delta_LS_50_50,XRP
131.66,2026-08-31,126.92,318a1c6022da2d127f2fd4145099d8a21c945e7677b4d1dee6c97f5496eefa9d,-9.651719665199998e-06,2026-08-31,LONG,0.07041633529195444,33472276463,b12bcfb6e63a1b57bf1594c0e1ead648b2e7b7361407cd3b4ec4cbb6180f4318,Delta_LS_50_50_StopVol,AAVE
0.6955,2026-08-31,0.7444,ea42c569da8f22d1d99353cdec7ee0cd2f38d9ed2f9813965ac01a69b4d681f4,-2.84411159903e-05,2026-08-31,SHORT,-0.09670598903500487,33472276463,b12bcfb6e63a1b57bf1594c0e1ead648b2e7b7361407cd3b4ec4cbb6180f4318,Delta_LS_50_50_StopVol,SUI
2489.76,2026-08-31,2415.7,91ff78c72607a0b66b63849ca6eb79f5bc9b658b62a587a921e890db5266c296,0.0001434754068952,2026-08-31,LONG,0.1,33472276463,b12bcfb6e63a1b57bf1594c0e1ead648b2e7b7361407cd3b4ec4cbb6180f4318,Delta_LS_50_50_StopVol,ETH
1.396,2026-08-31,1.3564,a4f9534684a0b268fadb6ac09cd41f7b606c24ed89cd58afe4c1813f71244d9e,8.2719217168e-05,2026-08-31,LONG,0.08684038648234292,33472276463,b12bcfb6e63a1b57bf1594c0e1ead648b2e7b7361407cd3b4ec4cbb6180f4318,Delta_LS_50_50_StopVol,XRP
131.66,2026-09-01,126.92,a6fbfd39c9209f4a0d27b739804204de4a9c6af10956b6e392975fe738e44cd9,5.3389188605e-05,2026-09-01,LONG,0.13999999999999999,33591124479,9afb1bb6d3c561468edaf19e90465f1f128dee9245042a97ec09b13804935306,Delta_LS_70_30,AAVE
2489.76,2026-09-01,2415.7,1507a72fa093ef9a91e2c208667c3f82f4cf09cb1e045b946eee879aa8e15433,0.0002149063764502,2026-09-01,LONG,0.13999999999999999,33591124479,9afb1bb6d3c561468edaf19e90465f1f128dee9245042a97ec09b13804935306,Delta_LS_70_30,ETH
1.3972,2026-09-01,1.3564,ce66719614b0cffd87d4ae18c4fd72586e02fee6f13a91668d3eece82bf6f18f,0.00030000000000000003,2026-09-01,LONG,0.13999999999999999,33591124479,9afb1bb6d3c561468edaf19e90465f1f128dee9245042a97ec09b13804935306,Delta_LS_70_30,XRP
131.66,2026-09-01,126.92,cdd8fe33e5f3b821ee58647d10a114a79575b2a33d012c6c391700ea854c9ac4,5.3389188605e-05,2026-09-01,LONG,0.09962639226067922,33591124479,9afb1bb6d3c561468edaf19e90465f1f128dee9245042a97ec09b13804935306,Delta_LS_70_30_StopVol,AAVE
2489.76,2026-09-01,2415.7,1d8273fb1d2fc275c9788bf8727fd87515b9ebd49b10464f9512a0df43155238,0.0002149063764502,2026-09-01,LONG,0.13999999999999999,33591124479,9afb1bb6d3c561468edaf19e90465f1f128dee9245042a97ec09b13804935306,Delta_LS_70_30_StopVol,ETH
1.3972,2026-09-01,1.3564,29fade2f0cdffa15a2ff069b0d2d4664e944a551e5bf720ecdf18a16284e15ca,0.00030000000000000003,2026-09-01,LONG,0.12163142322392334,33591124479,9afb1bb6d3c561468edaf19e90465f1f128dee9245042a97ec09b13804935306,Delta_LS_70_30_StopVol,XRP
131.66,2026-09-01,126.92,938dd0ee25d869b8f5cebd42336aabb2544d846a7d9e1f059319da911325bf77,5.3389188605e-05,2026-09-01,LONG,0.1,33591124479,9afb1bb6d3c561468edaf19e90465f1f128dee9245042a97ec09b13804935306,Delta_LS_50_50,AAVE
2489.76,2026-09-01,2415.7,5d8d6fa6cf033b51efac963ddaf6d7830904774e95b5f7a9c17640b75a01f127,0.0002149063764502,2026-09-01,LONG,0.1,33591124479,9afb1bb6d3c561468edaf19e90465f1f128dee9245042a97ec09b13804935306,Delta_LS_50_50,ETH
1.3972,2026-09-01,1.3564,a01acdb2dad8fdf31e1bcc34d86bd3015d245760afe32b30e950ae6161d20d44,0.00030000000000000003,2026-09-01,LONG,0.1,33591124479,9afb1bb6d3c561468edaf19e90465f1f128dee9245042a97ec09b13804935306,Delta_LS_50_50,XRP
131.66,2026-09-01,126.92,af17b7256dd750bcea1858a49a079f11f911f0eb165158340b106c2ad89ce149,5.3389188605e-05,2026-09-01,LONG,0.07116170875762803,33591124479,9afb1bb6d3c561468edaf19e90465f1f128dee9245042a97ec09b13804935306,Delta_LS_50_50_StopVol,AAVE
2489.76,2026-09-01,2415.7,ab97502f4c80058892b5eb475ca45a71d9f51df812a7d2cef1a04b78c73901f2,0.0002149063764502,2026-09-01,LONG,0.1,33591124479,9afb1bb6d3c561468edaf19e90465f1f128dee9245042a97ec09b13804935306,Delta_LS_50_50_StopVol,ETH
1.3972,2026-09-01,1.3564,df26c396c4782325216f3b7ed9627e41e42879a3fd80f4c7387d6f5e50696832,0.00030000000000000003,2026-09-01,LONG,0.08687958801708812,33591124479,9afb1bb6d3c561468edaf19e90465f1f128dee9245042a97ec09b13804935306,Delta_LS_50_50_StopVol,XRP
135.44,2026-09-02,126.92,7419ecd384d67e5207695ef12dea943416c6a835c401a98a363a1f5e7b974b02,0.0001284489649291,2026-09-02,LONG,0.13999999999999999,33714746536,4ff281da61efe7407cc71bd15984ecb3707769041daae3c1d8ad6247c8c32371,Delta_LS_70_30,AAVE
2489.76,2026-09-02,2415.7,ecbcc95f6440fa56887f5697d2bac5b81b36649d1cfe65384e42d34012937bed,0.0001889067985857,2026-09-02,LONG,0.13999999999999999,33714746536,4ff281da61efe7407cc71bd15984ecb3707769041daae3c1d8ad6247c8c32371,Delta_LS_70_30,ETH
1.3972,2026-09-02,1.3564,95b4da58c0098bc092856139859896c832f6170d6e53543c43c81b4c98121c28,0.0002480174427921,2026-09-02,LONG,0.13999999999999999,33714746536,4ff281da61efe7407cc71bd15984ecb3707769041daae3c1d8ad6247c8c32371,Delta_LS_70_30,XRP
0.12819,2026-09-02,0.11036,e4f30a77e6634c269187ca8574e3e837a1218fea702d707ee21d002f55b7ad74,0.0001963608303845,2026-09-02,LONG,0.13999999999999999,33714746536,4ff281da61efe7407cc71bd15984ecb3707769041daae3c1d8ad6247c8c32371,Delta_LS_70_30,ARB
100.65,2026-09-02,99.92,6bc53f17a1cbf268a702223db4a348d7041975604e5a455c4b4015f51cd93626,-4.31122435763e-05,2026-09-02,LONG,0.13999999999999999,33714746536,4ff281da61efe7407cc71bd15984ecb3707769041daae3c1d8ad6247c8c32371,Delta_LS_70_30,SOL
0.32079,2026-09-02,0.3218,4c49a2c99e191bee2b6ba78aa085a487a204daf7eb7de37828c115f94bb78676,-0.00257497207736,2026-09-02,SHORT,-0.06,33714746536,4ff281da61efe7407cc71bd15984ecb3707769041daae3c1d8ad6247c8c32371,Delta_LS_70_30,TRX
135.44,2026-09-02,126.92,65f5462ae71a45bbe4c7014f1b2412bc6bc58450252324172e84c1c550453fe3,0.0001284489649291,2026-09-02,LONG,0.0994540304450703,33714746536,4ff281da61efe7407cc71bd15984ecb3707769041daae3c1d8ad6247c8c32371,Delta_LS_70_30_StopVol,AAVE
2489.76,2026-09-02,2415.7,397bd25b724654269f615c74c9e6c1e6dd139666503ab3e784000b168d1e68c6,0.0001889067985857,2026-09-02,LONG,0.13999999999999999,33714746536,4ff281da61efe7407cc71bd15984ecb3707769041daae3c1d8ad6247c8c32371,Delta_LS_70_30_StopVol,ETH
1.3972,2026-09-02,1.3564,4d1dca360139fb6125958230ad21d542f8ad88c200416a8ffbfd574898bd1a56,0.0002480174427921,2026-09-02,LONG,0.1210284761761115,33714746536,4ff281da61efe7407cc71bd15984ecb3707769041daae3c1d8ad6247c8c32371,Delta_LS_70_30_StopVol,XRP
0.12819,2026-09-02,0.11036,9554602325d3cfbbe0d9726325822573c8ab8cf4ab48639a250c87c2bfc136bd,0.0001963608303845,2026-09-02,LONG,0.07893668329664645,33714746536,4ff281da61efe7407cc71bd15984ecb3707769041daae3c1d8ad6247c8c32371,Delta_LS_70_30_StopVol,ARB
100.65,2026-09-02,99.92,be56adb6f0a6b7a6b572241abd4a617449160f8b7602c1f46b50deeca0ce60c4,-4.31122435763e-05,2026-09-02,LONG,0.13999999999999999,33714746536,4ff281da61efe7407cc71bd15984ecb3707769041daae3c1d8ad6247c8c32371,Delta_LS_70_30_StopVol,SOL
0.32079,2026-09-02,0.3218,85039edbee3c54f69751dd8dabb7a6c20c9bad8d7aa3281a7f7b96255b08b3eb,-0.00257497207736,2026-09-02,SHORT,-0.06,33714746536,4ff281da61efe7407cc71bd15984ecb3707769041daae3c1d8ad6247c8c32371,Delta_LS_70_30_StopVol,TRX
135.44,2026-09-02,126.92,91e1876ed173f102854505e4f7bcafd4598dc0f2a625c0f2f71913cf3fa4b2d3,0.0001284489649291,2026-09-02,LONG,0.1,33714746536,4ff281da61efe7407cc71bd15984ecb3707769041daae3c1d8ad6247c8c32371,Delta_LS_50_50,AAVE
2489.76,2026-09-02,2415.7,6594754ed1328eedb6921c8f4f1014e109e05cc70c5726a239b0b3ef2fe2b70d,0.0001889067985857,2026-09-02,LONG,0.1,33714746536,4ff281da61efe7407cc71bd15984ecb3707769041daae3c1d8ad6247c8c32371,Delta_LS_50_50,ETH
1.3972,2026-09-02,1.3564,4595d8d37e6d1e69917bde0ee7ff48b8437b91403504df0cf9d381ba130f445a,0.0002480174427921,2026-09-02,LONG,0.1,33714746536,4ff281da61efe7407cc71bd15984ecb3707769041daae3c1d8ad6247c8c32371,Delta_LS_50_50,XRP
0.12819,2026-09-02,0.11036,e8c387e6617863d58efb347b7942944c734b1dfb8e87b222ad5996bae2f715ad,0.0001963608303845,2026-09-02,LONG,0.1,33714746536,4ff281da61efe7407cc71bd15984ecb3707769041daae3c1d8ad6247c8c32371,Delta_LS_50_50,ARB
100.65,2026-09-02,99.92,ae572de47574c2a7d3cd97683059f3cfcf06e13cc18f8ec864cf29a81504cea7,-4.31122435763e-05,2026-09-02,LONG,0.1,33714746536,4ff281da61efe7407cc71bd15984ecb3707769041daae3c1d8ad6247c8c32371,Delta_LS_50_50,SOL
0.32079,2026-09-02,0.3218,2bbdcb8d5d552c6ada98d9a54e622e0d6f91ad73c9a18019abe13164510ec518,-0.00257497207736,2026-09-02,SHORT,-0.1,33714746536,4ff281da61efe7407cc71bd15984ecb3707769041daae3c1d8ad6247c8c32371,Delta_LS_50_50,TRX
135.44,2026-09-02,126.92,acdb6c5a196442b0cf2668f478c227a5efabae4feda053668718533ff6a7f21b,0.0001284489649291,2026-09-02,LONG,0.07103859317505022,33714746536,4ff281da61efe7407cc71bd15984ecb3707769041daae3c1d8ad6247c8c32371,Delta_LS_50_50_StopVol,AAVE
2489.76,2026-09-02,2415.7,bce7c43e8fb00ed2ad08fe504d8d33d08b473988780437bcc3bdb6b9043a4717,0.0001889067985857,2026-09-02,LONG,0.1,33714746536,4ff281da61efe7407cc71bd15984ecb3707769041daae3c1d8ad6247c8c32371,Delta_LS_50_50_StopVol,ETH
1.3972,2026-09-02,1.3564,72fa78995d23c5e0d8035e6d1342a6e61cc45e63e19b179012da6dde3e2609a2,0.0002480174427921,2026-09-02,LONG,0.08644891155436536,33714746536,4ff281da61efe7407cc71bd15984ecb3707769041daae3c1d8ad6247c8c32371,Delta_LS_50_50_StopVol,XRP
0.12819,2026-09-02,0.11036,ae2dd7eb0c575fbb33d1ec16ca7b49fcafc39eb5f4982b962b3a24a8bc006e52,0.0001963608303845,2026-09-02,LONG,0.056383345211890326,33714746536,4ff281da61efe7407cc71bd15984ecb3707769041daae3c1d8ad6247c8c32371,Delta_LS_50_50_StopVol,ARB
100.65,2026-09-02,99.92,180e3ac145acb2f3014014ab216392ad4b83ced663926a1a36e0ee078f041a8e,-4.31122435763e-05,2026-09-02,LONG,0.1,33714746536,4ff281da61efe7407cc71bd15984ecb3707769041daae3c1d8ad6247c8c32371,Delta_LS_50_50_StopVol,SOL
0.32079,2026-09-02,0.3218,f9153cad247ecbc6ec49c25a75e65048f00e5213323d8e7216a8015f88727317,-0.00257497207736,2026-09-02,SHORT,-0.1,33714746536,4ff281da61efe7407cc71bd15984ecb3707769041daae3c1d8ad6247c8c32371,Delta_LS_50_50_StopVol,TRX
135.44,2026-09-03,126.92,ed537b0616aa82018ccefd5bb9f813b5fcf87c6f7e9571c3d89596a94eb498dc,3.72132581736e-05,2026-09-03,LONG,0.13999999999999999,33837068826,6da608dfa4bb6fc9b4a914a68ccee790a95753bf513698a2f34a767ce96b4af5,Delta_LS_70_30,AAVE
1.4839,2026-09-03,1.3564,d5d61d5fa38148cdebdca4098f333b0b6efd6df423a1dc7ecbbfcfccfa263931,0.00030000000000000003,2026-09-03,LONG,0.13999999999999999,33837068826,6da608dfa4bb6fc9b4a914a68ccee790a95753bf513698a2f34a767ce96b4af5,Delta_LS_70_30,XRP
0.14485,2026-09-03,0.11036,618d109f7a548c49bcb2179e84cca1fc0dbcff09dcfa2fce0bfc0ddf261e5e6e,7.27478005646e-05,2026-09-03,LONG,0.13999999999999999,33837068826,6da608dfa4bb6fc9b4a914a68ccee790a95753bf513698a2f34a767ce96b4af5,Delta_LS_70_30,ARB
105.89,2026-09-03,99.92,75e048f2114334ce07da4304ea370def393002024b6226a20cf30dae02540bc7,5.31615979801e-05,2026-09-03,LONG,0.13999999999999999,33837068826,6da608dfa4bb6fc9b4a914a68ccee790a95753bf513698a2f34a767ce96b4af5,Delta_LS_70_30,SOL
0.32079,2026-09-03,0.3218,c6ecf2e55361d544cd21e72691fffe63fe752b379d739843d92916676603a044,-0.0007917804989756999,2026-09-03,SHORT,-0.06,33837068826,6da608dfa4bb6fc9b4a914a68ccee790a95753bf513698a2f34a767ce96b4af5,Delta_LS_70_30,TRX
135.44,2026-09-03,126.92,9209a5e385fe489d2a30faef8bdb5c23f114eb20ba50c72955a54800cebd765f,3.72132581736e-05,2026-09-03,LONG,0.09932935309258197,33837068826,6da608dfa4bb6fc9b4a914a68ccee790a95753bf513698a2f34a767ce96b4af5,Delta_LS_70_30_StopVol,AAVE
1.4839,2026-09-03,1.3564,f615cc1fd209b9a59abf378a08b893108a2a0608f114787883331dac4d3a44e5,0.00030000000000000003,2026-09-03,LONG,0.12129604508523065,33837068826,6da608dfa4bb6fc9b4a914a68ccee790a95753bf513698a2f34a767ce96b4af5,Delta_LS_70_30_StopVol,XRP
0.14485,2026-09-03,0.11036,b3564bf7ef5b53c88df888df97ddeac55c7844974cb609f2b5f396f51808140b,7.27478005646e-05,2026-09-03,LONG,0.07589189545944335,33837068826,6da608dfa4bb6fc9b4a914a68ccee790a95753bf513698a2f34a767ce96b4af5,Delta_LS_70_30_StopVol,ARB
105.89,2026-09-03,99.92,7fb6ff4298c38273a8c332d42af15a5fc486d8f2b9ba4e45fb0dbcd84269bcf4,5.31615979801e-05,2026-09-03,LONG,0.13999999999999999,33837068826,6da608dfa4bb6fc9b4a914a68ccee790a95753bf513698a2f34a767ce96b4af5,Delta_LS_70_30_StopVol,SOL
0.32079,2026-09-03,0.3218,806f6977972c48fe5a1c0115d217491f79d01da501b15eb2c05df748358a6139,-0.0007917804989756999,2026-09-03,SHORT,-0.06,33837068826,6da608dfa4bb6fc9b4a914a68ccee790a95753bf513698a2f34a767ce96b4af5,Delta_LS_70_30_StopVol,TRX
135.44,2026-09-03,126.92,ddc8cbab1cb135549f80e81d0330edf3098187ef7aa320c17b372b376b02b874,3.72132581736e-05,2026-09-03,LONG,0.1,33837068826,6da608dfa4bb6fc9b4a914a68ccee790a95753bf513698a2f34a767ce96b4af5,Delta_LS_50_50,AAVE
1.4839,2026-09-03,1.3564,d714a7a48e0bbf770422883326c84ec5a8e7c502d386158318aaa5cf85fb0747,0.00030000000000000003,2026-09-03,LONG,0.1,33837068826,6da608dfa4bb6fc9b4a914a68ccee790a95753bf513698a2f34a767ce96b4af5,Delta_LS_50_50,XRP
0.14485,2026-09-03,0.11036,b48d7fd0dd0044bc7c0de2fd43a0215ecb23bfe5b5a220a384e5acf95f1a742e,7.27478005646e-05,2026-09-03,LONG,0.1,33837068826,6da608dfa4bb6fc9b4a914a68ccee790a95753bf513698a2f34a767ce96b4af5,Delta_LS_50_50,ARB
105.89,2026-09-03,99.92,f33fd56ad01e38f4bce6c870e308f10a38b3f845f1bd4993c408769f0d184250,5.31615979801e-05,2026-09-03,LONG,0.1,33837068826,6da608dfa4bb6fc9b4a914a68ccee790a95753bf513698a2f34a767ce96b4af5,Delta_LS_50_50,SOL
0.32079,2026-09-03,0.3218,82e0eea1b6a419e948852fbb06ff6c678371c304e46f408207676587dd421887,-0.0007917804989756999,2026-09-03,SHORT,-0.1,33837068826,6da608dfa4bb6fc9b4a914a68ccee790a95753bf513698a2f34a767ce96b4af5,Delta_LS_50_50,TRX
135.44,2026-09-03,126.92,bdd38bb04fe81f73b61c3d4d993d0963e64e3f9c2eb53fedf52b31cd9f5981cc,3.72132581736e-05,2026-09-03,LONG,0.07094953792327284,33837068826,6da608dfa4bb6fc9b4a914a68ccee790a95753bf513698a2f34a767ce96b4af5,Delta_LS_50_50_StopVol,AAVE
1.4839,2026-09-03,1.3564,ce22ec66b1b42a3c9a60c66bb8c81e31a5af0b8e45c33ae61e022998fcd0056a,0.00030000000000000003,2026-09-03,LONG,0.08664003220373619,33837068826,6da608dfa4bb6fc9b4a914a68ccee790a95753bf513698a2f34a767ce96b4af5,Delta_LS_50_50_StopVol,XRP
0.14485,2026-09-03,0.11036,0e616c35b46de941db00e33527e6eb83cc6b8a98db49280f7ae3009efcfe7939,7.27478005646e-05,2026-09-03,LONG,0.05420849675674525,33837068826,6da608dfa4bb6fc9b4a914a68ccee790a95753bf513698a2f34a767ce96b4af5,Delta_LS_50_50_StopVol,ARB
105.89,2026-09-03,99.92,079884c6b210947f737ecdb88cb119c96f9864fb93c59299d41564e1dfeca3c9,5.31615979801e-05,2026-09-03,LONG,0.1,33837068826,6da608dfa4bb6fc9b4a914a68ccee790a95753bf513698a2f34a767ce96b4af5,Delta_LS_50_50_StopVol,SOL
0.32079,2026-09-03,0.3218,62515e074dea92004ec106a88501434e07eeaa74db24a30525db9d65978aabbb,-0.0007917804989756999,2026-09-03,SHORT,-0.1,33837068826,6da608dfa4bb6fc9b4a914a68ccee790a95753bf513698a2f34a767ce96b4af5,Delta_LS_50_50_StopVol,TRX
136.18,2026-09-04,126.92,b2fc3ec887946f2b16fbdefdf31fadad6d0a26aa2c1ffa4d09de09a87562b39c,0.0001281694392628,2026-09-04,LONG,0.13999999999999999,33944536398,9a37fbd1dcd2d434bff0185b1ee362568f5e7daf9d3b8aa5bd670f8b3c02ce26,Delta_LS_70_30,AAVE
1.4839,2026-09-04,1.3564,13917d0887d05045c9e8cee2ad739e40ee9f1f11ee5718c1e8311a45f9adc5b8,0.00030000000000000003,2026-09-04,LONG,0.13999999999999999,33944536398,9a37fbd1dcd2d434bff0185b1ee362568f5e7daf9d3b8aa5bd670f8b3c02ce26,Delta_LS_70_30,XRP
0.32079,2026-09-04,0.3218,d14cf945048226606dde8bd7740a98d05be108fd6e7c5ff84b44134b1ba74360,-0.0011149256461836,2026-09-04,SHORT,-0.06,33944536398,9a37fbd1dcd2d434bff0185b1ee362568f5e7daf9d3b8aa5bd670f8b3c02ce26,Delta_LS_70_30,TRX
136.18,2026-09-04,126.92,aa2e3a4380132757dd308e3db9e4f05d10b1cbce6c8ad43990c4fcc0bba30df3,0.0001281694392628,2026-09-04,LONG,0.09944766966913136,33944536398,9a37fbd1dcd2d434bff0185b1ee362568f5e7daf9d3b8aa5bd670f8b3c02ce26,Delta_LS_70_30_StopVol,AAVE
1.4839,2026-09-04,1.3564,da8b6ed1436efce559abe465b2a7f4b378dd4ff4e914a826bbe3c7dc5a705b22,0.00030000000000000003,2026-09-04,LONG,0.11754734567628056,33944536398,9a37fbd1dcd2d434bff0185b1ee362568f5e7daf9d3b8aa5bd670f8b3c02ce26,Delta_LS_70_30_StopVol,XRP
0.32079,2026-09-04,0.3218,d699c81185bc8affe7b8d8b711f797a28216fb17e0dc396aaab9f60bf6cbef22,-0.0011149256461836,2026-09-04,SHORT,-0.06,33944536398,9a37fbd1dcd2d434bff0185b1ee362568f5e7daf9d3b8aa5bd670f8b3c02ce26,Delta_LS_70_30_StopVol,TRX
136.18,2026-09-04,126.92,a5207da09c7b9b9c4eb8d5e4f6e3b0cfd9484939c8aaf3a8abae848f680a83e7,0.0001281694392628,2026-09-04,LONG,0.1,33944536398,9a37fbd1dcd2d434bff0185b1ee362568f5e7daf9d3b8aa5bd670f8b3c02ce26,Delta_LS_50_50,AAVE
1.4839,2026-09-04,1.3564,e4f5c2a49c9e7c9093dfa509f20f39ae31b610ba2800a1607ab8ab387bd29a32,0.00030000000000000003,2026-09-04,LONG,0.1,33944536398,9a37fbd1dcd2d434bff0185b1ee362568f5e7daf9d3b8aa5bd670f8b3c02ce26,Delta_LS_50_50,XRP
0.32079,2026-09-04,0.3218,52cf00e06fcbdd80120065c4770ee3ffd014b1d575bbce0c141f9414ee023c90,-0.0011149256461836,2026-09-04,SHORT,-0.1,33944536398,9a37fbd1dcd2d434bff0185b1ee362568f5e7daf9d3b8aa5bd670f8b3c02ce26,Delta_LS_50_50,TRX
136.18,2026-09-04,126.92,4d2278ffd8ce3623611907038a269be1ae9e0a6c1c4f2161be13e6c72f60df09,0.0001281694392628,2026-09-04,LONG,0.07103404976366527,33944536398,9a37fbd1dcd2d434bff0185b1ee362568f5e7daf9d3b8aa5bd670f8b3c02ce26,Delta_LS_50_50_StopVol,AAVE
1.4839,2026-09-04,1.3564,f5c08638119ca9a53fe6c4c6b7cb407d11e9f9762faf5f191d8ae56f234e4d26,0.00030000000000000003,2026-09-04,LONG,0.08396238976877185,33944536398,9a37fbd1dcd2d434bff0185b1ee362568f5e7daf9d3b8aa5bd670f8b3c02ce26,Delta_LS_50_50_StopVol,XRP
0.32079,2026-09-04,0.3218,ef9cb7bfb6f220c07c52f54537fc4ae9de678d7fa70952e82a9e38c7c9558c3c,-0.0011149256461836,2026-09-04,SHORT,-0.1,33944536398,9a37fbd1dcd2d434bff0185b1ee362568f5e7daf9d3b8aa5bd670f8b3c02ce26,Delta_LS_50_50_StopVol,TRX
136.18,2026-09-05,126.92,69a0f0c38938838fa639f43bd9888905d82e50b46b093256bf23199632594221,0.0001348821658136,2026-09-05,LONG,0.13999999999999999,34011930549,e72411bef1a5d58aadb4e53b996827a55aa026681d8a391d2cda2f25d381afc9,Delta_LS_70_30,AAVE
12.233,2026-09-05,11.627,c3a2fb1f45d36bdfa7a3f067d38756909e063dcbecc00066ed00003cb96ece9e,0.0002191483280868,2026-09-05,LONG,0.13999999999999999,34011930549,e72411bef1a5d58aadb4e53b996827a55aa026681d8a391d2cda2f25d381afc9,Delta_LS_70_30,LINK
136.18,2026-09-05,126.92,ee97c2fefe60fd5069174600decbf97acaa473b00d1f69bd84cfada36bba1093,0.0001348821658136,2026-09-05,LONG,0.09913398431899519,34011930549,e72411bef1a5d58aadb4e53b996827a55aa026681d8a391d2cda2f25d381afc9,Delta_LS_70_30_StopVol,AAVE
12.233,2026-09-05,11.627,52c97b3aaf7283e1c7afad39b107356f822dff82482a8ac3fe4ffbb83cfedd53,0.0002191483280868,2026-09-05,LONG,0.13999999999999999,34011930549,e72411bef1a5d58aadb4e53b996827a55aa026681d8a391d2cda2f25d381afc9,Delta_LS_70_30_StopVol,LINK
136.18,2026-09-05,126.92,e0b8feaf52960dca6f7eed2d6b852be2bcf9531c0326d92370f0b8b5e0da04e8,0.0001348821658136,2026-09-05,LONG,0.1,34011930549,e72411bef1a5d58aadb4e53b996827a55aa026681d8a391d2cda2f25d381afc9,Delta_LS_50_50,AAVE
12.233,2026-09-05,11.627,2a76b643e635c7bcf4faf4cd6fe5bb07edc6136872e194aab41433de2fd85905,0.0002191483280868,2026-09-05,LONG,0.1,34011930549,e72411bef1a5d58aadb4e53b996827a55aa026681d8a391d2cda2f25d381afc9,Delta_LS_50_50,LINK
136.18,2026-09-05,126.92,554730dcf23b789c3c008e363910eef6198d5908b291bd1c3646f722c21944f3,0.0001348821658136,2026-09-05,LONG,0.07080998879928228,34011930549,e72411bef1a5d58aadb4e53b996827a55aa026681d8a391d2cda2f25d381afc9,Delta_LS_50_50_StopVol,AAVE
12.233,2026-09-05,11.627,f6a738a281c14542e53d469d96dfe9b12054859fd9afa5f8fe28567e57c8287c,0.0002191483280868,2026-09-05,LONG,0.1,34011930549,e72411bef1a5d58aadb4e53b996827a55aa026681d8a391d2cda2f25d381afc9,Delta_LS_50_50_StopVol,LINK
140.28,2026-09-06,126.92,720db6ea0f21350b9a0d5489be663b9151f694d06e6fd3f5765649cd0a091366,0.00011164981947890001,2026-09-06,LONG,0.13999999999999999,34083879732,0027787286b5980406ed4f15f3a042fb58ba9f5c988aeecedc4e2ecbb5422d1a,Delta_LS_70_30,AAVE
13.343,2026-09-06,11.627,daa4de48f8ec43f05f2f54bc98ec60fbcbba12a16069bc80cbf2d20d26a64e8a,0.0002927740214502,2026-09-06,LONG,0.13999999999999999,34083879732,0027787286b5980406ed4f15f3a042fb58ba9f5c988aeecedc4e2ecbb5422d1a,Delta_LS_70_30,LINK
0.2151,2026-09-06,0.2182,bea5df940da01447cd37998284f495a92bfb321f929d8fe8d482520b21c407f9,0.00030000000000000003,2026-09-06,SHORT,-0.06,34083879732,0027787286b5980406ed4f15f3a042fb58ba9f5c988aeecedc4e2ecbb5422d1a,Delta_LS_70_30,ADA
0.6029,2026-09-06,0.6133,78398f3ba9f0a798a2755aca6fb41c93336bb7023fe2fa87169f1dc70b224eee,0.00030000000000000003,2026-09-06,SHORT,-0.06,34083879732,0027787286b5980406ed4f15f3a042fb58ba9f5c988aeecedc4e2ecbb5422d1a,Delta_LS_70_30,APT
253.6,2026-09-06,256.0,76c328fa254949b0798dbd924ff4978538d1843b20456e2df8afb55843a3205f,0.0002671982709529,2026-09-06,SHORT,-0.06,34083879732,0027787286b5980406ed4f15f3a042fb58ba9f5c988aeecedc4e2ecbb5422d1a,Delta_LS_70_30,BCH
7.552,2026-09-06,7.723,621337388bf93803a73d388c6a7ea651f8594bcc9e64454ed3c7d22fc63c7dc8,0.000164310793287,2026-09-06,SHORT,-0.06,34083879732,0027787286b5980406ed4f15f3a042fb58ba9f5c988aeecedc4e2ecbb5422d1a,Delta_LS_70_30,ETC
2.501,2026-09-06,2.189,1a9c29c38d42db22d73d1e4c8d028ee01afb282a01b1df4a674442dfbca0945b,0.00030000000000000003,2026-09-06,LONG,0.13999999999999999,34083879732,0027787286b5980406ed4f15f3a042fb58ba9f5c988aeecedc4e2ecbb5422d1a,Delta_LS_70_30,NEAR
140.28,2026-09-06,126.92,1e4cc1bf815a6155580165895682937c4a3d5f0f142da45afce3f9137dd72da0,0.00011164981947890001,2026-09-06,LONG,0.09909868426380558,34083879732,0027787286b5980406ed4f15f3a042fb58ba9f5c988aeecedc4e2ecbb5422d1a,Delta_LS_70_30_StopVol,AAVE
13.343,2026-09-06,11.627,0b0af7fe248c2a609d5853a9cf1f0277d2e30430d153067e55c1bcdda03ce474,0.0002927740214502,2026-09-06,LONG,0.13999999999999999,34083879732,0027787286b5980406ed4f15f3a042fb58ba9f5c988aeecedc4e2ecbb5422d1a,Delta_LS_70_30_StopVol,LINK
0.2151,2026-09-06,0.2182,169d4bb387ff40267043b07a36b843e1a348751f45d771eede3282e8f87a0bc1,0.00030000000000000003,2026-09-06,SHORT,-0.053660004603060134,34083879732,0027787286b5980406ed4f15f3a042fb58ba9f5c988aeecedc4e2ecbb5422d1a,Delta_LS_70_30_StopVol,ADA
0.6029,2026-09-06,0.6133,7c2e4c7ed9ed64e28ffbc00d0aee562e65ebe6209021f27d21061926bdcf2353,0.00030000000000000003,2026-09-06,SHORT,-0.05495337906303917,34083879732,0027787286b5980406ed4f15f3a042fb58ba9f5c988aeecedc4e2ecbb5422d1a,Delta_LS_70_30_StopVol,APT
253.6,2026-09-06,256.0,2fcc34c0e4450419e506299ba65bda0191b9e754e67e3a231df44c7d729e65da,0.0002671982709529,2026-09-06,SHORT,-0.040010633987214446,34083879732,0027787286b5980406ed4f15f3a042fb58ba9f5c988aeecedc4e2ecbb5422d1a,Delta_LS_70_30_StopVol,BCH
7.552,2026-09-06,7.723,ad4daa8181d176c887d29603154867f1457b4899561ab615c87332acb92c84f5,0.000164310793287,2026-09-06,SHORT,-0.05161549933550687,34083879732,0027787286b5980406ed4f15f3a042fb58ba9f5c988aeecedc4e2ecbb5422d1a,Delta_LS_70_30_StopVol,ETC
2.501,2026-09-06,2.189,4d9829dd3ef694f07336f6a09b28a746c975e420dbabcd3615d1ad5a8a1b7cbb,0.00030000000000000003,2026-09-06,LONG,0.12813251889555974,34083879732,0027787286b5980406ed4f15f3a042fb58ba9f5c988aeecedc4e2ecbb5422d1a,Delta_LS_70_30_StopVol,NEAR
140.28,2026-09-06,126.92,8cef974d6c93f5a51e33421f7377fbb9b548088bab1e3099f36ca33b608181da,0.00011164981947890001,2026-09-06,LONG,0.1,34083879732,0027787286b5980406ed4f15f3a042fb58ba9f5c988aeecedc4e2ecbb5422d1a,Delta_LS_50_50,AAVE
13.343,2026-09-06,11.627,ca8c115c7baa71c3a0d36336e4534db63d55691f7f6e97481e595194d3fae294,0.0002927740214502,2026-09-06,LONG,0.1,34083879732,0027787286b5980406ed4f15f3a042fb58ba9f5c988aeecedc4e2ecbb5422d1a,Delta_LS_50_50,LINK
0.2151,2026-09-06,0.2182,e540a8abbf3435aa28b6b2c070f44bf19d77365e43f12233760685f584f1bfa1,0.00030000000000000003,2026-09-06,SHORT,-0.1,34083879732,0027787286b5980406ed4f15f3a042fb58ba9f5c988aeecedc4e2ecbb5422d1a,Delta_LS_50_50,ADA
0.6029,2026-09-06,0.6133,fdb9f93d82e053ea5f41895059bab529fab1ede3f6aba24a6d0308d70cc0ffb2,0.00030000000000000003,2026-09-06,SHORT,-0.1,34083879732,0027787286b5980406ed4f15f3a042fb58ba9f5c988aeecedc4e2ecbb5422d1a,Delta_LS_50_50,APT
253.6,2026-09-06,256.0,557a8d9765583185e95a79784ee6a59ad3974f4715b00834446d594942c332a4,0.0002671982709529,2026-09-06,SHORT,-0.1,34083879732,0027787286b5980406ed4f15f3a042fb58ba9f5c988aeecedc4e2ecbb5422d1a,Delta_LS_50_50,BCH
7.552,2026-09-06,7.723,79b4a4a020a7e75d6aad3abed77c0aae9a985e1c96d7d1cf35aca7937f4e1642,0.000164310793287,2026-09-06,SHORT,-0.1,34083879732,0027787286b5980406ed4f15f3a042fb58ba9f5c988aeecedc4e2ecbb5422d1a,Delta_LS_50_50,ETC
2.501,2026-09-06,2.189,32edf3a3a9168ff5fc314ea8083f32eb1e338e70f8d6e7a8d65598bfa388219b,0.00030000000000000003,2026-09-06,LONG,0.1,34083879732,0027787286b5980406ed4f15f3a042fb58ba9f5c988aeecedc4e2ecbb5422d1a,Delta_LS_50_50,NEAR
140.28,2026-09-06,126.92,5b483bf07c2a8cf4d558d276bea9af58405491ce1c75e36a8d08693a2750cd31,0.00011164981947890001,2026-09-06,LONG,0.07078477447414686,34083879732,0027787286b5980406ed4f15f3a042fb58ba9f5c988aeecedc4e2ecbb5422d1a,Delta_LS_50_50_StopVol,AAVE
13.343,2026-09-06,11.627,126760167e8de06b667a11d8224c13dc472540608e7386ee6d80a2b047df1c62,0.0002927740214502,2026-09-06,LONG,0.1,34083879732,0027787286b5980406ed4f15f3a042fb58ba9f5c988aeecedc4e2ecbb5422d1a,Delta_LS_50_50_StopVol,LINK
0.2151,2026-09-06,0.2182,fcdb00115b0954c6ad2bb7f7e11dc2b8dfc663d08145cb2b8dd47f3003c39956,0.00030000000000000003,2026-09-06,SHORT,-0.08943334100510024,34083879732,0027787286b5980406ed4f15f3a042fb58ba9f5c988aeecedc4e2ecbb5422d1a,Delta_LS_50_50_StopVol,ADA
0.6029,2026-09-06,0.6133,e05bfe91e37ee37efe63a9e265dc00edc93b3e2ddb039696096759ec69cbd1bc,0.00030000000000000003,2026-09-06,SHORT,-0.09158896510506528,34083879732,0027787286b5980406ed4f15f3a042fb58ba9f5c988aeecedc4e2ecbb5422d1a,Delta_LS_50_50_StopVol,APT
253.6,2026-09-06,256.0,b6e1ea7576be539ac5724682afd3be116ee955624abdfb5405bc7e50297576f3,0.0002671982709529,2026-09-06,SHORT,-0.06668438997869075,34083879732,0027787286b5980406ed4f15f3a042fb58ba9f5c988aeecedc4e2ecbb5422d1a,Delta_LS_50_50_StopVol,BCH
7.552,2026-09-06,7.723,fdd7543bf26db89113069db8068f1f05c6c2d6f14c7c016357b7b7948f944d1b,0.000164310793287,2026-09-06,SHORT,-0.08602583222584478,34083879732,0027787286b5980406ed4f15f3a042fb58ba9f5c988aeecedc4e2ecbb5422d1a,Delta_LS_50_50_StopVol,ETC
2.501,2026-09-06,2.189,aa7250887c1fb827488a87f404521f420b55b0703aebbbc1764ab2ef2ac83eaf,0.00030000000000000003,2026-09-06,LONG,0.09152322778254268,34083879732,0027787286b5980406ed4f15f3a042fb58ba9f5c988aeecedc4e2ecbb5422d1a,Delta_LS_50_50_StopVol,NEAR
13.672,2026-09-07,11.627,c66cbd462be409febbc916cce92f1074d96e98777a1ff4c59271f22d2f19e76b,0.0001852413316303,2026-09-07,LONG,0.13999999999999999,34187408288,751aefd8bacf9343aa30d3689fbd2a745d5bc317b03b920988eb864b15636ea4,Delta_LS_70_30,LINK
0.2141,2026-09-07,0.2182,8a86e83d1576808a1dfa42bd5b37c0116afc4c5b0b64311ded6ba3ce5f6dc5fb,0.00030000000000000003,2026-09-07,SHORT,-0.06,34187408288,751aefd8bacf9343aa30d3689fbd2a745d5bc317b03b920988eb864b15636ea4,Delta_LS_70_30,ADA
251.8,2026-09-07,256.0,29d4061330852f1ed2ed36aaa4c4b2f4f26604df18b768c5b1e936008493b486,9.536868550409999e-05,2026-09-07,SHORT,-0.06,34187408288,751aefd8bacf9343aa30d3689fbd2a745d5bc317b03b920988eb864b15636ea4,Delta_LS_70_30,BCH
7.552,2026-09-07,7.723,dd7278b0f96b6404b5fb737ac6091fa67fae988f9537e45c844e449956fb6814,0.0002181428544524,2026-09-07,SHORT,-0.06,34187408288,751aefd8bacf9343aa30d3689fbd2a745d5bc317b03b920988eb864b15636ea4,Delta_LS_70_30,ETC
107.04,2026-09-07,106.5,ec9e02ec769b198c7bbc3de87bdaf2f6e87298047f007b8f80f59112bed828a4,-1.2438099317799998e-05,2026-09-07,LONG,0.13999999999999999,34187408288,751aefd8bacf9343aa30d3689fbd2a745d5bc317b03b920988eb864b15636ea4,Delta_LS_70_30,SOL
0.33336,2026-09-07,0.33489,48c0f94e019628014e07996b005e7b9d52acfba89027d5a15f0e393b1bd6956b,-0.0003112171294405,2026-09-07,SHORT,-0.06,34187408288,751aefd8bacf9343aa30d3689fbd2a745d5bc317b03b920988eb864b15636ea4,Delta_LS_70_30,TRX
13.672,2026-09-07,11.627,f2c065bc4caa7948205b79d39435bbba6236006526ede7bbcd2aa8600e0d9a05,0.0001852413316303,2026-09-07,LONG,0.13818450313043681,34187408288,751aefd8bacf9343aa30d3689fbd2a745d5bc317b03b920988eb864b15636ea4,Delta_LS_70_30_StopVol,LINK
0.2141,2026-09-07,0.2182,61fbe0b0ca8e14a4435993a8d492fb18ec3e14ef37a481fe6085f77600f968c3,0.00030000000000000003,2026-09-07,SHORT,-0.05349468124564718,34187408288,751aefd8bacf9343aa30d3689fbd2a745d5bc317b03b920988eb864b15636ea4,Delta_LS_70_30_StopVol,ADA
251.8,2026-09-07,256.0,5233c0d2f9a6da2304b5751ce3789523dd0e4a5f5beedc19d5a96d19540a7644,9.536868550409999e-05,2026-09-07,SHORT,-0.039988278943025646,34187408288,751aefd8bacf9343aa30d3689fbd2a745d5bc317b03b920988eb864b15636ea4,Delta_LS_70_30_StopVol,BCH
7.552,2026-09-07,7.723,6a430f68e1352c13e68364cbb8c13d6aa19feb0488fdf9a5c0711d99dd4039cb,0.0002181428544524,2026-09-07,SHORT,-0.05161617604791061,34187408288,751aefd8bacf9343aa30d3689fbd2a745d5bc317b03b920988eb864b15636ea4,Delta_LS_70_30_StopVol,ETC
107.04,2026-09-07,106.5,2eb5c88b3b4814bbb3f614cc7f970532b1714c32cfc3918cec2d9ee99e7c57e1,-1.2438099317799998e-05,2026-09-07,LONG,0.13999999999999999,34187408288,751aefd8bacf9343aa30d3689fbd2a745d5bc317b03b920988eb864b15636ea4,Delta_LS_70_30_StopVol,SOL
0.33336,2026-09-07,0.33489,67117b2cbc0444b766b1dbc0bfa770825db81087580c3c04baf0fda6f9680cf9,-0.0003112171294405,2026-09-07,SHORT,-0.06,34187408288,751aefd8bacf9343aa30d3689fbd2a745d5bc317b03b920988eb864b15636ea4,Delta_LS_70_30_StopVol,TRX
13.672,2026-09-07,11.627,35c3a199994a1c9635fa415b0a6cadac3aae99bd26f7b5297af41702f4230af5,0.0001852413316303,2026-09-07,LONG,0.1,34187408288,751aefd8bacf9343aa30d3689fbd2a745d5bc317b03b920988eb864b15636ea4,Delta_LS_50_50,LINK
0.2141,2026-09-07,0.2182,0dd843d8cb9e649e4947f930039fe8adb08b8bafd5af5bc7bd5defeacd756f23,0.00030000000000000003,2026-09-07,SHORT,-0.1,34187408288,751aefd8bacf9343aa30d3689fbd2a745d5bc317b03b920988eb864b15636ea4,Delta_LS_50_50,ADA
251.8,2026-09-07,256.0,692b0c017292123564ccccafa236970e42b1af45b4895f8cfde943904061b60c,9.536868550409999e-05,2026-09-07,SHORT,-0.1,34187408288,751aefd8bacf9343aa30d3689fbd2a745d5bc317b03b920988eb864b15636ea4,Delta_LS_50_50,BCH
7.552,2026-09-07,7.723,8ec4e62f8c29a42f8d8ce5eed71b25fab4e1854b6214f4ea345670de5ef29147,0.0002181428544524,2026-09-07,SHORT,-0.1,34187408288,751aefd8bacf9343aa30d3689fbd2a745d5bc317b03b920988eb864b15636ea4,Delta_LS_50_50,ETC
107.04,2026-09-07,106.5,321516d1efc0c120cc6cc826b0a3b401e7552154f32542ba2a8dcf608becab0e,-1.2438099317799998e-05,2026-09-07,LONG,0.1,34187408288,751aefd8bacf9343aa30d3689fbd2a745d5bc317b03b920988eb864b15636ea4,Delta_LS_50_50,SOL
0.33336,2026-09-07,0.33489,000516f96e04924aecef4967d73d4dbd7d13c9feacc56732efbbcc482d912d45,-0.0003112171294405,2026-09-07,SHORT,-0.1,34187408288,751aefd8bacf9343aa30d3689fbd2a745d5bc317b03b920988eb864b15636ea4,Delta_LS_50_50,TRX
13.672,2026-09-07,11.627,b34566cb5103a124f6cdd146d62812ba1e26925a8ba0523065357940639e39a7,0.0001852413316303,2026-09-07,LONG,0.0987032165217406,34187408288,751aefd8bacf9343aa30d3689fbd2a745d5bc317b03b920988eb864b15636ea4,Delta_LS_50_50_StopVol,LINK
0.2141,2026-09-07,0.2182,c6531d40644c25fab690c2f80859977c3e367ba95ddb22b95bab5a43947aff11,0.00030000000000000003,2026-09-07,SHORT,-0.08915780207607864,34187408288,751aefd8bacf9343aa30d3689fbd2a745d5bc317b03b920988eb864b15636ea4,Delta_LS_50_50_StopVol,ADA
251.8,2026-09-07,256.0,22ab21e1901a9c50a722948112d0f7c0eca1a7024bcbc4249f9df30ca81a7909,9.536868550409999e-05,2026-09-07,SHORT,-0.06664713157170941,34187408288,751aefd8bacf9343aa30d3689fbd2a745d5bc317b03b920988eb864b15636ea4,Delta_LS_50_50_StopVol,BCH
7.552,2026-09-07,7.723,3c40d582df3eab839604d297db3a7a0477b6f6ac0b3e95d137667a126277eb99,0.0002181428544524,2026-09-07,SHORT,-0.08602696007985103,34187408288,751aefd8bacf9343aa30d3689fbd2a745d5bc317b03b920988eb864b15636ea4,Delta_LS_50_50_StopVol,ETC
107.04,2026-09-07,106.5,475db6502c3cb7f65cf52c56601919b794e82cc2b97cfd733f314dd8e9627c1c,-1.2438099317799998e-05,2026-09-07,LONG,0.1,34187408288,751aefd8bacf9343aa30d3689fbd2a745d5bc317b03b920988eb864b15636ea4,Delta_LS_50_50_StopVol,SOL
0.33336,2026-09-07,0.33489,4ed97b523d7f7307fe917eaf6b6861cff9a6a018e11d4f381fb5a98c8b766b42,-0.0003112171294405,2026-09-07,SHORT,-0.1,34187408288,751aefd8bacf9343aa30d3689fbd2a745d5bc317b03b920988eb864b15636ea4,Delta_LS_50_50_StopVol,TRX
251.2,2026-09-08,256.0,a2ccc3951bde63e5759c1b355e8516c556948fa47d91ef9a1bc216e930a2a44f,0.00030000000000000003,2026-09-08,SHORT,-0.03994479237864217,34323454513,cb684053e833bdb1f73da4caf7dcdafaed0da4e8c2cbb677a0e9d6ab2942ca94,Delta_LS_70_30_StopVol,BCH
0.33336,2026-09-08,0.33489,7044218156c21fed45276718767d4db1fce4eeeba60c939367d4fc74679c1c3d,-0.0001292204880741,2026-09-08,SHORT,-0.06,34323454513,cb684053e833bdb1f73da4caf7dcdafaed0da4e8c2cbb677a0e9d6ab2942ca94,Delta_LS_70_30_StopVol,TRX
251.2,2026-09-08,256.0,1a3520d26c9fbca62c5bc93af79b57eee335f2aeace584b0f0f1c93e0ea71de7,0.00030000000000000003,2026-09-08,SHORT,-0.1,34323454513,cb684053e833bdb1f73da4caf7dcdafaed0da4e8c2cbb677a0e9d6ab2942ca94,Delta_LS_50_50,BCH
0.33336,2026-09-08,0.33489,89a99d352f668add014ad8181041b6710a032ab7c96ddd12e0d3f1ffe8ca188c,-0.0001292204880741,2026-09-08,SHORT,-0.1,34323454513,cb684053e833bdb1f73da4caf7dcdafaed0da4e8c2cbb677a0e9d6ab2942ca94,Delta_LS_50_50,TRX
251.2,2026-09-08,256.0,fbacc9ffcd67996fb0a1a49ec2d05d7b64bf92378232a375a2e38bdddb703fbc,0.00030000000000000003,2026-09-08,SHORT,-0.06657465396440362,34323454513,cb684053e833bdb1f73da4caf7dcdafaed0da4e8c2cbb677a0e9d6ab2942ca94,Delta_LS_50_50_StopVol,BCH
0.33336,2026-09-08,0.33489,16090ed1120110767fb07b8fc4827d1afe3789aab5aa348039c7280ea840d6c3,-0.0001292204880741,2026-09-08,SHORT,-0.1,34323454513,cb684053e833bdb1f73da4caf7dcdafaed0da4e8c2cbb677a0e9d6ab2942ca94,Delta_LS_50_50_StopVol,TRX
0.2078,2026-09-09,0.2193,7c1274ab3e2807e7cff9009cd15b01effaf95be3417cc35d618162d5937cd184,0.0002281783418394,2026-09-09,SHORT,-0.06,34449199835,2d1400233bd220ab02fc8a4ac038ac871163feafefd93b04e691d3375b6e2eb6,Delta_LS_70_30,ADA
247.0,2026-09-09,258.1,86452e889203c491ced77ed8f08a72ce531f9e9249a9adbad15479cc1899f629,0.0002626980951974,2026-09-09,SHORT,-0.06,34449199835,2d1400233bd220ab02fc8a4ac038ac871163feafefd93b04e691d3375b6e2eb6,Delta_LS_70_30,BCH
0.33758,2026-09-09,0.33858,67b1b661a2b1bbeb6a6d905b19135a93a1a2605d6bdc0f17b7be7cf944c68530,-0.0002156019854046,2026-09-09,SHORT,-0.06,34449199835,2d1400233bd220ab02fc8a4ac038ac871163feafefd93b04e691d3375b6e2eb6,Delta_LS_70_30,TRX
247.0,2026-09-09,256.0,dfa0ad1c06c5089ca580f04a136627d66602551b01ba89677dc73ac4c1597890,0.0002626980951974,2026-09-09,SHORT,-0.039959264298374764,34449199835,2d1400233bd220ab02fc8a4ac038ac871163feafefd93b04e691d3375b6e2eb6,Delta_LS_70_30_StopVol,BCH
0.33336,2026-09-09,0.33489,11ad071d8a572fc65040dfe6bc0839b70c08c095125cc3ee77b7ebbb2d16057c,-0.0002156019854046,2026-09-09,SHORT,-0.06,34449199835,2d1400233bd220ab02fc8a4ac038ac871163feafefd93b04e691d3375b6e2eb6,Delta_LS_70_30_StopVol,TRX
247.0,2026-09-09,256.0,9ae58d7f235bb24303421518e967dd64d619b853d319eb7a6cfb6694d2ef4d4a,0.0002626980951974,2026-09-09,SHORT,-0.1,34449199835,2d1400233bd220ab02fc8a4ac038ac871163feafefd93b04e691d3375b6e2eb6,Delta_LS_50_50,BCH
0.33336,2026-09-09,0.33489,f99880b003e6be48b655c7f54d608ace27b4a2dc1e4d9ac1fa5b61dbea981f8b,-0.0002156019854046,2026-09-09,SHORT,-0.1,34449199835,2d1400233bd220ab02fc8a4ac038ac871163feafefd93b04e691d3375b6e2eb6,Delta_LS_50_50,TRX
247.0,2026-09-09,256.0,156dcdb4936fbd1ee1fad685452534cfb5130f90c9712aaa78173231447f6590,0.0002626980951974,2026-09-09,SHORT,-0.06659877383062461,34449199835,2d1400233bd220ab02fc8a4ac038ac871163feafefd93b04e691d3375b6e2eb6,Delta_LS_50_50_StopVol,BCH
0.33336,2026-09-09,0.33489,dd66c86584d643151770df3fca21bf516195b0450af19b9843f93357ccb3da9e,-0.0002156019854046,2026-09-09,SHORT,-0.1,34449199835,2d1400233bd220ab02fc8a4ac038ac871163feafefd93b04e691d3375b6e2eb6,Delta_LS_50_50_StopVol,TRX
0.2039,2026-09-10,0.2193,6bb247dc8ff394db578a4d8eaf3b80dc6578562c289ee631c29094fcd2158aeb,0.0001009855283857,2026-09-10,SHORT,-0.06,34595758428,0de81a1cf2a69e6bbec58ac86bc1a308b19c8e9355fba8ff2ba55f8d6ac6e5f6,Delta_LS_70_30,ADA
222.3,2026-09-10,258.1,c74a198850a08f9d27d53b41bc323bcf0599aff766cd50e4be6bcc4d7ef4bc00,0.0002005069277486,2026-09-10,SHORT,-0.06,34595758428,0de81a1cf2a69e6bbec58ac86bc1a308b19c8e9355fba8ff2ba55f8d6ac6e5f6,Delta_LS_70_30,BCH
0.33758,2026-09-10,0.33858,1e4f0840e1e1b91bc09812d25d81b0a685fb7f55c0473f3f6931b4a26995dbe2,-0.000130741624446,2026-09-10,SHORT,-0.06,34595758428,0de81a1cf2a69e6bbec58ac86bc1a308b19c8e9355fba8ff2ba55f8d6ac6e5f6,Delta_LS_70_30,TRX
0.15378,2026-09-10,0.14944,549d87a123c44f543868e6f88e4204825d086b67a3f63431afcaaecfa7f4c6f5,0.00030000000000000003,2026-09-10,LONG,0.13999999999999999,34595758428,0de81a1cf2a69e6bbec58ac86bc1a308b19c8e9355fba8ff2ba55f8d6ac6e5f6,Delta_LS_70_30,ARB
2.548,2026-09-10,2.482,8cf5a602fc7af069e4362eb91495b4b62799f419f891e3acf8dc170ea5a8e116,0.00030000000000000003,2026-09-10,LONG,0.13999999999999999,34595758428,0de81a1cf2a69e6bbec58ac86bc1a308b19c8e9355fba8ff2ba55f8d6ac6e5f6,Delta_LS_70_30,NEAR
0.0935,2026-09-10,0.09943,6aa68814d0a7359b8677197fd3ae4f7bb4e343ff4edfcee02d0077d3de3ec189,-7.1116610074999906e-06,2026-09-10,SHORT,-0.06,34595758428,0de81a1cf2a69e6bbec58ac86bc1a308b19c8e9355fba8ff2ba55f8d6ac6e5f6,Delta_LS_70_30,OP
222.3,2026-09-10,256.0,35ed82875570916569620545992e4c8239ff561fe854e0de0290444a10fee625,0.0002005069277486,2026-09-10,SHORT,-0.039804248310664016,34595758428,0de81a1cf2a69e6bbec58ac86bc1a308b19c8e9355fba8ff2ba55f8d6ac6e5f6,Delta_LS_70_30_StopVol,BCH
0.33336,2026-09-10,0.33489,833bbbbc2d1b1a7a1e33e4a6bb795c98a9b4e906fdcd6cf431fa3cc63a002f23,-0.000130741624446,2026-09-10,SHORT,-0.06,34595758428,0de81a1cf2a69e6bbec58ac86bc1a308b19c8e9355fba8ff2ba55f8d6ac6e5f6,Delta_LS_70_30_StopVol,TRX
0.15378,2026-09-10,0.14944,a8fca74e67171e0f551855dee6bb10211f8448eaa51c5ad383ebdba840b5c2df,0.00030000000000000003,2026-09-10,LONG,0.05419442342257004,34595758428,0de81a1cf2a69e6bbec58ac86bc1a308b19c8e9355fba8ff2ba55f8d6ac6e5f6,Delta_LS_70_30_StopVol,ARB
2.548,2026-09-10,2.482,c130a4e6cf276cc9d54a557f6f26afeea6ce6c24617838b922ef6418d9f7f142,0.00030000000000000003,2026-09-10,LONG,0.11405535049538063,34595758428,0de81a1cf2a69e6bbec58ac86bc1a308b19c8e9355fba8ff2ba55f8d6ac6e5f6,Delta_LS_70_30_StopVol,NEAR
0.0935,2026-09-10,0.09943,5593b8ee111ed35c807cea05180adb82570cd8e98e240d0fcdfe419e28bad826,-7.1116610074999906e-06,2026-09-10,SHORT,-0.048660733998805335,34595758428,0de81a1cf2a69e6bbec58ac86bc1a308b19c8e9355fba8ff2ba55f8d6ac6e5f6,Delta_LS_70_30_StopVol,OP
222.3,2026-09-10,256.0,f07ea7bfe1663a1a98a67512ed1bbd02a9d8367bc3fce758e9581b713c97c85c,0.0002005069277486,2026-09-10,SHORT,-0.1,34595758428,0de81a1cf2a69e6bbec58ac86bc1a308b19c8e9355fba8ff2ba55f8d6ac6e5f6,Delta_LS_50_50,BCH
0.33336,2026-09-10,0.33489,ebe6b8742151cced05c42c6adbd2f511addfe0b6fd93b55f82c66310c02b3ae8,-0.000130741624446,2026-09-10,SHORT,-0.1,34595758428,0de81a1cf2a69e6bbec58ac86bc1a308b19c8e9355fba8ff2ba55f8d6ac6e5f6,Delta_LS_50_50,TRX
0.15378,2026-09-10,0.14944,90d0c699647cfcd080ef82cc6205dfc2aa0d50bf02d7f56d584982c576b526d3,0.00030000000000000003,2026-09-10,LONG,0.1,34595758428,0de81a1cf2a69e6bbec58ac86bc1a308b19c8e9355fba8ff2ba55f8d6ac6e5f6,Delta_LS_50_50,ARB
2.548,2026-09-10,2.482,59dfeb93a2a1ce31e427a6608d3c0c128d5d8486d5e4bb551cb7300b5f8a06d4,0.00030000000000000003,2026-09-10,LONG,0.1,34595758428,0de81a1cf2a69e6bbec58ac86bc1a308b19c8e9355fba8ff2ba55f8d6ac6e5f6,Delta_LS_50_50,NEAR
0.0935,2026-09-10,0.09943,8bee16027ffe2e9210754acf0e1a42ec27464b4e3d48b58a12b901dcc464c880,-7.1116610074999906e-06,2026-09-10,SHORT,-0.1,34595758428,0de81a1cf2a69e6bbec58ac86bc1a308b19c8e9355fba8ff2ba55f8d6ac6e5f6,Delta_LS_50_50,OP
222.3,2026-09-10,256.0,b765d365f0cb513cefede9a1a1380e79b17beaa8c70f839c36fc6469eac8fa25,0.0002005069277486,2026-09-10,SHORT,-0.0663404138511067,34595758428,0de81a1cf2a69e6bbec58ac86bc1a308b19c8e9355fba8ff2ba55f8d6ac6e5f6,Delta_LS_50_50_StopVol,BCH
0.33336,2026-09-10,0.33489,fcd02469ec717497874e648defdffeb0549ffedd3e0a1e93f1223207fd3e6cd6,-0.000130741624446,2026-09-10,SHORT,-0.1,34595758428,0de81a1cf2a69e6bbec58ac86bc1a308b19c8e9355fba8ff2ba55f8d6ac6e5f6,Delta_LS_50_50_StopVol,TRX
0.15378,2026-09-10,0.14944,29d73d58b3f0d6d45aa6ce2ab0c0a5a81a0325242df836e9379ad54a61dff4ee,0.00030000000000000003,2026-09-10,LONG,0.038710302444692896,34595758428,0de81a1cf2a69e6bbec58ac86bc1a308b19c8e9355fba8ff2ba55f8d6ac6e5f6,Delta_LS_50_50_StopVol,ARB
2.548,2026-09-10,2.482,7271143811ab3ee4ccaee1f204310873fd6d2a5dffd807cd7f78586860903b8f,0.00030000000000000003,2026-09-10,LONG,0.08146810749670047,34595758428,0de81a1cf2a69e6bbec58ac86bc1a308b19c8e9355fba8ff2ba55f8d6ac6e5f6,Delta_LS_50_50_StopVol,NEAR
0.0935,2026-09-10,0.09943,221b5a725fd4ba4d29e70deb8f451b70940bb84cc0ed3e12feb94bbdfe7be619,-7.1116610074999906e-06,2026-09-10,SHORT,-0.08110122333134223,34595758428,0de81a1cf2a69e6bbec58ac86bc1a308b19c8e9355fba8ff2ba55f8d6ac6e5f6,Delta_LS_50_50_StopVol,OP
0.2001,2026-09-11,0.2193,fe0855601f7bddea700b8ad7230b2e59569cb9ef1b7314ba3e46a32e133d848b,-3.60943161819e-05,2026-09-11,SHORT,-0.06,34673266523,b44ba367aa232958f3cd6d2bfab14bb8a417e27c1b9aa00a1a2b6ff9a7b1124d,Delta_LS_70_30,ADA
218.5,2026-09-11,258.1,e39d8e4d5d5dce3f18d072aa9e57be354401e4a85b839fe6dc8b75f88ac53ac7,-0.0003561695101974,2026-09-11,SHORT,-0.06,34673266523,b44ba367aa232958f3cd6d2bfab14bb8a417e27c1b9aa00a1a2b6ff9a7b1124d,Delta_LS_70_30,BCH
0.15378,2026-09-11,0.14944,ebd52997ddf54d73332e4dc177c9b19c90780e2b49c0cda2bcdd8928bc8e56fe,-5.00153512747e-05,2026-09-11,LONG,0.13999999999999999,34673266523,b44ba367aa232958f3cd6d2bfab14bb8a417e27c1b9aa00a1a2b6ff9a7b1124d,Delta_LS_70_30,ARB
2667.35,2026-09-11,2437.25,699fc0e7a2f1002d18e663b923d5bd73c7573f116d9b484e3063982ceb1e5a01,0.0001525631625648,2026-09-11,LONG,0.13999999999999999,34673266523,b44ba367aa232958f3cd6d2bfab14bb8a417e27c1b9aa00a1a2b6ff9a7b1124d,Delta_LS_70_30,ETH
0.7059,2026-09-11,0.727,ba9598d3553dcf6f7ed91c5d8605b36d6218b53142d3992f442b26e3eb07f95a,-0.0001143268032182,2026-09-11,SHORT,-0.06,34673266523,b44ba367aa232958f3cd6d2bfab14bb8a417e27c1b9aa00a1a2b6ff9a7b1124d,Delta_LS_70_30,SUI
218.5,2026-09-11,256.0,7dbcdb85e9dffa38460d32cae13b3dd261f8bdcc27ebbef1b2dbe5dbd58b0ea6,-0.0003561695101974,2026-09-11,SHORT,-0.03746685529289574,34673266523,b44ba367aa232958f3cd6d2bfab14bb8a417e27c1b9aa00a1a2b6ff9a7b1124d,Delta_LS_70_30_StopVol,BCH
0.15378,2026-09-11,0.14944,ef45d6f0eb450686cc33e395e902aadd080bc547198439a7112a723748d6961f,-5.00153512747e-05,2026-09-11,LONG,0.053552328812799505,34673266523,b44ba367aa232958f3cd6d2bfab14bb8a417e27c1b9aa00a1a2b6ff9a7b1124d,Delta_LS_70_30_StopVol,ARB
0.2001,2026-09-11,0.2045,12696acd7c1cbccb4db69304c9316c41f7f1650cecee8af6c2ce6c8a521a2eab,-3.60943161819e-05,2026-09-11,SHORT,-0.05292882727073946,34673266523,b44ba367aa232958f3cd6d2bfab14bb8a417e27c1b9aa00a1a2b6ff9a7b1124d,Delta_LS_70_30_StopVol,ADA
2667.35,2026-09-11,2437.25,960a9ce68ed737f8b19d420568d732d619936427ffbebbb6d46ab0b6ac3c5515,0.0001525631625648,2026-09-11,LONG,0.13999999999999999,34673266523,b44ba367aa232958f3cd6d2bfab14bb8a417e27c1b9aa00a1a2b6ff9a7b1124d,Delta_LS_70_30_StopVol,ETH
0.7059,2026-09-11,0.727,b348aed4b7291642bf3fa43ecdf6ead0ec23efce469f19b9a93a804f35b2b029,-0.0001143268032182,2026-09-11,SHORT,-0.05203140135466821,34673266523,b44ba367aa232958f3cd6d2bfab14bb8a417e27c1b9aa00a1a2b6ff9a7b1124d,Delta_LS_70_30_StopVol,SUI
218.5,2026-09-11,256.0,81213bfd727ff918547e1257c37c5aeb78447d62152679bf977762a334ef5f7f,-0.0003561695101974,2026-09-11,SHORT,-0.1,34673266523,b44ba367aa232958f3cd6d2bfab14bb8a417e27c1b9aa00a1a2b6ff9a7b1124d,Delta_LS_50_50,BCH
0.15378,2026-09-11,0.14944,d25a7a4e2178f5e6256f8eb104cec1d57c3bbc35d5ddcaabcf325b97076cd12a,-5.00153512747e-05,2026-09-11,LONG,0.1,34673266523,b44ba367aa232958f3cd6d2bfab14bb8a417e27c1b9aa00a1a2b6ff9a7b1124d,Delta_LS_50_50,ARB
0.2001,2026-09-11,0.2045,ef14b2b2902e19f70e0d0fce0724897a5b2dbf0a5bf08d970fa6f99292177488,-3.60943161819e-05,2026-09-11,SHORT,-0.1,34673266523,b44ba367aa232958f3cd6d2bfab14bb8a417e27c1b9aa00a1a2b6ff9a7b1124d,Delta_LS_50_50,ADA
2667.35,2026-09-11,2437.25,125d664b3f6f159be7a90329a6c3de02d2a7111f771b0538bee1b34155a317da,0.0001525631625648,2026-09-11,LONG,0.1,34673266523,b44ba367aa232958f3cd6d2bfab14bb8a417e27c1b9aa00a1a2b6ff9a7b1124d,Delta_LS_50_50,ETH
0.7059,2026-09-11,0.727,cdb6668b1109bd1e1df4492b6bac6cfcd77a56ae3584dfe964dd3093499fd77b,-0.0001143268032182,2026-09-11,SHORT,-0.1,34673266523,b44ba367aa232958f3cd6d2bfab14bb8a417e27c1b9aa00a1a2b6ff9a7b1124d,Delta_LS_50_50,SUI
218.5,2026-09-11,256.0,b01c597976b51379ca043c133ba76639425e6fd075b28d1c7cf42c2db1c98911,-0.0003561695101974,2026-09-11,SHORT,-0.06244475882149291,34673266523,b44ba367aa232958f3cd6d2bfab14bb8a417e27c1b9aa00a1a2b6ff9a7b1124d,Delta_LS_50_50_StopVol,BCH
0.15378,2026-09-11,0.14944,58189c542ee8e365e34865c64cc61b53e2e3e27050e3aadc639d17dd8940308d,-5.00153512747e-05,2026-09-11,LONG,0.03825166343771394,34673266523,b44ba367aa232958f3cd6d2bfab14bb8a417e27c1b9aa00a1a2b6ff9a7b1124d,Delta_LS_50_50_StopVol,ARB
0.2001,2026-09-11,0.2045,417619951d28c92407db0a941ead5bc9660eff9a4945570833b28011fa7c64f6,-3.60943161819e-05,2026-09-11,SHORT,-0.08821471211789911,34673266523,b44ba367aa232958f3cd6d2bfab14bb8a417e27c1b9aa00a1a2b6ff9a7b1124d,Delta_LS_50_50_StopVol,ADA
2667.35,2026-09-11,2437.25,df98e248c389a942460c2d1e5071d66882ce66656f866c44fd187a79ce557be7,0.0001525631625648,2026-09-11,LONG,0.1,34673266523,b44ba367aa232958f3cd6d2bfab14bb8a417e27c1b9aa00a1a2b6ff9a7b1124d,Delta_LS_50_50_StopVol,ETH
0.7059,2026-09-11,0.727,e3b591d0279df0d0c7e54a76ce0b4c7d56c885fd88c9b7e2ed5f0b0274d17b5c,-0.0001143268032182,2026-09-11,SHORT,-0.08671900225778036,34673266523,b44ba367aa232958f3cd6d2bfab14bb8a417e27c1b9aa00a1a2b6ff9a7b1124d,Delta_LS_50_50_StopVol,SUI
0.2001,2026-09-12,0.2193,11a605da5aef27b77fbde6624f7d03bea62bb006c8e77321824ef87020b94ad0,5.4651411958200004e-05,2026-09-12,SHORT,-0.06,34738631912,d95f36020b7af7ae46aae04334e6f16efb97baef3833e180883e2f537b7260ee,Delta_LS_70_30,ADA
218.5,2026-09-12,258.1,1993b6bbd912c57f4e2bdc508f25cc25cf7fdfc466c897d26df9cf05b389136e,9.20378924496e-05,2026-09-12,SHORT,-0.06,34738631912,d95f36020b7af7ae46aae04334e6f16efb97baef3833e180883e2f537b7260ee,Delta_LS_70_30,BCH
0.15378,2026-09-12,0.14944,801c5bc11bf857f85a03b2f65c22b3aa7f93004f5a3e2a8af1ac19098ad6e0d9,7.84999867517e-05,2026-09-12,LONG,0.13999999999999999,34738631912,d95f36020b7af7ae46aae04334e6f16efb97baef3833e180883e2f537b7260ee,Delta_LS_70_30,ARB
0.7059,2026-09-12,0.727,c1066fb4ffd199302337bb6755362ba66910e62143206d61de3e2ca694b063da,7.75824375613e-05,2026-09-12,SHORT,-0.06,34738631912,d95f36020b7af7ae46aae04334e6f16efb97baef3833e180883e2f537b7260ee,Delta_LS_70_30,SUI
1.0587,2026-09-12,1.0399,357d0aebf63b5637251a47534c41cbbaf2b2859d317e62a84a3395fa2a930b64,-0.0001216453533112,2026-09-12,LONG,0.13999999999999999,34738631912,d95f36020b7af7ae46aae04334e6f16efb97baef3833e180883e2f537b7260ee,Delta_LS_70_30,DOT
218.5,2026-09-12,256.0,cd946e014a6bef6b4c3292dc2f23de0300413e4ce8ed688541bda2f0ee644dd2,9.20378924496e-05,2026-09-12,SHORT,-0.03744131254568318,34738631912,d95f36020b7af7ae46aae04334e6f16efb97baef3833e180883e2f537b7260ee,Delta_LS_70_30_StopVol,BCH
0.15378,2026-09-12,0.14944,49c22fc415f414adc55de1f3640905621108590004f5ba80d1f6220c1e8860ee,7.84999867517e-05,2026-09-12,LONG,0.054386912631798866,34738631912,d95f36020b7af7ae46aae04334e6f16efb97baef3833e180883e2f537b7260ee,Delta_LS_70_30_StopVol,ARB
0.2001,2026-09-12,0.2045,13562c5cb9678d0b325325216aa6ea87b7eefa86b6a757a92e6cf25ef87997cb,5.4651411958200004e-05,2026-09-12,SHORT,-0.05327569828469275,34738631912,d95f36020b7af7ae46aae04334e6f16efb97baef3833e180883e2f537b7260ee,Delta_LS_70_30_StopVol,ADA
0.7059,2026-09-12,0.727,27dd8e6adc6fbbc23f0b1c72ce4fae7584e2e4a91638c55ebe5183438a3896b2,7.75824375613e-05,2026-09-12,SHORT,-0.052188648454964945,34738631912,d95f36020b7af7ae46aae04334e6f16efb97baef3833e180883e2f537b7260ee,Delta_LS_70_30_StopVol,SUI
1.0587,2026-09-12,1.0399,acd80f97ba8873365e7848aa4413c01ce0ba07759799347e186d5d4c826c39bc,-0.0001216453533112,2026-09-12,LONG,0.10512832805311123,34738631912,d95f36020b7af7ae46aae04334e6f16efb97baef3833e180883e2f537b7260ee,Delta_LS_70_30_StopVol,DOT
218.5,2026-09-12,256.0,213dccc46d3c97b0451f5a6bb4fd7a35f93b99d0f896e7511b8e1127c9feb929,9.20378924496e-05,2026-09-12,SHORT,-0.1,34738631912,d95f36020b7af7ae46aae04334e6f16efb97baef3833e180883e2f537b7260ee,Delta_LS_50_50,BCH
0.15378,2026-09-12,0.14944,5edc44624df02f19bf11e59fc9ae8d95560ef15992610121d47e209be48e90b4,7.84999867517e-05,2026-09-12,LONG,0.1,34738631912,d95f36020b7af7ae46aae04334e6f16efb97baef3833e180883e2f537b7260ee,Delta_LS_50_50,ARB
0.2001,2026-09-12,0.2045,3252860a62d16d5d0fba973f48cb6da91eccc3c638be7f84247cb625e96bcef6,5.4651411958200004e-05,2026-09-12,SHORT,-0.1,34738631912,d95f36020b7af7ae46aae04334e6f16efb97baef3833e180883e2f537b7260ee,Delta_LS_50_50,ADA
0.7059,2026-09-12,0.727,830002a171e862461d4ddc698c274242394ea17b24ae6ac4cd4ea41bbe036cba,7.75824375613e-05,2026-09-12,SHORT,-0.1,34738631912,d95f36020b7af7ae46aae04334e6f16efb97baef3833e180883e2f537b7260ee,Delta_LS_50_50,SUI
1.0587,2026-09-12,1.0399,a52c0fbcc44a5165164d6e14f735c8fa5fbf5ef87cfb4d691c75bf2f68df9ff3,-0.0001216453533112,2026-09-12,LONG,0.1,34738631912,d95f36020b7af7ae46aae04334e6f16efb97baef3833e180883e2f537b7260ee,Delta_LS_50_50,DOT
218.5,2026-09-12,256.0,87444e51605a45802de84e7b8a513126fc36192d4912edc27f7f206b554f2111,9.20378924496e-05,2026-09-12,SHORT,-0.062402187576138635,34738631912,d95f36020b7af7ae46aae04334e6f16efb97baef3833e180883e2f537b7260ee,Delta_LS_50_50_StopVol,BCH
0.15378,2026-09-12,0.14944,fd9466388d6b99eb4c9afe354de623426be8147c5bd1324ead70c4332a3c5f1b,7.84999867517e-05,2026-09-12,LONG,0.038847794736999196,34738631912,d95f36020b7af7ae46aae04334e6f16efb97baef3833e180883e2f537b7260ee,Delta_LS_50_50_StopVol,ARB
0.2001,2026-09-12,0.2045,6fe2bce6bd7764f53b4a13b08a3edd8fca4578f505925e9ed33569c350aa8e1a,5.4651411958200004e-05,2026-09-12,SHORT,-0.08879283047448794,34738631912,d95f36020b7af7ae46aae04334e6f16efb97baef3833e180883e2f537b7260ee,Delta_LS_50_50_StopVol,ADA
0.7059,2026-09-12,0.727,65c8a0bed6210edfc78d3be98b1dfb23e2d04bb5cfc1d169cd8ec72bac3131af,7.75824375613e-05,2026-09-12,SHORT,-0.08698108075827492,34738631912,d95f36020b7af7ae46aae04334e6f16efb97baef3833e180883e2f537b7260ee,Delta_LS_50_50_StopVol,SUI
1.0587,2026-09-12,1.0399,3b157951ca72d35553e77d5faa3167faac4bc968c0f80665d9f9b3d4b145178b,-0.0001216453533112,2026-09-12,LONG,0.07509166289507946,34738631912,d95f36020b7af7ae46aae04334e6f16efb97baef3833e180883e2f537b7260ee,Delta_LS_50_50_StopVol,DOT
0.2001,2026-09-13,0.2193,ca2f657cfb348d846585e1b7a9dfb333f6810fef6770e3c46d9c73d6c55b5e4a,0.0001428459244646,2026-09-13,SHORT,-0.06,34807686971,1b4550c6bb16e95281320e085e40dbdd056d71e72f0142e7030a2a5f5dbcea58,Delta_LS_70_30,ADA
218.5,2026-09-13,258.1,c00e3555c78879bd45f42424777432a75c2c6d4fcb79ae4f1b0d8cb6384ad83b,0.0001308426974175,2026-09-13,SHORT,-0.06,34807686971,1b4550c6bb16e95281320e085e40dbdd056d71e72f0142e7030a2a5f5dbcea58,Delta_LS_70_30,BCH
0.15378,2026-09-13,0.14944,068c03503fee562ec2707c20c7c800e86aec53a8eb339de7b37f4df877f20265,9.19512158041e-05,2026-09-13,LONG,0.13999999999999999,34807686971,1b4550c6bb16e95281320e085e40dbdd056d71e72f0142e7030a2a5f5dbcea58,Delta_LS_70_30,ARB
0.6955,2026-09-13,0.727,03c5371aefd5e198638e6fbff1200737ae561e4292bdb9f5339df82bfa6a9f5f,0.0001286304396262,2026-09-13,SHORT,-0.06,34807686971,1b4550c6bb16e95281320e085e40dbdd056d71e72f0142e7030a2a5f5dbcea58,Delta_LS_70_30,SUI
1.0587,2026-09-13,1.0399,8a2ea30bc173e910be2edc3e3451b751884c07e976cdcfa9c4490f3dc758a7f1,4.968741572210001e-05,2026-09-13,LONG,0.13999999999999999,34807686971,1b4550c6bb16e95281320e085e40dbdd056d71e72f0142e7030a2a5f5dbcea58,Delta_LS_70_30,DOT
0.33788,2026-09-13,0.33963,a7e3110f1dfc6ce605d27a5bfc2ef5479f3e6a63894a70331d59035f1970329c,2.1617439841999997e-05,2026-09-13,SHORT,-0.06,34807686971,1b4550c6bb16e95281320e085e40dbdd056d71e72f0142e7030a2a5f5dbcea58,Delta_LS_70_30,TRX
218.5,2026-09-13,256.0,36fb95af48fae6faef631e08bdc394f4198301f24f2c59b6836c9ae2e4b1beb8,0.0001308426974175,2026-09-13,SHORT,-0.03759784626898101,34807686971,1b4550c6bb16e95281320e085e40dbdd056d71e72f0142e7030a2a5f5dbcea58,Delta_LS_70_30_StopVol,BCH
0.15378,2026-09-13,0.14944,61f13955f8dbaa5977ace51a9c8b0e6068671e5aff7b06e3d3942a612acf57fb,9.19512158041e-05,2026-09-13,LONG,0.05436518576219552,34807686971,1b4550c6bb16e95281320e085e40dbdd056d71e72f0142e7030a2a5f5dbcea58,Delta_LS_70_30_StopVol,ARB
0.2001,2026-09-13,0.2045,ca61f70b33fa29c9d1eb3ff5642b7649f4ada71e6c26e42b2fe6d7c5244bdedc,0.0001428459244646,2026-09-13,SHORT,-0.05329605519058723,34807686971,1b4550c6bb16e95281320e085e40dbdd056d71e72f0142e7030a2a5f5dbcea58,Delta_LS_70_30_StopVol,ADA
0.6955,2026-09-13,0.727,2d34d2e210e4aa221247d69483083254ddcf94adb008f7b35916dd05b48a6dca,0.0001286304396262,2026-09-13,SHORT,-0.052217703800709565,34807686971,1b4550c6bb16e95281320e085e40dbdd056d71e72f0142e7030a2a5f5dbcea58,Delta_LS_70_30_StopVol,SUI
1.0587,2026-09-13,1.0399,9122ad2d98644c017ede0ca38584ff57a35c9ff688d3eb7f8fd9b6124a864440,4.968741572210001e-05,2026-09-13,LONG,0.10461314342698118,34807686971,1b4550c6bb16e95281320e085e40dbdd056d71e72f0142e7030a2a5f5dbcea58,Delta_LS_70_30_StopVol,DOT
0.33788,2026-09-13,0.33963,01b89c89214fec018ecba068ed3e5ae9c242d31346067c2d364faf0510b140b4,2.1617439841999997e-05,2026-09-13,SHORT,-0.06,34807686971,1b4550c6bb16e95281320e085e40dbdd056d71e72f0142e7030a2a5f5dbcea58,Delta_LS_70_30_StopVol,TRX
218.5,2026-09-13,256.0,def50236cf88d127d2387a54b2ecfa691ee2778590dc225a07e62417772fcff1,0.0001308426974175,2026-09-13,SHORT,-0.1,34807686971,1b4550c6bb16e95281320e085e40dbdd056d71e72f0142e7030a2a5f5dbcea58,Delta_LS_50_50,BCH
0.15378,2026-09-13,0.14944,b597f7c5e159795bd0740cce23867539f8f2d69e570e759521378b7c57584e90,9.19512158041e-05,2026-09-13,LONG,0.1,34807686971,1b4550c6bb16e95281320e085e40dbdd056d71e72f0142e7030a2a5f5dbcea58,Delta_LS_50_50,ARB
0.2001,2026-09-13,0.2045,3bd8dc78187d814d8bbaecffd6bd7f6bf19acb430b6b2ba2d079b00e83e30533,0.0001428459244646,2026-09-13,SHORT,-0.1,34807686971,1b4550c6bb16e95281320e085e40dbdd056d71e72f0142e7030a2a5f5dbcea58,Delta_LS_50_50,ADA
0.6955,2026-09-13,0.727,bb55b54b6a04541039dd0220561abc8aa36967401e89733d8cd213f0e2783f34,0.0001286304396262,2026-09-13,SHORT,-0.1,34807686971,1b4550c6bb16e95281320e085e40dbdd056d71e72f0142e7030a2a5f5dbcea58,Delta_LS_50_50,SUI
1.0587,2026-09-13,1.0399,469677305818c925ac4139bd76877be8605df9fe4365e311d88a8e9b5899fcee,4.968741572210001e-05,2026-09-13,LONG,0.1,34807686971,1b4550c6bb16e95281320e085e40dbdd056d71e72f0142e7030a2a5f5dbcea58,Delta_LS_50_50,DOT
0.33788,2026-09-13,0.33963,1d019085afc7514d013d76a1d7461697c56fb65c20e1159dde2e3f70e6e28a86,2.1617439841999997e-05,2026-09-13,SHORT,-0.1,34807686971,1b4550c6bb16e95281320e085e40dbdd056d71e72f0142e7030a2a5f5dbcea58,Delta_LS_50_50,TRX
218.5,2026-09-13,256.0,2f126533de1ee1c10fb837fb2e5ee108ba1e894a73b71df0a89adce77424e36c,0.0001308426974175,2026-09-13,SHORT,-0.06266307711496835,34807686971,1b4550c6bb16e95281320e085e40dbdd056d71e72f0142e7030a2a5f5dbcea58,Delta_LS_50_50_StopVol,BCH
0.15378,2026-09-13,0.14944,667bcb3bb7ca0e91395fa4d74cdc5cc7f8da82991c7586c931e12a60d2321b0c,9.19512158041e-05,2026-09-13,LONG,0.03883227554442538,34807686971,1b4550c6bb16e95281320e085e40dbdd056d71e72f0142e7030a2a5f5dbcea58,Delta_LS_50_50_StopVol,ARB
0.2001,2026-09-13,0.2045,4843cf9ebdcb2a88a8aea06074c4a6a645adb5fe84b569b0b929c2c3067478a0,0.0001428459244646,2026-09-13,SHORT,-0.08882675865097872,34807686971,1b4550c6bb16e95281320e085e40dbdd056d71e72f0142e7030a2a5f5dbcea58,Delta_LS_50_50_StopVol,ADA
0.6955,2026-09-13,0.727,719c9a44fb85dfe1c000663465bd2329f59ded687ce2ac8bd4cd84117f9d29b8,0.0001286304396262,2026-09-13,SHORT,-0.08702950633451595,34807686971,1b4550c6bb16e95281320e085e40dbdd056d71e72f0142e7030a2a5f5dbcea58,Delta_LS_50_50_StopVol,SUI
1.0587,2026-09-13,1.0399,f96ee79febb8386235acee3ed9fff0f4f75e6a655e8362fa3a41832b0180b33a,4.968741572210001e-05,2026-09-13,LONG,0.07472367387641514,34807686971,1b4550c6bb16e95281320e085e40dbdd056d71e72f0142e7030a2a5f5dbcea58,Delta_LS_50_50_StopVol,DOT
0.33788,2026-09-13,0.33963,dfac90aa1a0990d74847ff836815d5e2c20ceaef074db24246cae7a42fb033e8,2.1617439841999997e-05,2026-09-13,SHORT,-0.1,34807686971,1b4550c6bb16e95281320e085e40dbdd056d71e72f0142e7030a2a5f5dbcea58,Delta_LS_50_50_StopVol,TRX
218.5,2026-09-14,258.1,b94d4ead990c298306a803c2fc4a8e88a9edaf188e8b085806f86ac61164d8f3,0.0001202463693436,2026-09-14,SHORT,-0.06,34943084063,a40e0293fb03541c6dec3b1546e3da4b9c4ba580a801b6699c26c3577d8b0984,Delta_LS_70_30,BCH
0.15378,2026-09-14,0.14944,00ef03f0f3134c59774c5d3fa43883447b333d1ef59c5330c018285776d80058,0.0001002575708124,2026-09-14,LONG,0.13999999999999999,34943084063,a40e0293fb03541c6dec3b1546e3da4b9c4ba580a801b6699c26c3577d8b0984,Delta_LS_70_30,ARB
1.0587,2026-09-14,1.0399,3e56c000770962faf767dd1ace5dffa1d79f1382decd2e2e5cbd5358483723ee,-0.00038298674732609997,2026-09-14,LONG,0.13999999999999999,34943084063,a40e0293fb03541c6dec3b1546e3da4b9c4ba580a801b6699c26c3577d8b0984,Delta_LS_70_30,DOT
1.0399,2026-09-14,0.9512,7172a3f1f9aacdad1363856ad03a9fabca73eebe47a7831ab51dfd298271318a,0.0002681576560335,2026-09-14,LONG,0.13999999999999999,34943084063,a40e0293fb03541c6dec3b1546e3da4b9c4ba580a801b6699c26c3577d8b0984,Delta_LS_70_30,FIL
2.595,2026-09-14,2.295,48b35ae5aa3ae3a5994252cc78866915d234dd6b0bb79a56f99d9e57fffa38d4,-0.0001267955898115,2026-09-14,LONG,0.13999999999999999,34943084063,a40e0293fb03541c6dec3b1546e3da4b9c4ba580a801b6699c26c3577d8b0984,Delta_LS_70_30,NEAR
218.5,2026-09-14,256.0,de515c09c5c2cdecfd47da702bb108446c9bbc307c27f740e5dfbf2bc569b5a2,0.0001202463693436,2026-09-14,SHORT,-0.03748764204105722,34943084063,a40e0293fb03541c6dec3b1546e3da4b9c4ba580a801b6699c26c3577d8b0984,Delta_LS_70_30_StopVol,BCH
0.15378,2026-09-14,0.14944,9cd5c4b75890d1247a8b2645d4101d7a0dd12c5efb5e9f027f729c32d9018bc0,0.0001002575708124,2026-09-14,LONG,0.05393143719687293,34943084063,a40e0293fb03541c6dec3b1546e3da4b9c4ba580a801b6699c26c3577d8b0984,Delta_LS_70_30_StopVol,ARB
1.0587,2026-09-14,1.0399,c3942b4b37bc0ba7460ca0565ae29e12fe6dcb3e8a0230cc933eddd3287c42a0,-0.00038298674732609997,2026-09-14,LONG,0.10428978597534042,34943084063,a40e0293fb03541c6dec3b1546e3da4b9c4ba580a801b6699c26c3577d8b0984,Delta_LS_70_30_StopVol,DOT
1.0399,2026-09-14,0.9512,092aa74b54dd00765c7aa8899f306f91e87c8c3fedb9f36f041c78bd59492918,0.0002681576560335,2026-09-14,LONG,0.09634048772779187,34943084063,a40e0293fb03541c6dec3b1546e3da4b9c4ba580a801b6699c26c3577d8b0984,Delta_LS_70_30_StopVol,FIL
2.595,2026-09-14,2.295,e6a31af1261ae722246863372d4e6704bee007ce050bb705e1d2202acef8ce7d,-0.0001267955898115,2026-09-14,LONG,0.11039520112471708,34943084063,a40e0293fb03541c6dec3b1546e3da4b9c4ba580a801b6699c26c3577d8b0984,Delta_LS_70_30_StopVol,NEAR
218.5,2026-09-14,256.0,60e69292ecf3d46a9cfe83858f27c642cd8efb9e6d5b9c03a960b4e9850d93c1,0.0001202463693436,2026-09-14,SHORT,-0.1,34943084063,a40e0293fb03541c6dec3b1546e3da4b9c4ba580a801b6699c26c3577d8b0984,Delta_LS_50_50,BCH
0.15378,2026-09-14,0.14944,93144a0496521e648b5563dae2cbd1da6d9e897acb34c54ba2c8046532395fc9,0.0001002575708124,2026-09-14,LONG,0.1,34943084063,a40e0293fb03541c6dec3b1546e3da4b9c4ba580a801b6699c26c3577d8b0984,Delta_LS_50_50,ARB
1.0587,2026-09-14,1.0399,8b69d99325d6f6765c769dfe97ff8c2dfc105970911d2f06789b9c75407aa098,-0.00038298674732609997,2026-09-14,LONG,0.1,34943084063,a40e0293fb03541c6dec3b1546e3da4b9c4ba580a801b6699c26c3577d8b0984,Delta_LS_50_50,DOT
1.0399,2026-09-14,0.9512,f98da9e55e4fafa5b64f60d32d20adf025ad9dc8bb26f15f3403b5360dc541e5,0.0002681576560335,2026-09-14,LONG,0.1,34943084063,a40e0293fb03541c6dec3b1546e3da4b9c4ba580a801b6699c26c3577d8b0984,Delta_LS_50_50,FIL
2.595,2026-09-14,2.295,68993ebfb887ead755dc8919c16ad54e93752d37c6bd878011d2f9658f23910b,-0.0001267955898115,2026-09-14,LONG,0.1,34943084063,a40e0293fb03541c6dec3b1546e3da4b9c4ba580a801b6699c26c3577d8b0984,Delta_LS_50_50,NEAR
218.5,2026-09-14,256.0,745f6dd9deb335d38a7fef9a8b46f45dde05af40671baa78a29f0836833e278e,0.0001202463693436,2026-09-14,SHORT,-0.062479403401762036,34943084063,a40e0293fb03541c6dec3b1546e3da4b9c4ba580a801b6699c26c3577d8b0984,Delta_LS_50_50_StopVol,BCH
0.15378,2026-09-14,0.14944,b30e9d94788a8faef8e63dea2439769725a0c51ab31685201b08ba4e841bee05,0.0001002575708124,2026-09-14,LONG,0.03852245514062353,34943084063,a40e0293fb03541c6dec3b1546e3da4b9c4ba580a801b6699c26c3577d8b0984,Delta_LS_50_50_StopVol,ARB
1.0587,2026-09-14,1.0399,dc56f2b41cb0525978add6c177bfb6addfd940aaebfa4dc8d7571b820dedb59b,-0.00038298674732609997,2026-09-14,LONG,0.07449270426810031,34943084063,a40e0293fb03541c6dec3b1546e3da4b9c4ba580a801b6699c26c3577d8b0984,Delta_LS_50_50_StopVol,DOT
1.0399,2026-09-14,0.9512,bf5ade0ff78679cca5fff674ea2d08f8635043f29bcc71a25f6434f6a07c8adc,0.0002681576560335,2026-09-14,LONG,0.06881463409127991,34943084063,a40e0293fb03541c6dec3b1546e3da4b9c4ba580a801b6699c26c3577d8b0984,Delta_LS_50_50_StopVol,FIL
2.595,2026-09-14,2.295,9e2b0e68114df27494f2cb0d62aa288e816aa0eefd8810e3f68d614ad392028c,-0.0001267955898115,2026-09-14,LONG,0.07885371508908365,34943084063,a40e0293fb03541c6dec3b1546e3da4b9c4ba580a801b6699c26c3577d8b0984,Delta_LS_50_50_StopVol,NEAR
212.5,2026-09-15,258.1,cda569f1bcea5853318a312983b6b808b2e4a7e3d6bc058245b76a599a1385bb,-0.00032208558389760003,2026-09-15,SHORT,-0.06,35056950076,067b90bc3b639e5e89903732bd93fe35f0f073897f9e799c4d0ef683b868bc12,Delta_LS_70_30,BCH
0.15616,2026-09-15,0.14944,97458a12bcf1c4c35fa07d00dca523ca5857862a7883d09161422c2230572470,1.6144274108000051e-06,2026-09-15,LONG,0.13999999999999999,35056950076,067b90bc3b639e5e89903732bd93fe35f0f073897f9e799c4d0ef683b868bc12,Delta_LS_70_30,ARB
10.786,2026-09-15,11.51,a121b5b859c88654196cc9f2bc4e53f9eaa078397805678c00d22c4f511e9c1c,0.0001303611210179,2026-09-15,SHORT,-0.06,35056950076,067b90bc3b639e5e89903732bd93fe35f0f073897f9e799c4d0ef683b868bc12,Delta_LS_70_30,LINK
212.5,2026-09-15,256.0,adecb4d45404f47d59251479014c92e1682a2b88dee3660baf11e7eaf747180c,-0.00032208558389760003,2026-09-15,SHORT,-0.03749763812699995,35056950076,067b90bc3b639e5e89903732bd93fe35f0f073897f9e799c4d0ef683b868bc12,Delta_LS_70_30_StopVol,BCH
0.15616,2026-09-15,0.14944,dcc1d757971843692b5171de42f5f0b79da95065e5ee59a86431971618300235,1.6144274108000051e-06,2026-09-15,LONG,0.05410279511045877,35056950076,067b90bc3b639e5e89903732bd93fe35f0f073897f9e799c4d0ef683b868bc12,Delta_LS_70_30_StopVol,ARB
10.786,2026-09-15,11.51,eb7f68048b1a7a8bbfc0ca61906ee81a3dbe0a1b38b54d2152ec038b86cdc94a,0.0001303611210179,2026-09-15,SHORT,-0.05564512101458622,35056950076,067b90bc3b639e5e89903732bd93fe35f0f073897f9e799c4d0ef683b868bc12,Delta_LS_70_30_StopVol,LINK
212.5,2026-09-15,256.0,08e6d50e420ff567118681d87ee8e482033732eff60cfae7cc03874295f5b6d8,-0.00032208558389760003,2026-09-15,SHORT,-0.1,35056950076,067b90bc3b639e5e89903732bd93fe35f0f073897f9e799c4d0ef683b868bc12,Delta_LS_50_50,BCH
0.15616,2026-09-15,0.14944,c8f9ebece2e5b25d9c32b5b32168e379c416abceea739124312713bfaba4c1a0,1.6144274108000051e-06,2026-09-15,LONG,0.1,35056950076,067b90bc3b639e5e89903732bd93fe35f0f073897f9e799c4d0ef683b868bc12,Delta_LS_50_50,ARB
10.786,2026-09-15,11.51,046c7d7eab28f58d3207aa747fc0115d0ef412d9927b5b3771019d6649409c12,0.0001303611210179,2026-09-15,SHORT,-0.1,35056950076,067b90bc3b639e5e89903732bd93fe35f0f073897f9e799c4d0ef683b868bc12,Delta_LS_50_50,LINK
212.5,2026-09-15,256.0,622c78325b07375e9f78bd4101cadf3e83e5cc24b970b3f067286e299904ce3f,-0.00032208558389760003,2026-09-15,SHORT,-0.062496063544999925,35056950076,067b90bc3b639e5e89903732bd93fe35f0f073897f9e799c4d0ef683b868bc12,Delta_LS_50_50_StopVol,BCH
0.15616,2026-09-15,0.14944,707c82207d9f5d66f933dcb7167b9751367687632d72f1bd423a8a476b75b1fa,1.6144274108000051e-06,2026-09-15,LONG,0.0386448536503277,35056950076,067b90bc3b639e5e89903732bd93fe35f0f073897f9e799c4d0ef683b868bc12,Delta_LS_50_50_StopVol,ARB
10.786,2026-09-15,11.51,28100f81ca21e1c0bdc856b63639d0daa96f553ab905781fa1191f0d1b0a171f,0.0001303611210179,2026-09-15,SHORT,-0.09274186835764371,35056950076,067b90bc3b639e5e89903732bd93fe35f0f073897f9e799c4d0ef683b868bc12,Delta_LS_50_50_StopVol,LINK
212.5,2026-09-16,258.1,a379349d96109f3e64eafb21c762fb7fe7196776c6ef64d5017c32783c7d45a1,-0.0001201379037338,2026-09-16,SHORT,-0.06,35183449047,a4b3d15beb515fe84a76fd353938c082f9c88f8ade693841fbc7cec3bb412a71,Delta_LS_70_30,BCH
0.17377,2026-09-16,0.14944,e9c40b410bd497ede2a5ca8720469dcf2a42ec0583b0020025dc61a3c8b3e8bb,-0.0001683181497025,2026-09-16,LONG,0.13999999999999999,35183449047,a4b3d15beb515fe84a76fd353938c082f9c88f8ade693841fbc7cec3bb412a71,Delta_LS_70_30,ARB
0.5236,2026-09-16,0.547,feec4a0d3af192d107209ece7baa789e7d1697cd274016bf8444296c33e127f4,-0.00011098428054909999,2026-09-16,SHORT,-0.06,35183449047,a4b3d15beb515fe84a76fd353938c082f9c88f8ade693841fbc7cec3bb412a71,Delta_LS_70_30,APT
212.5,2026-09-16,256.0,e9f6567330f91b25815d2c1cbdd330c334679be1611b315dc841daa53d8ef37d,-0.0001201379037338,2026-09-16,SHORT,-0.03732286646870641,35183449047,a4b3d15beb515fe84a76fd353938c082f9c88f8ade693841fbc7cec3bb412a71,Delta_LS_70_30_StopVol,BCH
0.17377,2026-09-16,0.14944,051840355153d4899b7b8b5dfca2b8255d0069ba2ac576f1db500a8fdfd4bb43,-0.0001683181497025,2026-09-16,LONG,0.0531506805081475,35183449047,a4b3d15beb515fe84a76fd353938c082f9c88f8ade693841fbc7cec3bb412a71,Delta_LS_70_30_StopVol,ARB
0.5236,2026-09-16,0.547,96ccb6b7efa9157fdd20e75c0dabd9f5570940e4c5767186fe0dca3133e6ea43,-0.00011098428054909999,2026-09-16,SHORT,-0.051927605002679574,35183449047,a4b3d15beb515fe84a76fd353938c082f9c88f8ade693841fbc7cec3bb412a71,Delta_LS_70_30_StopVol,APT
212.5,2026-09-16,256.0,c90df71d85ceca5f06f74cb6132114ba7fc2e93fa65fca50f10185231fd932ae,-0.0001201379037338,2026-09-16,SHORT,-0.1,35183449047,a4b3d15beb515fe84a76fd353938c082f9c88f8ade693841fbc7cec3bb412a71,Delta_LS_50_50,BCH
0.17377,2026-09-16,0.14944,f9644ccbd08483e40643f10d406e41bb274726a76b7534b6bb7dc8fca1dae0af,-0.0001683181497025,2026-09-16,LONG,0.1,35183449047,a4b3d15beb515fe84a76fd353938c082f9c88f8ade693841fbc7cec3bb412a71,Delta_LS_50_50,ARB
0.5236,2026-09-16,0.547,267bbe0466bd93c94b1fa3b84882cc35726ae92e97e48252212120529996aac5,-0.00011098428054909999,2026-09-16,SHORT,-0.1,35183449047,a4b3d15beb515fe84a76fd353938c082f9c88f8ade693841fbc7cec3bb412a71,Delta_LS_50_50,APT
212.5,2026-09-16,256.0,61d4f34a1a979b3574cce84af0316176802ffdf8e7dbb6c7ffe0a48604416b85,-0.0001201379037338,2026-09-16,SHORT,-0.06220477744784402,35183449047,a4b3d15beb515fe84a76fd353938c082f9c88f8ade693841fbc7cec3bb412a71,Delta_LS_50_50_StopVol,BCH
0.17377,2026-09-16,0.14944,05545dca4758a02d06562259ba9d195d48d0564115081e67c144a25dc6e7a8e5,-0.0001683181497025,2026-09-16,LONG,0.03796477179153394,35183449047,a4b3d15beb515fe84a76fd353938c082f9c88f8ade693841fbc7cec3bb412a71,Delta_LS_50_50_StopVol,ARB
0.5236,2026-09-16,0.547,b291668b249f8929c80a4b080824a4df80fed364b02d5fe12303dcd0a46c096e,-0.00011098428054909999,2026-09-16,SHORT,-0.0865460083377993,35183449047,a4b3d15beb515fe84a76fd353938c082f9c88f8ade693841fbc7cec3bb412a71,Delta_LS_50_50_StopVol,APT
0.18449,2026-09-17,0.14944,59e2a7270722dbbd52cf13c37b05fbb5ffc892c9140cac337eefc83e9c7e9273,-0.00039974701508780003,2026-09-17,LONG,0.13999999999999999,35307914124,f72ba8db6fc88cb10385e9af5b2ae8780cc700023eb22370e5216b267eccf2a7,Delta_LS_70_30,ARB
2482.97,2026-09-17,2417.38,ad7f94fa309be4344e0519fdfc03563215680d44344d5345cd9773f5a6f3e7e5,0.0001184629609847,2026-09-17,LONG,0.13999999999999999,35307914124,f72ba8db6fc88cb10385e9af5b2ae8780cc700023eb22370e5216b267eccf2a7,Delta_LS_70_30,ETH
0.09443,2026-09-17,0.09577,a9b4ac92434ffda89938aae914c690c63c8851c0c45f00e2c8d1bb205a7a2ecd,0.0001988902063008,2026-09-17,SHORT,-0.06,35307914124,f72ba8db6fc88cb10385e9af5b2ae8780cc700023eb22370e5216b267eccf2a7,Delta_LS_70_30,OP
0.7085,2026-09-17,0.7132,06735f001f8029d80f8ad73a30ef1510cce4c503ca3028ebec8efc6f309b6a08,0.0001968838302145,2026-09-17,SHORT,-0.06,35307914124,f72ba8db6fc88cb10385e9af5b2ae8780cc700023eb22370e5216b267eccf2a7,Delta_LS_70_30,SUI
0.18449,2026-09-17,0.14944,291dde5b0c90b4174a38efc31308867666e46797510d5336d4f26cb62c8f5106,-0.00039974701508780003,2026-09-17,LONG,0.05266205956173213,35307914124,f72ba8db6fc88cb10385e9af5b2ae8780cc700023eb22370e5216b267eccf2a7,Delta_LS_70_30_StopVol,ARB
2482.97,2026-09-17,2417.38,ae0112e8e38934f5fd43c89a3f21a3b06080b9b944eafe2e19bee4196b577588,0.0001184629609847,2026-09-17,LONG,0.13764858196147262,35307914124,f72ba8db6fc88cb10385e9af5b2ae8780cc700023eb22370e5216b267eccf2a7,Delta_LS_70_30_StopVol,ETH
0.09443,2026-09-17,0.09577,963447e39fa53bde04e3910b484b320940e14fad7654b32f47b7b5472ec3ca49,0.0001988902063008,2026-09-17,SHORT,-0.04520932575773577,35307914124,f72ba8db6fc88cb10385e9af5b2ae8780cc700023eb22370e5216b267eccf2a7,Delta_LS_70_30_StopVol,OP
0.7085,2026-09-17,0.7132,55308f477d5a1593e0c9da8c98bae47f9e8aac685b86e35851be7f2cec860242,0.0001968838302145,2026-09-17,SHORT,-0.050115083183231816,35307914124,f72ba8db6fc88cb10385e9af5b2ae8780cc700023eb22370e5216b267eccf2a7,Delta_LS_70_30_StopVol,SUI
0.18449,2026-09-17,0.14944,db47df0b29e96eb1f9afd49d384903b5dab7588d8091ff43ab8ccb053af7693a,-0.00039974701508780003,2026-09-17,LONG,0.1,35307914124,f72ba8db6fc88cb10385e9af5b2ae8780cc700023eb22370e5216b267eccf2a7,Delta_LS_50_50,ARB
2482.97,2026-09-17,2417.38,20033e483cbbc5a16a11768689c90c8fe2c576b97ec64cec54b16b4d69604963,0.0001184629609847,2026-09-17,LONG,0.1,35307914124,f72ba8db6fc88cb10385e9af5b2ae8780cc700023eb22370e5216b267eccf2a7,Delta_LS_50_50,ETH
0.09443,2026-09-17,0.09577,babcf8baa95f6e411de274b78f6f650772e8508b352e05209af87c2f86da0fb4,0.0001988902063008,2026-09-17,SHORT,-0.1,35307914124,f72ba8db6fc88cb10385e9af5b2ae8780cc700023eb22370e5216b267eccf2a7,Delta_LS_50_50,OP
0.7085,2026-09-17,0.7132,9d4c3284d5c2ebed000bbfc2550e224d4ecdfb9a62f614c6c4946c8450a5a066,0.0001968838302145,2026-09-17,SHORT,-0.1,35307914124,f72ba8db6fc88cb10385e9af5b2ae8780cc700023eb22370e5216b267eccf2a7,Delta_LS_50_50,SUI
0.18449,2026-09-17,0.14944,f40912a774f16abc11faa67de30351c62f5805fafebead7f9a2ebc1282c2e5a1,-0.00039974701508780003,2026-09-17,LONG,0.037615756829808666,35307914124,f72ba8db6fc88cb10385e9af5b2ae8780cc700023eb22370e5216b267eccf2a7,Delta_LS_50_50_StopVol,ARB
2482.97,2026-09-17,2417.38,4a7e0dc356adc011f62967c0502fca9760b7d29e8041914128c5cebbbdb2557d,0.0001184629609847,2026-09-17,LONG,0.09832041568676617,35307914124,f72ba8db6fc88cb10385e9af5b2ae8780cc700023eb22370e5216b267eccf2a7,Delta_LS_50_50_StopVol,ETH
0.09443,2026-09-17,0.09577,0f4647329376927da768d4c809a86b6c1b1202382e5753db64b558485675785e,0.0001988902063008,2026-09-17,SHORT,-0.07534887626289295,35307914124,f72ba8db6fc88cb10385e9af5b2ae8780cc700023eb22370e5216b267eccf2a7,Delta_LS_50_50_StopVol,OP
0.7085,2026-09-17,0.7132,5a5826317044fb8361a7745fdc55d0e3717c2297af2ba04a7544416cbd793804,0.0001968838302145,2026-09-17,SHORT,-0.0835251386387197,35307914124,f72ba8db6fc88cb10385e9af5b2ae8780cc700023eb22370e5216b267eccf2a7,Delta_LS_50_50_StopVol,SUI
1.1715,2026-09-18,1.0786,add93a78072bb7ca148703a30c7e8dc4da855b6ff87e6bdda5aa577ce5f2f8e9,0.00027582726028630003,2026-09-18,LONG,0.13999999999999999,35445869089,d962105ad75fc522b79d8f0a8de5fbcd5efc497d0ed53711020d8818dd467a50,Delta_LS_70_30,DOT
3.837,2026-09-18,3.145,57b75badf06df2f7c3065651a022fa6c3bb4b6c3321a638ca974daeb0b7c27e1,0.00030000000000000003,2026-09-18,LONG,0.13999999999999999,35445869089,d962105ad75fc522b79d8f0a8de5fbcd5efc497d0ed53711020d8818dd467a50,Delta_LS_70_30,NEAR
1.1715,2026-09-18,1.0786,c67e6b292ec4f724c70289b5609f6f68ad02e5d253dda8164afb1d1dc37d7909,0.00027582726028630003,2026-09-18,LONG,0.09827379333510299,35445869089,d962105ad75fc522b79d8f0a8de5fbcd5efc497d0ed53711020d8818dd467a50,Delta_LS_70_30_StopVol,DOT
3.837,2026-09-18,3.145,343ac9979ee9fb891780bbf0c112896977e8b6e9e37a3083b5daadb1921ac162,0.00030000000000000003,2026-09-18,LONG,0.0861926460365591,35445869089,d962105ad75fc522b79d8f0a8de5fbcd5efc497d0ed53711020d8818dd467a50,Delta_LS_70_30_StopVol,NEAR
1.1715,2026-09-18,1.0786,f1dfb4e5e3d2e6e5925ea94d1a68c81a9b1d6cf539912306ff2d21435b7c8bb2,0.00027582726028630003,2026-09-18,LONG,0.1,35445869089,d962105ad75fc522b79d8f0a8de5fbcd5efc497d0ed53711020d8818dd467a50,Delta_LS_50_50,DOT
3.837,2026-09-18,3.145,ff45fe7dd98a5abd74be8074c07a18b115971e3a392b0bd9d91884f63401958e,0.00030000000000000003,2026-09-18,LONG,0.1,35445869089,d962105ad75fc522b79d8f0a8de5fbcd5efc497d0ed53711020d8818dd467a50,Delta_LS_50_50,NEAR
1.1715,2026-09-18,1.0786,ed67cf842e9e602b150550b8161b1fc2467a69b8e9d31f9a887c983bc577f6be,0.00027582726028630003,2026-09-18,LONG,0.07019556666793071,35445869089,d962105ad75fc522b79d8f0a8de5fbcd5efc497d0ed53711020d8818dd467a50,Delta_LS_50_50_StopVol,DOT
3.837,2026-09-18,3.145,940c6d7c2284bfc65325bb8a37803a1fc6330e949fa25a45432554e6a0ed094e,0.00030000000000000003,2026-09-18,LONG,0.06156617574039937,35445869089,d962105ad75fc522b79d8f0a8de5fbcd5efc497d0ed53711020d8818dd467a50,Delta_LS_50_50_StopVol,NEAR
1.1715,2026-09-19,1.0786,241cefb66a8f43620dddf83dc1286ec4c877768aca6164c8b860cd857b33b385,0.00030000000000000003,2026-09-19,LONG,0.13999999999999999,35669466550,ab577b6a8faf085dc9267f11ad196edb0d1f22c3af2dd37a47c154e4877ebba4,Delta_LS_70_30,DOT
0.08637,2026-09-19,0.08745,46bf275ee8de68257af1860a45d0b598d143e09f60fd5e9a82663be01872b296,0.00030000000000000003,2026-09-19,SHORT,-0.06,35669466550,ab577b6a8faf085dc9267f11ad196edb0d1f22c3af2dd37a47c154e4877ebba4,Delta_LS_70_30,DOGE
1.1339,2026-09-19,0.9427,160b6e1c079cce497327ca1900fa7ab714d2d9ed01ad15574ef61abee298f3ef,0.00030000000000000003,2026-09-19,LONG,0.13999999999999999,35669466550,ab577b6a8faf085dc9267f11ad196edb0d1f22c3af2dd37a47c154e4877ebba4,Delta_LS_70_30,FIL
1.3928,2026-09-19,1.3963,bfb308a0379729849abbe019349391a6b188bcaead051bb48f357467c344d2b3,0.00030000000000000003,2026-09-19,SHORT,-0.06,35669466550,ab577b6a8faf085dc9267f11ad196edb0d1f22c3af2dd37a47c154e4877ebba4,Delta_LS_70_30,XRP
1.1715,2026-09-19,1.0786,f348620ef2fa3f2c6001c550a6b7ea19dc22190c1a3e5f6dfbc17e94c833130f,0.00030000000000000003,2026-09-19,LONG,0.09826707681298985,35669466550,ab577b6a8faf085dc9267f11ad196edb0d1f22c3af2dd37a47c154e4877ebba4,Delta_LS_70_30_StopVol,DOT
0.08637,2026-09-19,0.08745,792931d111b332445828f4dbe402b4a91e509adda50efa4a7b764b2aae86aa89,0.00030000000000000003,2026-09-19,SHORT,-0.05581474017210226,35669466550,ab577b6a8faf085dc9267f11ad196edb0d1f22c3af2dd37a47c154e4877ebba4,Delta_LS_70_30_StopVol,DOGE
1.1339,2026-09-19,0.9427,cc554f171366b43e87fa07dfa70e5cfcdc3e9f87cc9edd802fff47732b6a516a,0.00030000000000000003,2026-09-19,LONG,0.08612759612975505,35669466550,ab577b6a8faf085dc9267f11ad196edb0d1f22c3af2dd37a47c154e4877ebba4,Delta_LS_70_30_StopVol,FIL
1.3928,2026-09-19,1.3963,8cf650b9a05abd70ed4004a2be5d9958ac605ae41a23c06c5edc9868c5f75c03,0.00030000000000000003,2026-09-19,SHORT,-0.046134093225493895,35669466550,ab577b6a8faf085dc9267f11ad196edb0d1f22c3af2dd37a47c154e4877ebba4,Delta_LS_70_30_StopVol,XRP
1.1715,2026-09-19,1.0786,a97f36ef3401423909ddbd7e0a224667ef6de22de8be41ee4b34ca42eaa77059,0.00030000000000000003,2026-09-19,LONG,0.1,35669466550,ab577b6a8faf085dc9267f11ad196edb0d1f22c3af2dd37a47c154e4877ebba4,Delta_LS_50_50,DOT
0.08637,2026-09-19,0.08745,cf4800a0e90f8a86ba8d87117d19e4067a7e89424e19d08f565e1240628c417c,0.00030000000000000003,2026-09-19,SHORT,-0.1,35669466550,ab577b6a8faf085dc9267f11ad196edb0d1f22c3af2dd37a47c154e4877ebba4,Delta_LS_50_50,DOGE
1.1339,2026-09-19,0.9427,5a130da769c7e88700dc70c6d2744727a5bd2333ea86656111e24384ad7019fc,0.00030000000000000003,2026-09-19,LONG,0.1,35669466550,ab577b6a8faf085dc9267f11ad196edb0d1f22c3af2dd37a47c154e4877ebba4,Delta_LS_50_50,FIL
1.3928,2026-09-19,1.3963,38159113ef5c944a4a71ac199ddac02daa373bcbd43fb72fcd9b157179fb0220,0.00030000000000000003,2026-09-19,SHORT,-0.1,35669466550,ab577b6a8faf085dc9267f11ad196edb0d1f22c3af2dd37a47c154e4877ebba4,Delta_LS_50_50,XRP
1.1715,2026-09-19,1.0786,170aa46af471fc5aed04ef8f00213c467d734b042de603c9268ea01fedc67d45,0.00030000000000000003,2026-09-19,LONG,0.07019076915213561,35669466550,ab577b6a8faf085dc9267f11ad196edb0d1f22c3af2dd37a47c154e4877ebba4,Delta_LS_50_50_StopVol,DOT
0.08637,2026-09-19,0.08745,3bdc83e0b32a8dcb0566d791514f21c00955e31f57f9285703b42cb78f25169b,0.00030000000000000003,2026-09-19,SHORT,-0.09302456695350377,35669466550,ab577b6a8faf085dc9267f11ad196edb0d1f22c3af2dd37a47c154e4877ebba4,Delta_LS_50_50_StopVol,DOGE
1.1339,2026-09-19,0.9427,005626a401414fe68ac4ce01ea95b20b43df83ab3af9c2857838e6c7693ab98c,0.00030000000000000003,2026-09-19,LONG,0.06151971152125362,35669466550,ab577b6a8faf085dc9267f11ad196edb0d1f22c3af2dd37a47c154e4877ebba4,Delta_LS_50_50_StopVol,FIL
1.3928,2026-09-19,1.3963,b427eb6371f9ea003653ba1a193ca1af8ac0e0b61d37559bcc53e4c9dad6235a,0.00030000000000000003,2026-09-19,SHORT,-0.07689015537582317,35669466550,ab577b6a8faf085dc9267f11ad196edb0d1f22c3af2dd37a47c154e4877ebba4,Delta_LS_50_50_StopVol,XRP
0.08427,2026-09-20,0.08745,f6ab55d20d5980c162fc1fe569a8d83b491d49b5c01c00d9f5a0c90f3921bb94,0.0002177342175103,2026-09-20,SHORT,-0.06,35670077532,4f03c35bec293149c11c6cf4215db14e50a85ab91d827a238d524f39b9c48293,Delta_LS_70_30,DOGE
1.3672,2026-09-20,1.3963,72cde5cbaf16b0328278c571727d97de7218c349cb3184a130126ab4a43a7f23,0.0002176396613541,2026-09-20,SHORT,-0.06,35670077532,4f03c35bec293149c11c6cf4215db14e50a85ab91d827a238d524f39b9c48293,Delta_LS_70_30,XRP
242.2,2026-09-20,254.8,2186865917994e02f906a3cbe1837630b87212fcf393416c8879e282c55a60a3,0.0002943116071956,2026-09-20,SHORT,-0.06,35670077532,4f03c35bec293149c11c6cf4215db14e50a85ab91d827a238d524f39b9c48293,Delta_LS_70_30,BCH
11.913,2026-09-20,12.416,0182554cb7ed51840bc418ee76e1cee3599245f309cfd319798c6736dd722323,0.00024302877879320002,2026-09-20,SHORT,-0.06,35670077532,4f03c35bec293149c11c6cf4215db14e50a85ab91d827a238d524f39b9c48293,Delta_LS_70_30,LINK
0.33854,2026-09-20,0.3397,925d27cf88851fa50320e2fe792e5b2f5738504c2b2cc99d349584849d2ad01f,0.0001482862170051,2026-09-20,SHORT,-0.06,35670077532,4f03c35bec293149c11c6cf4215db14e50a85ab91d827a238d524f39b9c48293,Delta_LS_70_30,TRX
0.08427,2026-09-20,0.08745,2319678f292bdac1a4d5d6ca982b20fc616af88e30ea03c06ed588da27ce6d60,0.0002177342175103,2026-09-20,SHORT,-0.05832869896705713,35670077532,4f03c35bec293149c11c6cf4215db14e50a85ab91d827a238d524f39b9c48293,Delta_LS_70_30_StopVol,DOGE
1.3672,2026-09-20,1.3963,a25005fc128e19c253dae87d79191a73847b12e5b2f36fea0e7aa730bc912800,0.0002176396613541,2026-09-20,SHORT,-0.05322048114550038,35670077532,4f03c35bec293149c11c6cf4215db14e50a85ab91d827a238d524f39b9c48293,Delta_LS_70_30_StopVol,XRP
242.2,2026-09-20,254.8,cb34ae558276eb846e7fb4a9ae07348f69b11103c4f60a48afbbfb6b4aa281d9,0.0002943116071956,2026-09-20,SHORT,-0.03628561434028115,35670077532,4f03c35bec293149c11c6cf4215db14e50a85ab91d827a238d524f39b9c48293,Delta_LS_70_30_StopVol,BCH
11.913,2026-09-20,12.416,eca9ee31cae3acdc646a4a20f5eeea2aa402d9beec7e35974e3fafbdfc18aae6,0.00024302877879320002,2026-09-20,SHORT,-0.05637797697522547,35670077532,4f03c35bec293149c11c6cf4215db14e50a85ab91d827a238d524f39b9c48293,Delta_LS_70_30_StopVol,LINK
0.33854,2026-09-20,0.3397,a59f9bdc4a30e7961ed145c73c295b0e76261b9e0bc47c95fe8ff94a94d019bd,0.0001482862170051,2026-09-20,SHORT,-0.06,35670077532,4f03c35bec293149c11c6cf4215db14e50a85ab91d827a238d524f39b9c48293,Delta_LS_70_30_StopVol,TRX
0.08427,2026-09-20,0.08745,5c76cd9bba4d4aaf7841184116edf6769aa010ae865682f3894c46d0bfc65e42,0.0002177342175103,2026-09-20,SHORT,-0.1,35670077532,4f03c35bec293149c11c6cf4215db14e50a85ab91d827a238d524f39b9c48293,Delta_LS_50_50,DOGE
1.3672,2026-09-20,1.3963,658dea627c3cd888931c30da2fc94f9ce37317871bffd4d3a77284d130f2d5c8,0.0002176396613541,2026-09-20,SHORT,-0.1,35670077532,4f03c35bec293149c11c6cf4215db14e50a85ab91d827a238d524f39b9c48293,Delta_LS_50_50,XRP
242.2,2026-09-20,254.8,6f2cfc06df9696bf78c3d1d179d5bbbf4c7a2648c97c5b40f2176a8d3db3c3d9,0.0002943116071956,2026-09-20,SHORT,-0.1,35670077532,4f03c35bec293149c11c6cf4215db14e50a85ab91d827a238d524f39b9c48293,Delta_LS_50_50,BCH
11.913,2026-09-20,12.416,160c391c3d35d7bd7678891714916739deb364af31138a145df5435183639b93,0.00024302877879320002,2026-09-20,SHORT,-0.1,35670077532,4f03c35bec293149c11c6cf4215db14e50a85ab91d827a238d524f39b9c48293,Delta_LS_50_50,LINK
0.33854,2026-09-20,0.3397,ee969e07a5b96ffd4eb3adf722faf275d1b51611c7c01fa7c60859e57392e9e3,0.0001482862170051,2026-09-20,SHORT,-0.1,35670077532,4f03c35bec293149c11c6cf4215db14e50a85ab91d827a238d524f39b9c48293,Delta_LS_50_50,TRX
0.08427,2026-09-20,0.08745,5c865263a34bde4d6bc5521754dca357f62ed06b6a4a56bd2e2f44e1a392679c,0.0002177342175103,2026-09-20,SHORT,-0.09721449827842855,35670077532,4f03c35bec293149c11c6cf4215db14e50a85ab91d827a238d524f39b9c48293,Delta_LS_50_50_StopVol,DOGE
1.3672,2026-09-20,1.3963,382cc66fa6822a16f79fad6f9ed9e459d89ec84dde7ab11279e1ef98e5d87a32,0.0002176396613541,2026-09-20,SHORT,-0.0887008019091673,35670077532,4f03c35bec293149c11c6cf4215db14e50a85ab91d827a238d524f39b9c48293,Delta_LS_50_50_StopVol,XRP
242.2,2026-09-20,254.8,1962ab553c86ce1ff126f93decc1b685874f4e87b0f4afe914075075b714afd0,0.0002943116071956,2026-09-20,SHORT,-0.06047602390046859,35670077532,4f03c35bec293149c11c6cf4215db14e50a85ab91d827a238d524f39b9c48293,Delta_LS_50_50_StopVol,BCH
11.913,2026-09-20,12.416,0f73ea66a2f598ee6608eb34faa221e89223f70b4935991d6308d0b14573a3f6,0.00024302877879320002,2026-09-20,SHORT,-0.09396329495870913,35670077532,4f03c35bec293149c11c6cf4215db14e50a85ab91d827a238d524f39b9c48293,Delta_LS_50_50_StopVol,LINK
0.33854,2026-09-20,0.3397,0813cfcea46441f4d9e8a9226ad83171d03736c8ccfcce0d7d4c5568e0b703d7,0.0001482862170051,2026-09-20,SHORT,-0.1,35670077532,4f03c35bec293149c11c6cf4215db14e50a85ab91d827a238d524f39b9c48293,Delta_LS_50_50_StopVol,TRX
0.33854,2026-09-21,0.3397,b495a9fc48cd30709a7b9434f2b1e3819108c1172716529028cc7c50c1694dbe,3.89369263894e-05,2026-09-21,SHORT,-0.06,35670707670,838be6adfdb1d433f17a82c4ffb759db57b3bd77469c15315daf4f0d1864a87f,Delta_LS_70_30,TRX
0.24769,2026-09-21,0.21764,0d3f66e11f44aaa5b83ffef9fd68c052594d9249aa623be5b84274cace9b233c,-4.158465626799999e-05,2026-09-21,LONG,0.13999999999999999,35670707670,838be6adfdb1d433f17a82c4ffb759db57b3bd77469c15315daf4f0d1864a87f,Delta_LS_70_30,ARB
11.796,2026-09-21,11.309,9769f1b2a20305836938b29759ac94543b143cca53f992eaba6979f427dc631f,0.0001153778417295,2026-09-21,LONG,0.13999999999999999,35670707670,838be6adfdb1d433f17a82c4ffb759db57b3bd77469c15315daf4f0d1864a87f,Delta_LS_70_30,AVAX
0.33854,2026-09-21,0.3397,ebee9e5e88104c3f7134216faf048c7ee03e494d11a6965de3a0534eaaa37c08,3.89369263894e-05,2026-09-21,SHORT,-0.06,35670707670,838be6adfdb1d433f17a82c4ffb759db57b3bd77469c15315daf4f0d1864a87f,Delta_LS_70_30_StopVol,TRX
0.24769,2026-09-21,0.21764,2b9d38093c77d9957eef8f835e9a13de5d7596ba8c654f3153efe6da7e09c8bd,-4.158465626799999e-05,2026-09-21,LONG,0.05042913823930118,35670707670,838be6adfdb1d433f17a82c4ffb759db57b3bd77469c15315daf4f0d1864a87f,Delta_LS_70_30_StopVol,ARB
11.796,2026-09-21,11.309,f439bc71e3ff14d3f0682e07bb4047a7a7a02586e18408e5c10760fd94e248cf,0.0001153778417295,2026-09-21,LONG,0.10253239728168204,35670707670,838be6adfdb1d433f17a82c4ffb759db57b3bd77469c15315daf4f0d1864a87f,Delta_LS_70_30_StopVol,AVAX
0.33854,2026-09-21,0.3397,831f9766efad8f9b7cf1fdf7ace4240d36cf61107c62acb098ff9e91d36f51f8,3.89369263894e-05,2026-09-21,SHORT,-0.1,35670707670,838be6adfdb1d433f17a82c4ffb759db57b3bd77469c15315daf4f0d1864a87f,Delta_LS_50_50,TRX
0.24769,2026-09-21,0.21764,919866644390930aa2a5b9c72b67b4be81627ca00fd52c56f9ea6e3d43a3c9c7,-4.158465626799999e-05,2026-09-21,LONG,0.1,35670707670,838be6adfdb1d433f17a82c4ffb759db57b3bd77469c15315daf4f0d1864a87f,Delta_LS_50_50,ARB
11.796,2026-09-21,11.309,82f0e2e42951cf9f47aeef5922b5f99f29f7f9bed15f0a676663f837f4dd803d,0.0001153778417295,2026-09-21,LONG,0.1,35670707670,838be6adfdb1d433f17a82c4ffb759db57b3bd77469c15315daf4f0d1864a87f,Delta_LS_50_50,AVAX
0.33854,2026-09-21,0.3397,348ccf23106b9de7cb3dfe0c300a2f636ca90238502630ee453ca69169e29a22,3.89369263894e-05,2026-09-21,SHORT,-0.1,35670707670,838be6adfdb1d433f17a82c4ffb759db57b3bd77469c15315daf4f0d1864a87f,Delta_LS_50_50_StopVol,TRX
0.24769,2026-09-21,0.21764,1cb47ee00af7e73a68bffb48fd4d723798bee3e52943823ce1b11c02c84f550b,-4.158465626799999e-05,2026-09-21,LONG,0.03602081302807227,35670707670,838be6adfdb1d433f17a82c4ffb759db57b3bd77469c15315daf4f0d1864a87f,Delta_LS_50_50_StopVol,ARB
11.796,2026-09-21,11.309,1ed9d2f564b81ff16f5e95e1d6d9aa913be45ef39d7aafe82c941b9017fbd674,0.0001153778417295,2026-09-21,LONG,0.0732374266297729,35670707670,838be6adfdb1d433f17a82c4ffb759db57b3bd77469c15315daf4f0d1864a87f,Delta_LS_50_50_StopVol,AVAX
0.33854,2026-09-22,0.3397,0c4e3ba868a489e705cf9b1a0c02cce9d8e8c2dbd6392ad19f8427581c4f8664,-3.90409907006e-05,2026-09-22,SHORT,-0.06,35819477842,608aac2f37c91d2a343636f1984dc97912be74ae47801e7ab2f68a59c945b5f3,Delta_LS_70_30,TRX
0.24769,2026-09-22,0.21764,6bf50caff7a736834952bc3f5f84a006c384b07e37b7c59e4fefa9ec13f66ff8,-0.0003634040688043,2026-09-22,LONG,0.13999999999999999,35819477842,608aac2f37c91d2a343636f1984dc97912be74ae47801e7ab2f68a59c945b5f3,Delta_LS_70_30,ARB
0.8398,2026-09-22,0.7943,20a2da5e3fb351fdd1eda55bd3e5167c07c823a7be2ca1fa34d93d4fec7d2215,0.0002806755676872,2026-09-22,LONG,0.13999999999999999,35819477842,608aac2f37c91d2a343636f1984dc97912be74ae47801e7ab2f68a59c945b5f3,Delta_LS_70_30,APT
4.659,2026-09-22,4.266,3ee11523918c3f1e08ab006ae4b0564538746a27951d45baadc9249633a294ed,0.00023325282283870002,2026-09-22,LONG,0.13999999999999999,35819477842,608aac2f37c91d2a343636f1984dc97912be74ae47801e7ab2f68a59c945b5f3,Delta_LS_70_30,NEAR
0.33854,2026-09-22,0.3397,16d7f84f60707ebf8901fec3cc16ad4b005e1412c38bcdfe86c5bed631c5fb14,-3.90409907006e-05,2026-09-22,SHORT,-0.06,35819477842,608aac2f37c91d2a343636f1984dc97912be74ae47801e7ab2f68a59c945b5f3,Delta_LS_70_30_StopVol,TRX
0.24769,2026-09-22,0.21764,776ebbea4845fa8523a31388fae73d5f12acfed0bc639faa94bede1935521d79,-0.0003634040688043,2026-09-22,LONG,0.05047212254142681,35819477842,608aac2f37c91d2a343636f1984dc97912be74ae47801e7ab2f68a59c945b5f3,Delta_LS_70_30_StopVol,ARB
0.8398,2026-09-22,0.7943,84463f9ff792ff1d0ec0843df6b6dba5af2a86078ab2ae69ffaeba9f43becb21,0.0002806755676872,2026-09-22,LONG,0.0955688634001363,35819477842,608aac2f37c91d2a343636f1984dc97912be74ae47801e7ab2f68a59c945b5f3,Delta_LS_70_30_StopVol,APT
4.659,2026-09-22,4.266,41b6e61ca62cdf5103d9e2b0c8204323e1a5ac6ce5bc167d0a290fc45e974766,0.00023325282283870002,2026-09-22,LONG,0.07601396167813501,35819477842,608aac2f37c91d2a343636f1984dc97912be74ae47801e7ab2f68a59c945b5f3,Delta_LS_70_30_StopVol,NEAR
0.33854,2026-09-22,0.3397,f69aeb0d125d87bf9b99b0cd29636cb18184634760aade991f2b1fc91628a192,-3.90409907006e-05,2026-09-22,SHORT,-0.1,35819477842,608aac2f37c91d2a343636f1984dc97912be74ae47801e7ab2f68a59c945b5f3,Delta_LS_50_50,TRX
0.24769,2026-09-22,0.21764,a1bdf13d536532f030d01ce0ef794d6882ae6d5ce9bea30e9a6d0853d6fd3ef7,-0.0003634040688043,2026-09-22,LONG,0.1,35819477842,608aac2f37c91d2a343636f1984dc97912be74ae47801e7ab2f68a59c945b5f3,Delta_LS_50_50,ARB
0.8398,2026-09-22,0.7943,d94377729cd3dc0acffbbec30662205bbfe82dc8a3d063dd3a6f619ff634b1c8,0.0002806755676872,2026-09-22,LONG,0.1,35819477842,608aac2f37c91d2a343636f1984dc97912be74ae47801e7ab2f68a59c945b5f3,Delta_LS_50_50,APT
4.659,2026-09-22,4.266,65e85a9cfa3d00d1a50db106732873c481f2b159445c498a6ad8f489c48b797f,0.00023325282283870002,2026-09-22,LONG,0.1,35819477842,608aac2f37c91d2a343636f1984dc97912be74ae47801e7ab2f68a59c945b5f3,Delta_LS_50_50,NEAR
0.33854,2026-09-22,0.3397,cac6ab462ad4f931728d8002727f05f2c1253924e4606c2e291c5dce58e6282f,-3.90409907006e-05,2026-09-22,SHORT,-0.1,35819477842,608aac2f37c91d2a343636f1984dc97912be74ae47801e7ab2f68a59c945b5f3,Delta_LS_50_50_StopVol,TRX
0.24769,2026-09-22,0.21764,d6c735c5549249b70c7203e8e9675f447ade7ab6696bdd5da93c1778ae5ee496,-0.0003634040688043,2026-09-22,LONG,0.03605151610101916,35819477842,608aac2f37c91d2a343636f1984dc97912be74ae47801e7ab2f68a59c945b5f3,Delta_LS_50_50_StopVol,ARB
0.8398,2026-09-22,0.7943,a94a990c00071765045a67947ef36e96b2ade5fdca697c02e0dfaf0021954ad4,0.0002806755676872,2026-09-22,LONG,0.06826347385724023,35819477842,608aac2f37c91d2a343636f1984dc97912be74ae47801e7ab2f68a59c945b5f3,Delta_LS_50_50_StopVol,APT
4.659,2026-09-22,4.266,882c38d6179b575e0db447091099cf94a7c0353151186ab955a7a12eadde92f6,0.00023325282283870002,2026-09-22,LONG,0.05429568691295359,35819477842,608aac2f37c91d2a343636f1984dc97912be74ae47801e7ab2f68a59c945b5f3,Delta_LS_50_50_StopVol,NEAR
0.33811,2026-09-23,0.3397,7870dfcb7ef6b74fa0843721e8e4884ee9d46cc73ad1d6d3b1c1b3d342c47e4d,-0.000407760155975,2026-09-23,SHORT,-0.06,35957180613,1448a5f7465738b7e9f4fd0c441f443c9d3949a4f1ecb78f162671b769301c1d,Delta_LS_70_30,TRX
0.25553,2026-09-23,0.21764,1053551558b3987137ccd3cfa7292b78d7bf03ed68ab8878f53608d1ad24c3a8,0.0001000415860358,2026-09-23,LONG,0.13999999999999999,35957180613,1448a5f7465738b7e9f4fd0c441f443c9d3949a4f1ecb78f162671b769301c1d,Delta_LS_70_30,ARB
137.17,2026-09-23,147.95,3470d18574c0d1e75031966e2cdcf1007c4e9016b0c075b698402bd779a58b94,0.0002747202744158,2026-09-23,SHORT,-0.06,35957180613,1448a5f7465738b7e9f4fd0c441f443c9d3949a4f1ecb78f162671b769301c1d,Delta_LS_70_30,AAVE
0.33811,2026-09-23,0.3397,9701952f991af1ef5b560f40dd4b406c15e3470a3f1f873555f381ceb97e5540,-0.000407760155975,2026-09-23,SHORT,-0.06,35957180613,1448a5f7465738b7e9f4fd0c441f443c9d3949a4f1ecb78f162671b769301c1d,Delta_LS_70_30_StopVol,TRX
0.25553,2026-09-23,0.21764,f38a266e20546135763d4ad700c0881fe5dee044a55415a42bbf0fd1e23108ee,0.0001000415860358,2026-09-23,LONG,0.05047353973185468,35957180613,1448a5f7465738b7e9f4fd0c441f443c9d3949a4f1ecb78f162671b769301c1d,Delta_LS_70_30_StopVol,ARB
137.17,2026-09-23,147.95,e8ffb8b1bef9064a4426b672f8096fb6af9da9400ed08ce79082951cbf632498,0.0002747202744158,2026-09-23,SHORT,-0.06,35957180613,1448a5f7465738b7e9f4fd0c441f443c9d3949a4f1ecb78f162671b769301c1d,Delta_LS_70_30_StopVol,AAVE
0.33811,2026-09-23,0.3397,c40d8f2222194ade95f090c8bee18d1d071e6a099d051481f84854c9f9e497e9,-0.000407760155975,2026-09-23,SHORT,-0.1,35957180613,1448a5f7465738b7e9f4fd0c441f443c9d3949a4f1ecb78f162671b769301c1d,Delta_LS_50_50,TRX
0.25553,2026-09-23,0.21764,d332c7e85658b8f1bec1cadd3dcab0c6cebb506eba6e9720eb66b1fdeb893e70,0.0001000415860358,2026-09-23,LONG,0.1,35957180613,1448a5f7465738b7e9f4fd0c441f443c9d3949a4f1ecb78f162671b769301c1d,Delta_LS_50_50,ARB
137.17,2026-09-23,147.95,e4cfa6b4a60a22a01f1509807a85497188904d45ba9701a2d7e85872f687205e,0.0002747202744158,2026-09-23,SHORT,-0.1,35957180613,1448a5f7465738b7e9f4fd0c441f443c9d3949a4f1ecb78f162671b769301c1d,Delta_LS_50_50,AAVE
0.33811,2026-09-23,0.3397,ef9aff53ce0cc24e6df1dcfd38e4dca0444e2045760ce644de19aa68ac1bd52b,-0.000407760155975,2026-09-23,SHORT,-0.1,35957180613,1448a5f7465738b7e9f4fd0c441f443c9d3949a4f1ecb78f162671b769301c1d,Delta_LS_50_50_StopVol,TRX
0.25553,2026-09-23,0.21764,3eee11b94430d031c174aab9c97134861a8b7544413e68d9081f5528f547a8ef,0.0001000415860358,2026-09-23,LONG,0.036052528379896205,35957180613,1448a5f7465738b7e9f4fd0c441f443c9d3949a4f1ecb78f162671b769301c1d,Delta_LS_50_50_StopVol,ARB
137.17,2026-09-23,147.95,8dca739bc3b43e9cf7a6d30ba60437cd0e3f65318d28a74214a7e263c3cfd313,0.0002747202744158,2026-09-23,SHORT,-0.1,35957180613,1448a5f7465738b7e9f4fd0c441f443c9d3949a4f1ecb78f162671b769301c1d,Delta_LS_50_50_StopVol,AAVE
0.33811,2026-09-24,0.3397,80ffedb71f2224a7a9ddfe540c9e726314a9162bedee65f4ab76cf05a3d3fe16,-0.0001578991490911,2026-09-24,SHORT,-0.06,36096417206,016fa68d3dc5291c50cd6c5d3f9e95e95ed85bf658553cd66d48d56f82f6be8f,Delta_LS_70_30,TRX
349.4,2026-09-24,337.2,86d9a69c7bdbd771d0fe767baa0c1c0c76be51275048dca79063a7846a1aa84e,0.0002214472781536,2026-09-24,LONG,0.13999999999999999,36096417206,016fa68d3dc5291c50cd6c5d3f9e95e95ed85bf658553cd66d48d56f82f6be8f,Delta_LS_70_30,BCH
1.0882,2026-09-24,1.1008,046059c57f5c6a9cb0f7efb9b54acc7fd7d4c75302268cbe02955ea880298ee7,-0.0001443500232666,2026-09-24,SHORT,-0.06,36096417206,016fa68d3dc5291c50cd6c5d3f9e95e95ed85bf658553cd66d48d56f82f6be8f,Delta_LS_70_30,DOT
1.4513,2026-09-24,1.5,ac4f2766b95b74165113ebd6968dfeefd462947574aa6a1619aa6d0c51a5ce00,4.00871923573e-05,2026-09-24,SHORT,-0.06,36096417206,016fa68d3dc5291c50cd6c5d3f9e95e95ed85bf658553cd66d48d56f82f6be8f,Delta_LS_70_30,XRP
0.33811,2026-09-24,0.3397,239b2128b829dcb55de37abf581a740d6b62271b4c3a1bb7900eeabd460a7023,-0.0001578991490911,2026-09-24,SHORT,-0.06,36096417206,016fa68d3dc5291c50cd6c5d3f9e95e95ed85bf658553cd66d48d56f82f6be8f,Delta_LS_70_30_StopVol,TRX
349.4,2026-09-24,337.2,08a0baa40c2507a8efbda22da54b69b897fb0758e8a36568bc46e047eee88979,0.0002214472781536,2026-09-24,LONG,0.0849459175117887,36096417206,016fa68d3dc5291c50cd6c5d3f9e95e95ed85bf658553cd66d48d56f82f6be8f,Delta_LS_70_30_StopVol,BCH
1.0882,2026-09-24,1.1008,9f50b24299996683e3d8fa229ec86db996cf1600d876a535ed89cc2f80f35c6b,-0.0001443500232666,2026-09-24,SHORT,-0.04249078881276325,36096417206,016fa68d3dc5291c50cd6c5d3f9e95e95ed85bf658553cd66d48d56f82f6be8f,Delta_LS_70_30_StopVol,DOT
1.4513,2026-09-24,1.5,5fff92af5ec8e46967ed6fd03fe4b6d51c19ac5f5a7458b5c22636ee65e11869,4.00871923573e-05,2026-09-24,SHORT,-0.06,36096417206,016fa68d3dc5291c50cd6c5d3f9e95e95ed85bf658553cd66d48d56f82f6be8f,Delta_LS_70_30_StopVol,XRP
0.33811,2026-09-24,0.3397,ccee3a084c45d8e2615d1a12c5d015f636641afa049f45e8b2236dc311b556d0,-0.0001578991490911,2026-09-24,SHORT,-0.1,36096417206,016fa68d3dc5291c50cd6c5d3f9e95e95ed85bf658553cd66d48d56f82f6be8f,Delta_LS_50_50,TRX
349.4,2026-09-24,337.2,744609f734e6ac8a6d57c919c4264ccfcec822f7d91a17d57e00e3a9ac5eec3d,0.0002214472781536,2026-09-24,LONG,0.1,36096417206,016fa68d3dc5291c50cd6c5d3f9e95e95ed85bf658553cd66d48d56f82f6be8f,Delta_LS_50_50,BCH
1.0882,2026-09-24,1.1008,2d5b85d6bb97864e4e5604fb23d1c59469b1d44567b9fb415e31d1f289c070e2,-0.0001443500232666,2026-09-24,SHORT,-0.1,36096417206,016fa68d3dc5291c50cd6c5d3f9e95e95ed85bf658553cd66d48d56f82f6be8f,Delta_LS_50_50,DOT
1.4513,2026-09-24,1.5,6b64cddcc36b9581f00d780b1220e1c19edde9f1a0a7537ef10eca07880f7a2e,4.00871923573e-05,2026-09-24,SHORT,-0.1,36096417206,016fa68d3dc5291c50cd6c5d3f9e95e95ed85bf658553cd66d48d56f82f6be8f,Delta_LS_50_50,XRP
0.33811,2026-09-24,0.3397,1bbce88daa0800d055415bc5a512b604d5b3a95695cdc66bd49a3365f91cd23e,-0.0001578991490911,2026-09-24,SHORT,-0.1,36096417206,016fa68d3dc5291c50cd6c5d3f9e95e95ed85bf658553cd66d48d56f82f6be8f,Delta_LS_50_50_StopVol,TRX
349.4,2026-09-24,337.2,ea90f11374be1d0b9bd5f253d670e7fb87b6c6a62b45afef46fad6fcce25d645,0.0002214472781536,2026-09-24,LONG,0.060675655365563366,36096417206,016fa68d3dc5291c50cd6c5d3f9e95e95ed85bf658553cd66d48d56f82f6be8f,Delta_LS_50_50_StopVol,BCH
1.0882,2026-09-24,1.1008,48795ef4b8689efbbf2c30334af438865651527560762b415e3eb907bcdb6cd9,-0.0001443500232666,2026-09-24,SHORT,-0.07081798135460542,36096417206,016fa68d3dc5291c50cd6c5d3f9e95e95ed85bf658553cd66d48d56f82f6be8f,Delta_LS_50_50_StopVol,DOT
1.4513,2026-09-24,1.5,28258a6ab5f5f36f2706ebefe71081ff45edfd64f46004781d9f52e68f02d8d1,4.00871923573e-05,2026-09-24,SHORT,-0.1,36096417206,016fa68d3dc5291c50cd6c5d3f9e95e95ed85bf658553cd66d48d56f82f6be8f,Delta_LS_50_50_StopVol,XRP
0.33534,2026-09-25,0.3397,08b4ddb50af2f3bbed37d36fa858714358b1fa5af4e842d79bd7d8c762ea8adf,-0.00040665144398219997,2026-09-25,SHORT,-0.06,36219297619,11e8247c304fc6a3ee5eaa63eabc7f9e4eb0e8f1366d6bee351e1094ac81ba1d,Delta_LS_70_30,TRX
349.4,2026-09-25,337.2,36507c4e6f64cfc67fb71bada73f8ae747fc9e0aab3a516b2e8cd392b9b37078,0.00030000000000000003,2026-09-25,LONG,0.13999999999999999,36219297619,11e8247c304fc6a3ee5eaa63eabc7f9e4eb0e8f1366d6bee351e1094ac81ba1d,Delta_LS_70_30,BCH
1.2168,2026-09-25,1.0135,1bc237cc8ec54747b5bbd5709a0ddee51e203461ca24e84d1d5a9e1252b674e4,0.000299729370657,2026-09-25,LONG,0.13999999999999999,36219297619,11e8247c304fc6a3ee5eaa63eabc7f9e4eb0e8f1366d6bee351e1094ac81ba1d,Delta_LS_70_30,SUI
0.33534,2026-09-25,0.3397,fcfc51407daf127534fa9cb30c3687fddfafe90e1c1ebeb7f4dd5e507029f333,-0.00040665144398219997,2026-09-25,SHORT,-0.06,36219297619,11e8247c304fc6a3ee5eaa63eabc7f9e4eb0e8f1366d6bee351e1094ac81ba1d,Delta_LS_70_30_StopVol,TRX
349.4,2026-09-25,337.2,e16b7c3dc0642ed4d7a8ee44c3ae5cc93be41bdb63dca098073e131a198035fa,0.00030000000000000003,2026-09-25,LONG,0.08520974109315411,36219297619,11e8247c304fc6a3ee5eaa63eabc7f9e4eb0e8f1366d6bee351e1094ac81ba1d,Delta_LS_70_30_StopVol,BCH
1.2168,2026-09-25,1.0135,7d05be231dac6774b7e7ead3224f856aabd5715ed8f88691b1410720f7f87047,0.000299729370657,2026-09-25,LONG,0.11310142175785767,36219297619,11e8247c304fc6a3ee5eaa63eabc7f9e4eb0e8f1366d6bee351e1094ac81ba1d,Delta_LS_70_30_StopVol,SUI
0.33534,2026-09-25,0.3397,ddbe052ad1ed9237868aaf91ce6325ffc97b4bd456457c919a0201feef51f45d,-0.00040665144398219997,2026-09-25,SHORT,-0.1,36219297619,11e8247c304fc6a3ee5eaa63eabc7f9e4eb0e8f1366d6bee351e1094ac81ba1d,Delta_LS_50_50,TRX
349.4,2026-09-25,337.2,2fba0987c22e380bfee5e8ef7290ed6d60af66f72c82f49544e642ddd88f652f,0.00030000000000000003,2026-09-25,LONG,0.1,36219297619,11e8247c304fc6a3ee5eaa63eabc7f9e4eb0e8f1366d6bee351e1094ac81ba1d,Delta_LS_50_50,BCH
1.2168,2026-09-25,1.0135,a21e0658666c5bc00185836c5086bffa1e3a20f46fb2ce5f2c2ae7806a9763ea,0.000299729370657,2026-09-25,LONG,0.1,36219297619,11e8247c304fc6a3ee5eaa63eabc7f9e4eb0e8f1366d6bee351e1094ac81ba1d,Delta_LS_50_50,SUI
0.33534,2026-09-25,0.3397,e736ddaee33a53bb9510ebacd7e175328b6df19f5683b81ef9e8577da108dd06,-0.00040665144398219997,2026-09-25,SHORT,-0.1,36219297619,11e8247c304fc6a3ee5eaa63eabc7f9e4eb0e8f1366d6bee351e1094ac81ba1d,Delta_LS_50_50_StopVol,TRX
349.4,2026-09-25,337.2,f9b3aada29f1df5b63aeb663120d59cb1390601ed5118aa7dda358fdf17270c3,0.00030000000000000003,2026-09-25,LONG,0.060864100780824375,36219297619,11e8247c304fc6a3ee5eaa63eabc7f9e4eb0e8f1366d6bee351e1094ac81ba1d,Delta_LS_50_50_StopVol,BCH
1.2168,2026-09-25,1.0135,dcb011e8a07a30d6c398ac0cd4bb6d78de229b5e94e472f599fe9659378c7203,0.000299729370657,2026-09-25,LONG,0.08078672982704121,36219297619,11e8247c304fc6a3ee5eaa63eabc7f9e4eb0e8f1366d6bee351e1094ac81ba1d,Delta_LS_50_50_StopVol,SUI
