event_sha256,execution_date,lookahead_guard,paper_monitor_date,score,selection_persistence_days,side,signal_date,source_run_id,source_zip_sha256,strategy,symbol,target_weight,vol30_daily
12fbcf094991943482edae0e5ffd4dd5bd95c352fe96e136d251d33c078a8a4c,2026-08-14,signal_close_then_next_daily_open,2026-08-14,1.59454630643342,2,LONG,2026-08-13,31857524889,157326c18babf3bfa31bb4ce01c0a2a237a0f930ad98b044985913eed0e5bf00,Delta_LS_70_30,LINK,0.13999999999999999,0.023797011599509737
b7c0e9abe500fcd164bf42b9703838093e6248e6ff2fc3e76d9669b17b363b7d,2026-08-14,signal_close_then_next_daily_open,2026-08-14,1.0699870669970115,2,LONG,2026-08-13,31857524889,157326c18babf3bfa31bb4ce01c0a2a237a0f930ad98b044985913eed0e5bf00,Delta_LS_70_30,TRX,0.13999999999999999,0.006644215226989111
c8892d9a0e8d43b24710ce86808a571d7719ad22083102a83aa21ccdd75c85f6,2026-08-14,signal_close_then_next_daily_open,2026-08-14,0.9786043788909596,2,LONG,2026-08-13,31857524889,157326c18babf3bfa31bb4ce01c0a2a237a0f930ad98b044985913eed0e5bf00,Delta_LS_70_30,SOL,0.13999999999999999,0.01642679690501
d9c6a9f7ea7daa721b4bfa98693dd8242e4717f2d2654ed5fb9b472227ea017b,2026-08-14,signal_close_then_next_daily_open,2026-08-14,0.9739365671810454,2,LONG,2026-08-13,31857524889,157326c18babf3bfa31bb4ce01c0a2a237a0f930ad98b044985913eed0e5bf00,Delta_LS_70_30,ADA,0.13999999999999999,0.030382914857063358
65d5b4b9cc61dcbc8016dad98c90bbc2d0f1c6f0d6e75d75d38ba3333f1d3202,2026-08-14,signal_close_then_next_daily_open,2026-08-14,0.480621734414705,2,LONG,2026-08-13,31857524889,157326c18babf3bfa31bb4ce01c0a2a237a0f930ad98b044985913eed0e5bf00,Delta_LS_70_30,ETH,0.13999999999999999,0.016979387770062485
1a9d38a1c9fd37c729f92dba130453c13cb03ef632e7bb1b029408531665ab5b,2026-08-14,signal_close_then_next_daily_open,2026-08-14,-0.8812735320220484,2,SHORT,2026-08-13,31857524889,157326c18babf3bfa31bb4ce01c0a2a237a0f930ad98b044985913eed0e5bf00,Delta_LS_70_30,FIL,-0.06,0.029148577103871785
36f8eb82fd5008a82ee8041da8e5cfc4c3ddc9f87cc5692199b49aa1d88d5a95,2026-08-14,signal_close_then_next_daily_open,2026-08-14,-0.9232095612514566,2,SHORT,2026-08-13,31857524889,157326c18babf3bfa31bb4ce01c0a2a237a0f930ad98b044985913eed0e5bf00,Delta_LS_70_30,ETC,-0.06,0.01884069174613666
0e1a2317c0b7b1607b6c6f5435b2468c815bec3571fcc84c298e11f69f8ba6f1,2026-08-14,signal_close_then_next_daily_open,2026-08-14,-0.9279735867126404,2,SHORT,2026-08-13,31857524889,157326c18babf3bfa31bb4ce01c0a2a237a0f930ad98b044985913eed0e5bf00,Delta_LS_70_30,ARB,-0.06,0.027608007891872496
c4e9758cd02fb43ac5dbd0200cdd9b822c43b9732157384239b07ac9756dc4ce,2026-08-14,signal_close_then_next_daily_open,2026-08-14,-1.2659625813494035,2,SHORT,2026-08-13,31857524889,157326c18babf3bfa31bb4ce01c0a2a237a0f930ad98b044985913eed0e5bf00,Delta_LS_70_30,AAVE,-0.06,0.0325963743967421
0d61b06e042270e98922a7b91fe0efe1d6ee8fddf3ce0b574cc5456071c96308,2026-08-14,signal_close_then_next_daily_open,2026-08-14,1.59454630643342,2,LONG,2026-08-13,31857524889,157326c18babf3bfa31bb4ce01c0a2a237a0f930ad98b044985913eed0e5bf00,Delta_LS_70_30_StopVol,LINK,0.13999999999999999,0.023797011599509737
941be90b51b8bd5d6f7a7ed483798b7976a4396dabef5329e54bc4e478339643,2026-08-14,signal_close_then_next_daily_open,2026-08-14,1.0699870669970115,2,LONG,2026-08-13,31857524889,157326c18babf3bfa31bb4ce01c0a2a237a0f930ad98b044985913eed0e5bf00,Delta_LS_70_30_StopVol,TRX,0.13999999999999999,0.006644215226989111
92736849d8202ca855668242a860bf019b3f8cbb6cc4dc62b3e9986a6d586fec,2026-08-14,signal_close_then_next_daily_open,2026-08-14,0.9786043788909596,2,LONG,2026-08-13,31857524889,157326c18babf3bfa31bb4ce01c0a2a237a0f930ad98b044985913eed0e5bf00,Delta_LS_70_30_StopVol,SOL,0.13999999999999999,0.01642679690501
07ad8d2f5bdf5cb6b6af05c99c68a90e8632a54b1e9b7507d54369e065313f29,2026-08-14,signal_close_then_next_daily_open,2026-08-14,0.9739365671810454,2,LONG,2026-08-13,31857524889,157326c18babf3bfa31bb4ce01c0a2a237a0f930ad98b044985913eed0e5bf00,Delta_LS_70_30_StopVol,ADA,0.13999999999999999,0.030382914857063358
5cc251e95293c48ca0647eae0cf5e7648dc5a29d9a9621d4042af882b60540f8,2026-08-14,signal_close_then_next_daily_open,2026-08-14,0.480621734414705,2,LONG,2026-08-13,31857524889,157326c18babf3bfa31bb4ce01c0a2a237a0f930ad98b044985913eed0e5bf00,Delta_LS_70_30_StopVol,ETH,0.13999999999999999,0.016979387770062485
fc84a360f3859228a7c6ca9696e9063ed18b4f0d031a82888208a474ff7aa46a,2026-08-14,signal_close_then_next_daily_open,2026-08-14,-0.8812735320220484,2,SHORT,2026-08-13,31857524889,157326c18babf3bfa31bb4ce01c0a2a237a0f930ad98b044985913eed0e5bf00,Delta_LS_70_30_StopVol,FIL,-0.06,0.029148577103871785
106b8ef999aedac140a701d7bb23ebbdd7b3aabf4a40eb42c303acbd6fa3279b,2026-08-14,signal_close_then_next_daily_open,2026-08-14,-0.9232095612514566,2,SHORT,2026-08-13,31857524889,157326c18babf3bfa31bb4ce01c0a2a237a0f930ad98b044985913eed0e5bf00,Delta_LS_70_30_StopVol,ETC,-0.06,0.01884069174613666
034d2f7e809ff930aba07ed26697eb789f367e37718992ca5d94ef167d0babe6,2026-08-14,signal_close_then_next_daily_open,2026-08-14,-0.9279735867126404,2,SHORT,2026-08-13,31857524889,157326c18babf3bfa31bb4ce01c0a2a237a0f930ad98b044985913eed0e5bf00,Delta_LS_70_30_StopVol,ARB,-0.06,0.027608007891872496
337d1baed9af5e7a813d04fe420b7a55606f8dccd73c276f43b7c5b820f1e04b,2026-08-14,signal_close_then_next_daily_open,2026-08-14,-1.2659625813494035,2,SHORT,2026-08-13,31857524889,157326c18babf3bfa31bb4ce01c0a2a237a0f930ad98b044985913eed0e5bf00,Delta_LS_70_30_StopVol,AAVE,-0.06,0.0325963743967421
8e19c42f2fcdb13007e93ee092db905f769996cd33d81f1c027bc3d2151f6968,2026-08-14,signal_close_then_next_daily_open,2026-08-14,1.59454630643342,2,LONG,2026-08-13,31857524889,157326c18babf3bfa31bb4ce01c0a2a237a0f930ad98b044985913eed0e5bf00,Delta_LS_50_50,LINK,0.1,0.023797011599509737
ae3f334f005ba719898d4f01d6d5b194efea58e7ffb00c5073f27b51650a135d,2026-08-14,signal_close_then_next_daily_open,2026-08-14,1.0699870669970115,2,LONG,2026-08-13,31857524889,157326c18babf3bfa31bb4ce01c0a2a237a0f930ad98b044985913eed0e5bf00,Delta_LS_50_50,TRX,0.1,0.006644215226989111
b25f053432c4718cf792da371801207475c928b3dd8dba9cb63401a52515c9fb,2026-08-14,signal_close_then_next_daily_open,2026-08-14,0.9786043788909596,2,LONG,2026-08-13,31857524889,157326c18babf3bfa31bb4ce01c0a2a237a0f930ad98b044985913eed0e5bf00,Delta_LS_50_50,SOL,0.1,0.01642679690501
f273871f461e7ad79ab66272388097862c7a2f286cf9dc90d602a6aab6aa5033,2026-08-14,signal_close_then_next_daily_open,2026-08-14,0.9739365671810454,2,LONG,2026-08-13,31857524889,157326c18babf3bfa31bb4ce01c0a2a237a0f930ad98b044985913eed0e5bf00,Delta_LS_50_50,ADA,0.1,0.030382914857063358
32b1dfeeccfaa29d15828eceb7c039e5f8f8680ec00bd4de36610e59d72e4af1,2026-08-14,signal_close_then_next_daily_open,2026-08-14,0.480621734414705,2,LONG,2026-08-13,31857524889,157326c18babf3bfa31bb4ce01c0a2a237a0f930ad98b044985913eed0e5bf00,Delta_LS_50_50,ETH,0.1,0.016979387770062485
cf6e4a8ce2ea7258c0d45a8edbc7829ab6e0dfb08bc9c147a3a771946ab659d9,2026-08-14,signal_close_then_next_daily_open,2026-08-14,-0.8812735320220484,2,SHORT,2026-08-13,31857524889,157326c18babf3bfa31bb4ce01c0a2a237a0f930ad98b044985913eed0e5bf00,Delta_LS_50_50,FIL,-0.1,0.029148577103871785
adad8322fab563ec98982b4dc984217b47893fec5bbb6e0d5cb3825abbd757f0,2026-08-14,signal_close_then_next_daily_open,2026-08-14,-0.9232095612514566,2,SHORT,2026-08-13,31857524889,157326c18babf3bfa31bb4ce01c0a2a237a0f930ad98b044985913eed0e5bf00,Delta_LS_50_50,ETC,-0.1,0.01884069174613666
fc82b00f60cb162207239eb22f0ea37d9b0588c974981eac40b15f7d706c7c30,2026-08-14,signal_close_then_next_daily_open,2026-08-14,-0.9279735867126404,2,SHORT,2026-08-13,31857524889,157326c18babf3bfa31bb4ce01c0a2a237a0f930ad98b044985913eed0e5bf00,Delta_LS_50_50,ARB,-0.1,0.027608007891872496
ebed23b5f027ebbdf2f1e821bc52ff9e60a9366759aa9fd53b5f6cf98ab9e86a,2026-08-14,signal_close_then_next_daily_open,2026-08-14,-1.2659625813494035,2,SHORT,2026-08-13,31857524889,157326c18babf3bfa31bb4ce01c0a2a237a0f930ad98b044985913eed0e5bf00,Delta_LS_50_50,AAVE,-0.1,0.0325963743967421
06dc857b0188ef56b6060375832a591cbed8eb51c93e5a2f58b3c5583ece3588,2026-08-14,signal_close_then_next_daily_open,2026-08-14,1.59454630643342,2,LONG,2026-08-13,31857524889,157326c18babf3bfa31bb4ce01c0a2a237a0f930ad98b044985913eed0e5bf00,Delta_LS_50_50_StopVol,LINK,0.1,0.023797011599509737
0acdccebe207fcd0561c4dff56239b978ad671be810609ff2aa53f708d7eb7e9,2026-08-14,signal_close_then_next_daily_open,2026-08-14,1.0699870669970115,2,LONG,2026-08-13,31857524889,157326c18babf3bfa31bb4ce01c0a2a237a0f930ad98b044985913eed0e5bf00,Delta_LS_50_50_StopVol,TRX,0.1,0.006644215226989111
c3a112a44329d26a6dc4a45f12f8acbd6dd14525df370db71f10e620d385ba9b,2026-08-14,signal_close_then_next_daily_open,2026-08-14,0.9786043788909596,2,LONG,2026-08-13,31857524889,157326c18babf3bfa31bb4ce01c0a2a237a0f930ad98b044985913eed0e5bf00,Delta_LS_50_50_StopVol,SOL,0.1,0.01642679690501
5724a6e9f1e02386d8dd22466cbdb87b0473fdf82ad5a35c9fa24bf6b10d49d7,2026-08-14,signal_close_then_next_daily_open,2026-08-14,0.9739365671810454,2,LONG,2026-08-13,31857524889,157326c18babf3bfa31bb4ce01c0a2a237a0f930ad98b044985913eed0e5bf00,Delta_LS_50_50_StopVol,ADA,0.1,0.030382914857063358
8f7d931fe170c20a80b27415da9f53a50a7d8876d61283f79304961ce1dde62a,2026-08-14,signal_close_then_next_daily_open,2026-08-14,0.480621734414705,2,LONG,2026-08-13,31857524889,157326c18babf3bfa31bb4ce01c0a2a237a0f930ad98b044985913eed0e5bf00,Delta_LS_50_50_StopVol,ETH,0.1,0.016979387770062485
9ba01ec2bd0fd4f0761d14f8c7f02a53105c363735378cc04b72b742c4b53dba,2026-08-14,signal_close_then_next_daily_open,2026-08-14,-0.8812735320220484,2,SHORT,2026-08-13,31857524889,157326c18babf3bfa31bb4ce01c0a2a237a0f930ad98b044985913eed0e5bf00,Delta_LS_50_50_StopVol,FIL,-0.1,0.029148577103871785
a290d985aa166cee08fdb5645656f4e8c66025a3d6031b99e64502ab39a3c694,2026-08-14,signal_close_then_next_daily_open,2026-08-14,-0.9232095612514566,2,SHORT,2026-08-13,31857524889,157326c18babf3bfa31bb4ce01c0a2a237a0f930ad98b044985913eed0e5bf00,Delta_LS_50_50_StopVol,ETC,-0.1,0.01884069174613666
445bfb09b77027f1477302fa820141f92d649543ed451c55671ddd5194a7a5f2,2026-08-14,signal_close_then_next_daily_open,2026-08-14,-0.9279735867126404,2,SHORT,2026-08-13,31857524889,157326c18babf3bfa31bb4ce01c0a2a237a0f930ad98b044985913eed0e5bf00,Delta_LS_50_50_StopVol,ARB,-0.1,0.027608007891872496
c5503da3bf1f3d313da344202278f69ec541e1be089d8f40880a9ae08b888108,2026-08-14,signal_close_then_next_daily_open,2026-08-14,-1.2659625813494035,2,SHORT,2026-08-13,31857524889,157326c18babf3bfa31bb4ce01c0a2a237a0f930ad98b044985913eed0e5bf00,Delta_LS_50_50_StopVol,AAVE,-0.1,0.0325963743967421
fceb8ccbffdb8b0d77a87154fd8510fc6efb6178abc96fb4fa6bafa74b520f1b,2026-08-15,signal_close_then_next_daily_open,2026-08-15,1.905320935154453,2,LONG,2026-08-14,31920701844,d7e20b768615b57989f289328ca808e61fa128f2b03a47faf89fd9a837636f0d,Delta_LS_70_30,LINK,0.13999999999999999,0.023509817501868566
a88412b13fcede33e7b0c92ac2bd3a1bd02487840dd5ece4d11518901720c4ae,2026-08-15,signal_close_then_next_daily_open,2026-08-15,0.9964558244351611,2,LONG,2026-08-14,31920701844,d7e20b768615b57989f289328ca808e61fa128f2b03a47faf89fd9a837636f0d,Delta_LS_70_30,TRX,0.13999999999999999,0.0066907218145284926
ea026c56188b881de879b982b7a6dc500bd1500f615c0cde75142590e4c46bbe,2026-08-15,signal_close_then_next_daily_open,2026-08-15,0.8634311947697512,2,LONG,2026-08-14,31920701844,d7e20b768615b57989f289328ca808e61fa128f2b03a47faf89fd9a837636f0d,Delta_LS_70_30,SOL,0.13999999999999999,0.01650096524013497
d567e987b52e300f00e214ec9f4e5790a6d81f6cdae1b3f95fc00774a847ed94,2026-08-15,signal_close_then_next_daily_open,2026-08-15,0.8578467610289149,2,LONG,2026-08-14,31920701844,d7e20b768615b57989f289328ca808e61fa128f2b03a47faf89fd9a837636f0d,Delta_LS_70_30,ADA,0.13999999999999999,0.03049640958164055
b7ebeeb39f7ecff7529fdc947cff5b8a1d2038828dfa93680e1d70da501f356e,2026-08-15,signal_close_then_next_daily_open,2026-08-15,0.5585133535339577,2,LONG,2026-08-14,31920701844,d7e20b768615b57989f289328ca808e61fa128f2b03a47faf89fd9a837636f0d,Delta_LS_70_30,ETH,0.13999999999999999,0.016785048979640442
1d6683b645e76412e8668f746a4d1617ee64bcfe083c0f8ba4992a2490edb966,2026-08-15,signal_close_then_next_daily_open,2026-08-15,-0.7580243995228024,2,SHORT,2026-08-14,31920701844,d7e20b768615b57989f289328ca808e61fa128f2b03a47faf89fd9a837636f0d,Delta_LS_70_30,FIL,-0.06,0.029153108383784106
1ee0275b4d7b5d80e9e20458a726f89288e5b84b528a5703c314a425a4223b0b,2026-08-15,signal_close_then_next_daily_open,2026-08-15,-0.8415129205762284,2,SHORT,2026-08-14,31920701844,d7e20b768615b57989f289328ca808e61fa128f2b03a47faf89fd9a837636f0d,Delta_LS_70_30,ETC,-0.06,0.018834584123250734
b2d13b5395dd0d736fdfbe9029e12d91a6b8243594cc52ee44bca6c011fc235c,2026-08-15,signal_close_then_next_daily_open,2026-08-15,-1.0145912489585567,2,SHORT,2026-08-14,31920701844,d7e20b768615b57989f289328ca808e61fa128f2b03a47faf89fd9a837636f0d,Delta_LS_70_30,AAVE,-0.06,0.032242173619353255
9facaac480ffc6ab2599c5586b1687e2d9d930c51885fc8c9370ac8b9e7a1b1c,2026-08-15,signal_close_then_next_daily_open,2026-08-15,-1.0961280811893386,2,SHORT,2026-08-14,31920701844,d7e20b768615b57989f289328ca808e61fa128f2b03a47faf89fd9a837636f0d,Delta_LS_70_30,ARB,-0.06,0.02684187617504392
ce78e07de26b42236a86aa0321c586d6609e68775f14fe845546cde53a288eb5,2026-08-15,signal_close_then_next_daily_open,2026-08-15,1.905320935154453,2,LONG,2026-08-14,31920701844,d7e20b768615b57989f289328ca808e61fa128f2b03a47faf89fd9a837636f0d,Delta_LS_70_30_StopVol,LINK,0.13999999999999999,0.023509817501868566
04f6d8832af438133f519b5927f138bea5e9d1d36e9c2cdd2dd9fb73fea58319,2026-08-15,signal_close_then_next_daily_open,2026-08-15,0.9964558244351611,2,LONG,2026-08-14,31920701844,d7e20b768615b57989f289328ca808e61fa128f2b03a47faf89fd9a837636f0d,Delta_LS_70_30_StopVol,TRX,0.13999999999999999,0.0066907218145284926
43b0556778fae44daa39a276540284535d7af6d783be7d88db9b659932a0c06c,2026-08-15,signal_close_then_next_daily_open,2026-08-15,0.8634311947697512,2,LONG,2026-08-14,31920701844,d7e20b768615b57989f289328ca808e61fa128f2b03a47faf89fd9a837636f0d,Delta_LS_70_30_StopVol,SOL,0.13999999999999999,0.01650096524013497
6235635b025883927aff94836d4fd7868a37484b07e9d32ccb1132008baa147a,2026-08-15,signal_close_then_next_daily_open,2026-08-15,0.8578467610289149,2,LONG,2026-08-14,31920701844,d7e20b768615b57989f289328ca808e61fa128f2b03a47faf89fd9a837636f0d,Delta_LS_70_30_StopVol,ADA,0.13999999999999999,0.03049640958164055
ba43ec1abf442de42e3300e8d9abd7cff14d2c833cfedc47cdb1d098ae101dd1,2026-08-15,signal_close_then_next_daily_open,2026-08-15,0.5585133535339577,2,LONG,2026-08-14,31920701844,d7e20b768615b57989f289328ca808e61fa128f2b03a47faf89fd9a837636f0d,Delta_LS_70_30_StopVol,ETH,0.13999999999999999,0.016785048979640442
a84f6e81cd8677f72e0f12022cec4a046b3d7c3a64f20f05553351fbc0166c58,2026-08-15,signal_close_then_next_daily_open,2026-08-15,-0.7580243995228024,2,SHORT,2026-08-14,31920701844,d7e20b768615b57989f289328ca808e61fa128f2b03a47faf89fd9a837636f0d,Delta_LS_70_30_StopVol,FIL,-0.06,0.029153108383784106
289a72cc75cd439c9f88d64d602377db007dfd3a3d8209dd9aa7c27ae0be687f,2026-08-15,signal_close_then_next_daily_open,2026-08-15,-0.8415129205762284,2,SHORT,2026-08-14,31920701844,d7e20b768615b57989f289328ca808e61fa128f2b03a47faf89fd9a837636f0d,Delta_LS_70_30_StopVol,ETC,-0.06,0.018834584123250734
661690f95af6f84813228adef27c6c1aeda1a5a11a4112389e9798c41d5cf778,2026-08-15,signal_close_then_next_daily_open,2026-08-15,-1.0145912489585567,2,SHORT,2026-08-14,31920701844,d7e20b768615b57989f289328ca808e61fa128f2b03a47faf89fd9a837636f0d,Delta_LS_70_30_StopVol,AAVE,-0.06,0.032242173619353255
9508da4949bd4b9aa668df8b44d038c40ce1fb7a0928958dda0d40721cc3bd76,2026-08-15,signal_close_then_next_daily_open,2026-08-15,-1.0961280811893386,2,SHORT,2026-08-14,31920701844,d7e20b768615b57989f289328ca808e61fa128f2b03a47faf89fd9a837636f0d,Delta_LS_70_30_StopVol,ARB,-0.06,0.02684187617504392
8abf8dd302fe15dd7fb1a932dddf553d79c4604cfc5da2fd97c6b3d6bd0955da,2026-08-15,signal_close_then_next_daily_open,2026-08-15,1.905320935154453,2,LONG,2026-08-14,31920701844,d7e20b768615b57989f289328ca808e61fa128f2b03a47faf89fd9a837636f0d,Delta_LS_50_50,LINK,0.1,0.023509817501868566
885d82a3610027bac00b9ef4042ead2b77585c686c1e2f3e103d7f6376dca506,2026-08-15,signal_close_then_next_daily_open,2026-08-15,0.9964558244351611,2,LONG,2026-08-14,31920701844,d7e20b768615b57989f289328ca808e61fa128f2b03a47faf89fd9a837636f0d,Delta_LS_50_50,TRX,0.1,0.0066907218145284926
7768e3017f2d5a54f0ce3999f34e55962b508b065b3315cb4756b7ca8d2d9bae,2026-08-15,signal_close_then_next_daily_open,2026-08-15,0.8634311947697512,2,LONG,2026-08-14,31920701844,d7e20b768615b57989f289328ca808e61fa128f2b03a47faf89fd9a837636f0d,Delta_LS_50_50,SOL,0.1,0.01650096524013497
7f464ff49c428dd2b035f99c4d0a38a5074e195fa83d160514efa5d541a22011,2026-08-15,signal_close_then_next_daily_open,2026-08-15,0.8578467610289149,2,LONG,2026-08-14,31920701844,d7e20b768615b57989f289328ca808e61fa128f2b03a47faf89fd9a837636f0d,Delta_LS_50_50,ADA,0.1,0.03049640958164055
75946d879be8aead6840a760bb81461e526007164b9fc11613a95e08bf3b3d00,2026-08-15,signal_close_then_next_daily_open,2026-08-15,0.5585133535339577,2,LONG,2026-08-14,31920701844,d7e20b768615b57989f289328ca808e61fa128f2b03a47faf89fd9a837636f0d,Delta_LS_50_50,ETH,0.1,0.016785048979640442
a7b013458d5cab2f269200ceec6b32ba1ef469a21d71faee854581e19010d63f,2026-08-15,signal_close_then_next_daily_open,2026-08-15,-0.7580243995228024,2,SHORT,2026-08-14,31920701844,d7e20b768615b57989f289328ca808e61fa128f2b03a47faf89fd9a837636f0d,Delta_LS_50_50,FIL,-0.1,0.029153108383784106
e090d646811ec8660503864d524353a1bcc0f9af5c76199a6521a93dbd6ad296,2026-08-15,signal_close_then_next_daily_open,2026-08-15,-0.8415129205762284,2,SHORT,2026-08-14,31920701844,d7e20b768615b57989f289328ca808e61fa128f2b03a47faf89fd9a837636f0d,Delta_LS_50_50,ETC,-0.1,0.018834584123250734
5e0788e1f6bf51b129321bce0282e5013c631da3ca844654f2d7c677e3005a17,2026-08-15,signal_close_then_next_daily_open,2026-08-15,-1.0145912489585567,2,SHORT,2026-08-14,31920701844,d7e20b768615b57989f289328ca808e61fa128f2b03a47faf89fd9a837636f0d,Delta_LS_50_50,AAVE,-0.1,0.032242173619353255
18a48484a3422de29f5f4166d6052d5c4fd1f24d43f7c4f90f39343c25017af1,2026-08-15,signal_close_then_next_daily_open,2026-08-15,-1.0961280811893386,2,SHORT,2026-08-14,31920701844,d7e20b768615b57989f289328ca808e61fa128f2b03a47faf89fd9a837636f0d,Delta_LS_50_50,ARB,-0.1,0.02684187617504392
8027ea0e539793fe8042818777277c74c9a34e9015a59aa0e3c35e65129f51e5,2026-08-15,signal_close_then_next_daily_open,2026-08-15,1.905320935154453,2,LONG,2026-08-14,31920701844,d7e20b768615b57989f289328ca808e61fa128f2b03a47faf89fd9a837636f0d,Delta_LS_50_50_StopVol,LINK,0.1,0.023509817501868566
8549bd7a0c5525a90aaba65f2c32e6f1763aaa36f684c695d52047ffd61768d9,2026-08-15,signal_close_then_next_daily_open,2026-08-15,0.9964558244351611,2,LONG,2026-08-14,31920701844,d7e20b768615b57989f289328ca808e61fa128f2b03a47faf89fd9a837636f0d,Delta_LS_50_50_StopVol,TRX,0.1,0.0066907218145284926
de3b264c415dfa33bb3834b3de4bc439783b94a977866ad1a9a9c56653e58bbe,2026-08-15,signal_close_then_next_daily_open,2026-08-15,0.8634311947697512,2,LONG,2026-08-14,31920701844,d7e20b768615b57989f289328ca808e61fa128f2b03a47faf89fd9a837636f0d,Delta_LS_50_50_StopVol,SOL,0.1,0.01650096524013497
2c35a6ca7e9178d8412bc1b80b8ce144921d49aaf88f2bf14871ebdea8ca4637,2026-08-15,signal_close_then_next_daily_open,2026-08-15,0.8578467610289149,2,LONG,2026-08-14,31920701844,d7e20b768615b57989f289328ca808e61fa128f2b03a47faf89fd9a837636f0d,Delta_LS_50_50_StopVol,ADA,0.1,0.03049640958164055
97355c128b340398f1909e25e03fcbdfe133cb73b07c22ac7199536d6fd7a26d,2026-08-15,signal_close_then_next_daily_open,2026-08-15,0.5585133535339577,2,LONG,2026-08-14,31920701844,d7e20b768615b57989f289328ca808e61fa128f2b03a47faf89fd9a837636f0d,Delta_LS_50_50_StopVol,ETH,0.1,0.016785048979640442
98d6f5c752ddfeb8f5b4c4dbbed7769800ab97019340ab63aa2604ed86b21cf4,2026-08-15,signal_close_then_next_daily_open,2026-08-15,-0.7580243995228024,2,SHORT,2026-08-14,31920701844,d7e20b768615b57989f289328ca808e61fa128f2b03a47faf89fd9a837636f0d,Delta_LS_50_50_StopVol,FIL,-0.1,0.029153108383784106
e3157a40249a7c4babb904ad260d6de84c83e969065aa8b82e60eda32a8bdad7,2026-08-15,signal_close_then_next_daily_open,2026-08-15,-0.8415129205762284,2,SHORT,2026-08-14,31920701844,d7e20b768615b57989f289328ca808e61fa128f2b03a47faf89fd9a837636f0d,Delta_LS_50_50_StopVol,ETC,-0.1,0.018834584123250734
886878065663cd4686594cb9c8d02e5c633ea3ee46875190dc9b78c00a9f9351,2026-08-15,signal_close_then_next_daily_open,2026-08-15,-1.0145912489585567,2,SHORT,2026-08-14,31920701844,d7e20b768615b57989f289328ca808e61fa128f2b03a47faf89fd9a837636f0d,Delta_LS_50_50_StopVol,AAVE,-0.1,0.032242173619353255
f2b7c6890046c42aa9bb070d986339b5c5f24dbacb59b6e3653f1fd7c684bd8e,2026-08-15,signal_close_then_next_daily_open,2026-08-15,-1.0961280811893386,2,SHORT,2026-08-14,31920701844,d7e20b768615b57989f289328ca808e61fa128f2b03a47faf89fd9a837636f0d,Delta_LS_50_50_StopVol,ARB,-0.1,0.02684187617504392
bdbacfb59e39f4b1714e4db21da75c4f2a6456dfaffd1e6de0cb9550e56c8c70,2026-08-16,signal_close_then_next_daily_open,2026-08-16,2.6443739410880904,2,LONG,2026-08-15,32024828624,f0a0a47b10777b04e721a1304130a592d916eb755016b06f032f2bc3503c417b,Delta_LS_70_30,LINK,0.13999999999999999,0.024954940084512392
c8f3aa5133ea4a08346f6eff254bc678de40c1b910d437285e2792d384c54527,2026-08-16,signal_close_then_next_daily_open,2026-08-16,0.8165292623136424,2,LONG,2026-08-15,32024828624,f0a0a47b10777b04e721a1304130a592d916eb755016b06f032f2bc3503c417b,Delta_LS_70_30,SOL,0.13999999999999999,0.015822294057566574
b5a1a6bb40d02e1691469dbf2d86b272440e24e25382d4f10a26e329cbda5ec3,2026-08-16,signal_close_then_next_daily_open,2026-08-16,0.7643975332956228,2,LONG,2026-08-15,32024828624,f0a0a47b10777b04e721a1304130a592d916eb755016b06f032f2bc3503c417b,Delta_LS_70_30,TRX,0.13999999999999999,0.006696775598344334
f3ec2ae6077b9a8db48b2f177e10772a0f2126cd7ea483e933adff52629ec2b6,2026-08-16,signal_close_then_next_daily_open,2026-08-16,0.6942454361633231,2,LONG,2026-08-15,32024828624,f0a0a47b10777b04e721a1304130a592d916eb755016b06f032f2bc3503c417b,Delta_LS_70_30,ETH,0.13999999999999999,0.01597658452773425
f1f7933bd8193b01456c368bd00bbce41eaf5e6bff592c3724795dafd49dcf68,2026-08-16,signal_close_then_next_daily_open,2026-08-16,-0.706016648575926,2,SHORT,2026-08-15,32024828624,f0a0a47b10777b04e721a1304130a592d916eb755016b06f032f2bc3503c417b,Delta_LS_70_30,FIL,-0.06,0.028913434362891215
e9e0dc3dbb6caf6a2d62eaa580839c5c56b8145cdb9f5b273d93989256514ce4,2026-08-16,signal_close_then_next_daily_open,2026-08-16,-0.845023104340185,2,SHORT,2026-08-15,32024828624,f0a0a47b10777b04e721a1304130a592d916eb755016b06f032f2bc3503c417b,Delta_LS_70_30,APT,-0.06,0.023186584939186048
6ce9aec7a0c4235d011559af0b04969a9363bf0b9b309ca2555a4445b0c88207,2026-08-16,signal_close_then_next_daily_open,2026-08-16,-1.3532411528395765,2,SHORT,2026-08-15,32024828624,f0a0a47b10777b04e721a1304130a592d916eb755016b06f032f2bc3503c417b,Delta_LS_70_30,ARB,-0.06,0.026956178562631033
b5869704383d74f370bf2ccc6beee6077d6b2ed5c74e1274b67699894d7c4fd1,2026-08-16,signal_close_then_next_daily_open,2026-08-16,2.6443739410880904,2,LONG,2026-08-15,32024828624,f0a0a47b10777b04e721a1304130a592d916eb755016b06f032f2bc3503c417b,Delta_LS_70_30_StopVol,LINK,0.13999999999999999,0.024954940084512392
b260422ed6ae6a3bd377d5b9bae7e81432b599e20953ba052076a2f869e3604b,2026-08-16,signal_close_then_next_daily_open,2026-08-16,0.8165292623136424,2,LONG,2026-08-15,32024828624,f0a0a47b10777b04e721a1304130a592d916eb755016b06f032f2bc3503c417b,Delta_LS_70_30_StopVol,SOL,0.13999999999999999,0.015822294057566574
60a9f437b25b0e39c7cd0c3bd978e2afea4f0d5415a713c937741cc1a2c7456a,2026-08-16,signal_close_then_next_daily_open,2026-08-16,0.7643975332956228,2,LONG,2026-08-15,32024828624,f0a0a47b10777b04e721a1304130a592d916eb755016b06f032f2bc3503c417b,Delta_LS_70_30_StopVol,TRX,0.13999999999999999,0.006696775598344334
200df9ee3eca94d93b1afae28499e30722ea601ef2e8baba5f4b0b9667f5c6b1,2026-08-16,signal_close_then_next_daily_open,2026-08-16,0.6942454361633231,2,LONG,2026-08-15,32024828624,f0a0a47b10777b04e721a1304130a592d916eb755016b06f032f2bc3503c417b,Delta_LS_70_30_StopVol,ETH,0.13999999999999999,0.01597658452773425
ec039754ba6ffbec1f23f1aa4d720e11a423eda4e6408dd0e3a6de9e5ae9ceb3,2026-08-16,signal_close_then_next_daily_open,2026-08-16,-0.706016648575926,2,SHORT,2026-08-15,32024828624,f0a0a47b10777b04e721a1304130a592d916eb755016b06f032f2bc3503c417b,Delta_LS_70_30_StopVol,FIL,-0.06,0.028913434362891215
c441fc68cfc4328181fea11beedc9e44957dbd864e5780f27a683b9339bfffc8,2026-08-16,signal_close_then_next_daily_open,2026-08-16,-0.845023104340185,2,SHORT,2026-08-15,32024828624,f0a0a47b10777b04e721a1304130a592d916eb755016b06f032f2bc3503c417b,Delta_LS_70_30_StopVol,APT,-0.06,0.023186584939186048
668f6db7dae80e3f0a66a97c9396e6172b22644119eda76cf0f7eec60f7ed688,2026-08-16,signal_close_then_next_daily_open,2026-08-16,-1.3532411528395765,2,SHORT,2026-08-15,32024828624,f0a0a47b10777b04e721a1304130a592d916eb755016b06f032f2bc3503c417b,Delta_LS_70_30_StopVol,ARB,-0.06,0.026956178562631033
ca7cd0880e7e1ba5e74dec87061322ee29536d369334f8adec68ac3564205fa9,2026-08-16,signal_close_then_next_daily_open,2026-08-16,2.6443739410880904,2,LONG,2026-08-15,32024828624,f0a0a47b10777b04e721a1304130a592d916eb755016b06f032f2bc3503c417b,Delta_LS_50_50,LINK,0.1,0.024954940084512392
82f3fad6c73eff13713939b3989e4d40c4cdf8b988adaa67404110d38da36745,2026-08-16,signal_close_then_next_daily_open,2026-08-16,0.8165292623136424,2,LONG,2026-08-15,32024828624,f0a0a47b10777b04e721a1304130a592d916eb755016b06f032f2bc3503c417b,Delta_LS_50_50,SOL,0.1,0.015822294057566574
d9557bb044497b9b995020b7fb5cce12416e4d47bc2bf522e2e0a26d60ac5ac0,2026-08-16,signal_close_then_next_daily_open,2026-08-16,0.7643975332956228,2,LONG,2026-08-15,32024828624,f0a0a47b10777b04e721a1304130a592d916eb755016b06f032f2bc3503c417b,Delta_LS_50_50,TRX,0.1,0.006696775598344334
7a983568a71dda316a2df8057cdc70d5916a21080413de96edf982cd6b8ea055,2026-08-16,signal_close_then_next_daily_open,2026-08-16,0.6942454361633231,2,LONG,2026-08-15,32024828624,f0a0a47b10777b04e721a1304130a592d916eb755016b06f032f2bc3503c417b,Delta_LS_50_50,ETH,0.1,0.01597658452773425
cee2d2e95668fa715ce42b410e5c0409d5ca66a1f6bedd74f101a96789c50ce4,2026-08-16,signal_close_then_next_daily_open,2026-08-16,-0.706016648575926,2,SHORT,2026-08-15,32024828624,f0a0a47b10777b04e721a1304130a592d916eb755016b06f032f2bc3503c417b,Delta_LS_50_50,FIL,-0.1,0.028913434362891215
ad22489a9dcfa770ae838388581267dbb2a2ef87f5a5169b6e99f344ee9f3ca1,2026-08-16,signal_close_then_next_daily_open,2026-08-16,-0.845023104340185,2,SHORT,2026-08-15,32024828624,f0a0a47b10777b04e721a1304130a592d916eb755016b06f032f2bc3503c417b,Delta_LS_50_50,APT,-0.1,0.023186584939186048
faed17b7b20b2eb8f882754534b204f1f561c3fc2782591066d0ced5be8f6afa,2026-08-16,signal_close_then_next_daily_open,2026-08-16,-1.3532411528395765,2,SHORT,2026-08-15,32024828624,f0a0a47b10777b04e721a1304130a592d916eb755016b06f032f2bc3503c417b,Delta_LS_50_50,ARB,-0.1,0.026956178562631033
6fe2a4b09c8061fdc14fc38b64daf10c0c13f48598be12d4e787eac999029b41,2026-08-16,signal_close_then_next_daily_open,2026-08-16,2.6443739410880904,2,LONG,2026-08-15,32024828624,f0a0a47b10777b04e721a1304130a592d916eb755016b06f032f2bc3503c417b,Delta_LS_50_50_StopVol,LINK,0.1,0.024954940084512392
1105a0b50aa462956e71818d23ba266ae3f8ac5c989290660dbf5dafd4ef2f9d,2026-08-16,signal_close_then_next_daily_open,2026-08-16,0.8165292623136424,2,LONG,2026-08-15,32024828624,f0a0a47b10777b04e721a1304130a592d916eb755016b06f032f2bc3503c417b,Delta_LS_50_50_StopVol,SOL,0.1,0.015822294057566574
638117d727105077dd26ebbe5e1571185645194614bb12093369cd6faadc31d2,2026-08-16,signal_close_then_next_daily_open,2026-08-16,0.7643975332956228,2,LONG,2026-08-15,32024828624,f0a0a47b10777b04e721a1304130a592d916eb755016b06f032f2bc3503c417b,Delta_LS_50_50_StopVol,TRX,0.1,0.006696775598344334
a497069d4148ae0c3c2dad46b84d787487007f66a9ee4cdc70bf28ca4f76bdb2,2026-08-16,signal_close_then_next_daily_open,2026-08-16,0.6942454361633231,2,LONG,2026-08-15,32024828624,f0a0a47b10777b04e721a1304130a592d916eb755016b06f032f2bc3503c417b,Delta_LS_50_50_StopVol,ETH,0.1,0.01597658452773425
8dd828fb6946381d5e5653c727e8f1c0217663386cf2441d0cdbf051c459c0f0,2026-08-16,signal_close_then_next_daily_open,2026-08-16,-0.706016648575926,2,SHORT,2026-08-15,32024828624,f0a0a47b10777b04e721a1304130a592d916eb755016b06f032f2bc3503c417b,Delta_LS_50_50_StopVol,FIL,-0.1,0.028913434362891215
eb2cead9d77cc1102b48757defe5db792aa1585b8f3c91d11b9a1433bb17c40a,2026-08-16,signal_close_then_next_daily_open,2026-08-16,-0.845023104340185,2,SHORT,2026-08-15,32024828624,f0a0a47b10777b04e721a1304130a592d916eb755016b06f032f2bc3503c417b,Delta_LS_50_50_StopVol,APT,-0.1,0.023186584939186048
1e591778a8e7a4fa4f44aa555a20a8907a69744f33b57b8d25cf6082cf73db7b,2026-08-16,signal_close_then_next_daily_open,2026-08-16,-1.3532411528395765,2,SHORT,2026-08-15,32024828624,f0a0a47b10777b04e721a1304130a592d916eb755016b06f032f2bc3503c417b,Delta_LS_50_50_StopVol,ARB,-0.1,0.026956178562631033
5f207f38af659a9c9f4081ad2cddc1017e0f35c66fca5a1f92c6e0162366f673,2026-08-17,signal_close_then_next_daily_open,2026-08-17,2.608159459681167,2,LONG,2026-08-16,32089595142,c2b41c5ed31ded4ab413ec5a82021b1b6be144172ca2160a3df5abc952fcf2b6,Delta_LS_70_30,LINK,0.13999999999999999,0.0249276803523986
6f546ad462e464f758c2b0ee551cafcb2e780134f4cab572b5c5d903c0056a28,2026-08-17,signal_close_then_next_daily_open,2026-08-17,1.0445030277929799,2,LONG,2026-08-16,32089595142,c2b41c5ed31ded4ab413ec5a82021b1b6be144172ca2160a3df5abc952fcf2b6,Delta_LS_70_30,TRX,0.13999999999999999,0.006685228904445355
43ddfb7710336ad64a5886d650ad4e4a65672edcdd473b20325b5296f0c00372,2026-08-17,signal_close_then_next_daily_open,2026-08-17,0.8154987006144323,2,LONG,2026-08-16,32089595142,c2b41c5ed31ded4ab413ec5a82021b1b6be144172ca2160a3df5abc952fcf2b6,Delta_LS_70_30,ETH,0.13999999999999999,0.015815666735884904
50e456228fd6b951dca76d81c2e38055392baff1bc754085b4f52379a6e23774,2026-08-17,signal_close_then_next_daily_open,2026-08-17,0.764795211684149,2,LONG,2026-08-16,32089595142,c2b41c5ed31ded4ab413ec5a82021b1b6be144172ca2160a3df5abc952fcf2b6,Delta_LS_70_30,SOL,0.13999999999999999,0.015912630213820753
79d618cfc9d95aadcd6265749191443496385f833e4503d7c04d0cd3c7365bea,2026-08-17,signal_close_then_next_daily_open,2026-08-17,0.6407619017473285,2,LONG,2026-08-16,32089595142,c2b41c5ed31ded4ab413ec5a82021b1b6be144172ca2160a3df5abc952fcf2b6,Delta_LS_70_30,BTC,0.13999999999999999,0.01142810703497761
856bd3feaae6e895e5052bed7e5c3727423a8e239426d71473a7aca27d3fb4b4,2026-08-17,signal_close_then_next_daily_open,2026-08-17,-0.6317629950211423,2,SHORT,2026-08-16,32089595142,c2b41c5ed31ded4ab413ec5a82021b1b6be144172ca2160a3df5abc952fcf2b6,Delta_LS_70_30,NEAR,-0.06,0.024232448310953343
49379f7c808e779588c9995eb7529d8995dbc3f15467f0cc61c0879d194fa829,2026-08-17,signal_close_then_next_daily_open,2026-08-17,-0.7662080624359598,2,SHORT,2026-08-16,32089595142,c2b41c5ed31ded4ab413ec5a82021b1b6be144172ca2160a3df5abc952fcf2b6,Delta_LS_70_30,FIL,-0.06,0.02896977331033404
59a29a2939ac006f8394edb4afd59ffd90416194da784a4c246f7fe1b6911822,2026-08-17,signal_close_then_next_daily_open,2026-08-17,-1.2250198544934103,2,SHORT,2026-08-16,32089595142,c2b41c5ed31ded4ab413ec5a82021b1b6be144172ca2160a3df5abc952fcf2b6,Delta_LS_70_30,APT,-0.06,0.023459908905136915
7eb2b52034d62dfe31cb9a3ec54251739a165db9e632a5a46e30bbd36b9e8806,2026-08-17,signal_close_then_next_daily_open,2026-08-17,-1.240533544654648,2,SHORT,2026-08-16,32089595142,c2b41c5ed31ded4ab413ec5a82021b1b6be144172ca2160a3df5abc952fcf2b6,Delta_LS_70_30,ARB,-0.06,0.026756085021273995
9223037014bf52c4f29c3f53728720ecb50c04d6b59ed55d939f3a516581c0d5,2026-08-17,signal_close_then_next_daily_open,2026-08-17,2.608159459681167,2,LONG,2026-08-16,32089595142,c2b41c5ed31ded4ab413ec5a82021b1b6be144172ca2160a3df5abc952fcf2b6,Delta_LS_70_30_StopVol,LINK,0.13999999999999999,0.0249276803523986
e8b8fccb9e5db3d19278f66a87308467bb4d790b85c4dc536d6cda40e9d6a041,2026-08-17,signal_close_then_next_daily_open,2026-08-17,1.0445030277929799,2,LONG,2026-08-16,32089595142,c2b41c5ed31ded4ab413ec5a82021b1b6be144172ca2160a3df5abc952fcf2b6,Delta_LS_70_30_StopVol,TRX,0.13999999999999999,0.006685228904445355
1e15051bfb4cc420a5c21caa7ea8e28fc491de9705b16cfb161da25ef43bba66,2026-08-17,signal_close_then_next_daily_open,2026-08-17,0.8154987006144323,2,LONG,2026-08-16,32089595142,c2b41c5ed31ded4ab413ec5a82021b1b6be144172ca2160a3df5abc952fcf2b6,Delta_LS_70_30_StopVol,ETH,0.13999999999999999,0.015815666735884904
b624a1db51ba4f9c190d902c3e33669be2b56bd7f5caf9794de636ce5cea0166,2026-08-17,signal_close_then_next_daily_open,2026-08-17,0.764795211684149,2,LONG,2026-08-16,32089595142,c2b41c5ed31ded4ab413ec5a82021b1b6be144172ca2160a3df5abc952fcf2b6,Delta_LS_70_30_StopVol,SOL,0.13999999999999999,0.015912630213820753
59017df275460ec23dd13301d6cc78797d6caa48693d3240af37429c5eff37d0,2026-08-17,signal_close_then_next_daily_open,2026-08-17,0.6407619017473285,2,LONG,2026-08-16,32089595142,c2b41c5ed31ded4ab413ec5a82021b1b6be144172ca2160a3df5abc952fcf2b6,Delta_LS_70_30_StopVol,BTC,0.13999999999999999,0.01142810703497761
63a4ad98ef849dac9f56d7b0281057014d35028ac0ef6fd159423d36088663aa,2026-08-17,signal_close_then_next_daily_open,2026-08-17,-0.6317629950211423,2,SHORT,2026-08-16,32089595142,c2b41c5ed31ded4ab413ec5a82021b1b6be144172ca2160a3df5abc952fcf2b6,Delta_LS_70_30_StopVol,NEAR,-0.06,0.024232448310953343
3983063771968013cc97f8b7c9e28891be6077189b615d4403cfd9e935169862,2026-08-17,signal_close_then_next_daily_open,2026-08-17,-0.7662080624359598,2,SHORT,2026-08-16,32089595142,c2b41c5ed31ded4ab413ec5a82021b1b6be144172ca2160a3df5abc952fcf2b6,Delta_LS_70_30_StopVol,FIL,-0.06,0.02896977331033404
43e16c836e749405cae581376d693f66241d23b56790b6be1cd2b903f1e01999,2026-08-17,signal_close_then_next_daily_open,2026-08-17,-1.2250198544934103,2,SHORT,2026-08-16,32089595142,c2b41c5ed31ded4ab413ec5a82021b1b6be144172ca2160a3df5abc952fcf2b6,Delta_LS_70_30_StopVol,APT,-0.06,0.023459908905136915
c76ffb6b401cc786447f7f830726afc572de6c00b72514660e27a81b37ab4a3d,2026-08-17,signal_close_then_next_daily_open,2026-08-17,-1.240533544654648,2,SHORT,2026-08-16,32089595142,c2b41c5ed31ded4ab413ec5a82021b1b6be144172ca2160a3df5abc952fcf2b6,Delta_LS_70_30_StopVol,ARB,-0.06,0.026756085021273995
05c0a89542d6156bf75562c5f5201a75be877ab4dfec235ed1e362c7b40bc070,2026-08-17,signal_close_then_next_daily_open,2026-08-17,2.608159459681167,2,LONG,2026-08-16,32089595142,c2b41c5ed31ded4ab413ec5a82021b1b6be144172ca2160a3df5abc952fcf2b6,Delta_LS_50_50,LINK,0.1,0.0249276803523986
df06e7604eecc96005776d68e339bab7a83c3fe5cd4f6873d85a33a450771459,2026-08-17,signal_close_then_next_daily_open,2026-08-17,1.0445030277929799,2,LONG,2026-08-16,32089595142,c2b41c5ed31ded4ab413ec5a82021b1b6be144172ca2160a3df5abc952fcf2b6,Delta_LS_50_50,TRX,0.1,0.006685228904445355
7562cf718c3f2aa2119d5ff5de1f8312b3adb602b06f7c495bc1d267deea84a2,2026-08-17,signal_close_then_next_daily_open,2026-08-17,0.8154987006144323,2,LONG,2026-08-16,32089595142,c2b41c5ed31ded4ab413ec5a82021b1b6be144172ca2160a3df5abc952fcf2b6,Delta_LS_50_50,ETH,0.1,0.015815666735884904
b1d2f63e05879d2d363021f180cb9bec9c41c504499da3f5786a50a80f47ab30,2026-08-17,signal_close_then_next_daily_open,2026-08-17,0.764795211684149,2,LONG,2026-08-16,32089595142,c2b41c5ed31ded4ab413ec5a82021b1b6be144172ca2160a3df5abc952fcf2b6,Delta_LS_50_50,SOL,0.1,0.015912630213820753
4d382ae5168f340ad5015809184b396ba8c8c4afb2cde2318d0c1bc5fe00d297,2026-08-17,signal_close_then_next_daily_open,2026-08-17,0.6407619017473285,2,LONG,2026-08-16,32089595142,c2b41c5ed31ded4ab413ec5a82021b1b6be144172ca2160a3df5abc952fcf2b6,Delta_LS_50_50,BTC,0.1,0.01142810703497761
c38cacc745a517510e9923515972a6d73dbd19e55b99d4d45ea5ded572bd198d,2026-08-17,signal_close_then_next_daily_open,2026-08-17,-0.6317629950211423,2,SHORT,2026-08-16,32089595142,c2b41c5ed31ded4ab413ec5a82021b1b6be144172ca2160a3df5abc952fcf2b6,Delta_LS_50_50,NEAR,-0.1,0.024232448310953343
af89178f1271bf97fd731a2c4d50d041331b2e18586a3c97e946c1c1ebda70b3,2026-08-17,signal_close_then_next_daily_open,2026-08-17,-0.7662080624359598,2,SHORT,2026-08-16,32089595142,c2b41c5ed31ded4ab413ec5a82021b1b6be144172ca2160a3df5abc952fcf2b6,Delta_LS_50_50,FIL,-0.1,0.02896977331033404
2b26259286887f46f9f824de0bba47a57b6df03f0a480d2540245749516dd6a8,2026-08-17,signal_close_then_next_daily_open,2026-08-17,-1.2250198544934103,2,SHORT,2026-08-16,32089595142,c2b41c5ed31ded4ab413ec5a82021b1b6be144172ca2160a3df5abc952fcf2b6,Delta_LS_50_50,APT,-0.1,0.023459908905136915
498f84f57cb370fc78eec21461aef3eda9aef2c24064333e568f462f1718772a,2026-08-17,signal_close_then_next_daily_open,2026-08-17,-1.240533544654648,2,SHORT,2026-08-16,32089595142,c2b41c5ed31ded4ab413ec5a82021b1b6be144172ca2160a3df5abc952fcf2b6,Delta_LS_50_50,ARB,-0.1,0.026756085021273995
48b3ba1068f24c628def58f70b84e4104ef05ea2fade24f30938a82cce0ba591,2026-08-17,signal_close_then_next_daily_open,2026-08-17,2.608159459681167,2,LONG,2026-08-16,32089595142,c2b41c5ed31ded4ab413ec5a82021b1b6be144172ca2160a3df5abc952fcf2b6,Delta_LS_50_50_StopVol,LINK,0.1,0.0249276803523986
0fd96db9b97c02660bdc9aa3ce2a2b70d164d05611eb73a2779a14814fd5dc66,2026-08-17,signal_close_then_next_daily_open,2026-08-17,1.0445030277929799,2,LONG,2026-08-16,32089595142,c2b41c5ed31ded4ab413ec5a82021b1b6be144172ca2160a3df5abc952fcf2b6,Delta_LS_50_50_StopVol,TRX,0.1,0.006685228904445355
96f24af05cf629cc6736c244b598c864f6654e4aeeaad6a29f238ecb498606f1,2026-08-17,signal_close_then_next_daily_open,2026-08-17,0.8154987006144323,2,LONG,2026-08-16,32089595142,c2b41c5ed31ded4ab413ec5a82021b1b6be144172ca2160a3df5abc952fcf2b6,Delta_LS_50_50_StopVol,ETH,0.1,0.015815666735884904
03d819bb57a2a0acb0cfadde75b58befe9a8d69118e9895c6967761aaa1382b9,2026-08-17,signal_close_then_next_daily_open,2026-08-17,0.764795211684149,2,LONG,2026-08-16,32089595142,c2b41c5ed31ded4ab413ec5a82021b1b6be144172ca2160a3df5abc952fcf2b6,Delta_LS_50_50_StopVol,SOL,0.1,0.015912630213820753
cbd74a37fce5b3cad3c4daba622ff26103d05d2bbdb229067e3ba90cc628ebbc,2026-08-17,signal_close_then_next_daily_open,2026-08-17,0.6407619017473285,2,LONG,2026-08-16,32089595142,c2b41c5ed31ded4ab413ec5a82021b1b6be144172ca2160a3df5abc952fcf2b6,Delta_LS_50_50_StopVol,BTC,0.1,0.01142810703497761
eba1f701cd265ab08df0898ceaf53c8ebcfa1ffc03566bc88550723841c7afa2,2026-08-17,signal_close_then_next_daily_open,2026-08-17,-0.6317629950211423,2,SHORT,2026-08-16,32089595142,c2b41c5ed31ded4ab413ec5a82021b1b6be144172ca2160a3df5abc952fcf2b6,Delta_LS_50_50_StopVol,NEAR,-0.1,0.024232448310953343
e59ed0873c6ae45c488030933762d734a93dd2d732d089783c5e2ea603241b22,2026-08-17,signal_close_then_next_daily_open,2026-08-17,-0.7662080624359598,2,SHORT,2026-08-16,32089595142,c2b41c5ed31ded4ab413ec5a82021b1b6be144172ca2160a3df5abc952fcf2b6,Delta_LS_50_50_StopVol,FIL,-0.1,0.02896977331033404
7697773c1bdc32a0f13960f19700e8c60d9266c736480fed4bcb6919ae84009e,2026-08-17,signal_close_then_next_daily_open,2026-08-17,-1.2250198544934103,2,SHORT,2026-08-16,32089595142,c2b41c5ed31ded4ab413ec5a82021b1b6be144172ca2160a3df5abc952fcf2b6,Delta_LS_50_50_StopVol,APT,-0.1,0.023459908905136915
8f6910e9c8c0d69c07b085c44ddec582681553a90689e269c2b1d9717bb3ed60,2026-08-17,signal_close_then_next_daily_open,2026-08-17,-1.240533544654648,2,SHORT,2026-08-16,32089595142,c2b41c5ed31ded4ab413ec5a82021b1b6be144172ca2160a3df5abc952fcf2b6,Delta_LS_50_50_StopVol,ARB,-0.1,0.026756085021273995
fb71a65c73aba8ad61f903635a836137e57514e8fd4e465d44101b0a615d738f,2026-08-18,signal_close_then_next_daily_open,2026-08-18,2.6380617057588207,2,LONG,2026-08-17,32206461867,9163dc5bcc123e5cf1f44c518f48e3f78636f087412b6a5fb949dbb05ad0e856,Delta_LS_70_30,LINK,0.13999999999999999,0.024992144532804274
cf4aad2132f42bb0ad54a1053c2999803ad3ad61b1e26c99d17f94129f29ca76,2026-08-18,signal_close_then_next_daily_open,2026-08-18,1.0369236865541827,2,LONG,2026-08-17,32206461867,9163dc5bcc123e5cf1f44c518f48e3f78636f087412b6a5fb949dbb05ad0e856,Delta_LS_70_30,ETH,0.13999999999999999,0.016093399357935138
863f9395516bd88c790c5aeefc5593e05e56c8bae51be2233a88ef407635ace0,2026-08-18,signal_close_then_next_daily_open,2026-08-18,0.8229133606325036,2,LONG,2026-08-17,32206461867,9163dc5bcc123e5cf1f44c518f48e3f78636f087412b6a5fb949dbb05ad0e856,Delta_LS_70_30,SOL,0.13999999999999999,0.01625009792877924
3b767150ed3abae4b897cf42ac06b44da0cb987b4073c075f2be3877a2801f1e,2026-08-18,signal_close_then_next_daily_open,2026-08-18,0.8163518569085055,2,LONG,2026-08-17,32206461867,9163dc5bcc123e5cf1f44c518f48e3f78636f087412b6a5fb949dbb05ad0e856,Delta_LS_70_30,BTC,0.13999999999999999,0.012124445533745589
ce50d8f5052ab3414e1d0763ad8bb7b0c36f085acea400e3e790c32bac26ba6d,2026-08-18,signal_close_then_next_daily_open,2026-08-18,0.7645244603069185,2,LONG,2026-08-17,32206461867,9163dc5bcc123e5cf1f44c518f48e3f78636f087412b6a5fb949dbb05ad0e856,Delta_LS_70_30,TRX,0.13999999999999999,0.006458083696808058
e375bb211074e515cc79737b591a18ed8b818d50f0257e68119324631f1538e0,2026-08-18,signal_close_then_next_daily_open,2026-08-18,-0.7571771130144914,2,SHORT,2026-08-17,32206461867,9163dc5bcc123e5cf1f44c518f48e3f78636f087412b6a5fb949dbb05ad0e856,Delta_LS_70_30,FIL,-0.06,0.028904183883867497
354805a2c9b855c9f9f3fd04ce15c95c72b1d26260d8f85067a554db83fb3304,2026-08-18,signal_close_then_next_daily_open,2026-08-18,-1.0803411594781016,2,SHORT,2026-08-17,32206461867,9163dc5bcc123e5cf1f44c518f48e3f78636f087412b6a5fb949dbb05ad0e856,Delta_LS_70_30,APT,-0.06,0.023938452692406107
d7f32ef64b7e8c53ce73d696bdd325f5920fcb2e38444005a8b7bb9e58558d65,2026-08-18,signal_close_then_next_daily_open,2026-08-18,-1.1697353642189028,2,SHORT,2026-08-17,32206461867,9163dc5bcc123e5cf1f44c518f48e3f78636f087412b6a5fb949dbb05ad0e856,Delta_LS_70_30,ARB,-0.06,0.026997917593730148
31b23703808f413a8c5c34423e7586b5e194e5967c2d61136838827a411ebdf0,2026-08-18,signal_close_then_next_daily_open,2026-08-18,2.6380617057588207,2,LONG,2026-08-17,32206461867,9163dc5bcc123e5cf1f44c518f48e3f78636f087412b6a5fb949dbb05ad0e856,Delta_LS_70_30_StopVol,LINK,0.13999999999999999,0.024992144532804274
f18b07aeef5ae6983cd04a7023f4f1ada5d337a85da292669112586ce3297857,2026-08-18,signal_close_then_next_daily_open,2026-08-18,1.0369236865541827,2,LONG,2026-08-17,32206461867,9163dc5bcc123e5cf1f44c518f48e3f78636f087412b6a5fb949dbb05ad0e856,Delta_LS_70_30_StopVol,ETH,0.13999999999999999,0.016093399357935138
78c5a2541a37e3bc7016af8e489c296c7760af8abf8c0d6c50bbb78243f1465e,2026-08-18,signal_close_then_next_daily_open,2026-08-18,0.8229133606325036,2,LONG,2026-08-17,32206461867,9163dc5bcc123e5cf1f44c518f48e3f78636f087412b6a5fb949dbb05ad0e856,Delta_LS_70_30_StopVol,SOL,0.13999999999999999,0.01625009792877924
13bdf0f04d9381dfbb639e9402b3e85d172c0a731d77cacd407631c84077c1d7,2026-08-18,signal_close_then_next_daily_open,2026-08-18,0.8163518569085055,2,LONG,2026-08-17,32206461867,9163dc5bcc123e5cf1f44c518f48e3f78636f087412b6a5fb949dbb05ad0e856,Delta_LS_70_30_StopVol,BTC,0.13999999999999999,0.012124445533745589
e1e0c37d7372397fbb3abeb19cb85600c1de991543ded35368d3ba7a593930c7,2026-08-18,signal_close_then_next_daily_open,2026-08-18,0.7645244603069185,2,LONG,2026-08-17,32206461867,9163dc5bcc123e5cf1f44c518f48e3f78636f087412b6a5fb949dbb05ad0e856,Delta_LS_70_30_StopVol,TRX,0.13999999999999999,0.006458083696808058
080217911bf5ebf858b403bca85e6a4aa8e2b430e4465b765189f8ae47999052,2026-08-18,signal_close_then_next_daily_open,2026-08-18,-0.7571771130144914,2,SHORT,2026-08-17,32206461867,9163dc5bcc123e5cf1f44c518f48e3f78636f087412b6a5fb949dbb05ad0e856,Delta_LS_70_30_StopVol,FIL,-0.06,0.028904183883867497
16071366fa379f1605f66d50d74b208277fc79a46fd4c47aa387d67005a28508,2026-08-18,signal_close_then_next_daily_open,2026-08-18,-1.0803411594781016,2,SHORT,2026-08-17,32206461867,9163dc5bcc123e5cf1f44c518f48e3f78636f087412b6a5fb949dbb05ad0e856,Delta_LS_70_30_StopVol,APT,-0.06,0.023938452692406107
42a0f30915120909d416dd45d9609e02c311dcdb6347d7f3eb0de833bdba778b,2026-08-18,signal_close_then_next_daily_open,2026-08-18,-1.1697353642189028,2,SHORT,2026-08-17,32206461867,9163dc5bcc123e5cf1f44c518f48e3f78636f087412b6a5fb949dbb05ad0e856,Delta_LS_70_30_StopVol,ARB,-0.06,0.026997917593730148
28c4dd037bb8a029d7cf780a4cd465e9150c9f3d821e64b40d5539a3ef7a9c3d,2026-08-18,signal_close_then_next_daily_open,2026-08-18,2.6380617057588207,2,LONG,2026-08-17,32206461867,9163dc5bcc123e5cf1f44c518f48e3f78636f087412b6a5fb949dbb05ad0e856,Delta_LS_50_50,LINK,0.1,0.024992144532804274
e1f0ce5b9a1bbb9e6682d07ad65de45ffe21eb6ada79c28fdc17969b4caf5792,2026-08-18,signal_close_then_next_daily_open,2026-08-18,1.0369236865541827,2,LONG,2026-08-17,32206461867,9163dc5bcc123e5cf1f44c518f48e3f78636f087412b6a5fb949dbb05ad0e856,Delta_LS_50_50,ETH,0.1,0.016093399357935138
5601345a252c5c86e0ec258ceac37825f44161bf39b096729c4cf37a799aa7a8,2026-08-18,signal_close_then_next_daily_open,2026-08-18,0.8229133606325036,2,LONG,2026-08-17,32206461867,9163dc5bcc123e5cf1f44c518f48e3f78636f087412b6a5fb949dbb05ad0e856,Delta_LS_50_50,SOL,0.1,0.01625009792877924
196f0888c2f7d1cee916075fbfe9adfdca7c99d2d598d3c83b48c8853dd0b092,2026-08-18,signal_close_then_next_daily_open,2026-08-18,0.8163518569085055,2,LONG,2026-08-17,32206461867,9163dc5bcc123e5cf1f44c518f48e3f78636f087412b6a5fb949dbb05ad0e856,Delta_LS_50_50,BTC,0.1,0.012124445533745589
44dcb137f8b92e457fd5fb8847db9a912bf1808a15c53a28dcf8b8df1368e979,2026-08-18,signal_close_then_next_daily_open,2026-08-18,0.7645244603069185,2,LONG,2026-08-17,32206461867,9163dc5bcc123e5cf1f44c518f48e3f78636f087412b6a5fb949dbb05ad0e856,Delta_LS_50_50,TRX,0.1,0.006458083696808058
c04e4988a85f292845329197173c54ae695675dc890ce85d63c8125cb1d00095,2026-08-18,signal_close_then_next_daily_open,2026-08-18,-0.7571771130144914,2,SHORT,2026-08-17,32206461867,9163dc5bcc123e5cf1f44c518f48e3f78636f087412b6a5fb949dbb05ad0e856,Delta_LS_50_50,FIL,-0.1,0.028904183883867497
fb2da620ddaff3bc39fd62ba827748e22b991b54a63a39ae5d076e8f12de6da6,2026-08-18,signal_close_then_next_daily_open,2026-08-18,-1.0803411594781016,2,SHORT,2026-08-17,32206461867,9163dc5bcc123e5cf1f44c518f48e3f78636f087412b6a5fb949dbb05ad0e856,Delta_LS_50_50,APT,-0.1,0.023938452692406107
8f1a39b228cf9e096ee21370360ba5d6961c19a0419afa5fa3a8653ba345c5af,2026-08-18,signal_close_then_next_daily_open,2026-08-18,-1.1697353642189028,2,SHORT,2026-08-17,32206461867,9163dc5bcc123e5cf1f44c518f48e3f78636f087412b6a5fb949dbb05ad0e856,Delta_LS_50_50,ARB,-0.1,0.026997917593730148
182f7747f0610dbca7b586eb7dc78bda3dd121a446e009897b27176009f05364,2026-08-18,signal_close_then_next_daily_open,2026-08-18,2.6380617057588207,2,LONG,2026-08-17,32206461867,9163dc5bcc123e5cf1f44c518f48e3f78636f087412b6a5fb949dbb05ad0e856,Delta_LS_50_50_StopVol,LINK,0.1,0.024992144532804274
dfbf759df14c70c14bb3ce39a933556f7cef1611a546e9395b7df6c4cb4b01be,2026-08-18,signal_close_then_next_daily_open,2026-08-18,1.0369236865541827,2,LONG,2026-08-17,32206461867,9163dc5bcc123e5cf1f44c518f48e3f78636f087412b6a5fb949dbb05ad0e856,Delta_LS_50_50_StopVol,ETH,0.1,0.016093399357935138
ac12ee1efc94373b0a9ca971df2ca87d323b8ea5c3f510ecd29a157df7e8b14d,2026-08-18,signal_close_then_next_daily_open,2026-08-18,0.8229133606325036,2,LONG,2026-08-17,32206461867,9163dc5bcc123e5cf1f44c518f48e3f78636f087412b6a5fb949dbb05ad0e856,Delta_LS_50_50_StopVol,SOL,0.1,0.01625009792877924
c1b0649676893f9b2be62cb393359c78e4f876feae437c94d0656ec5d948d8b9,2026-08-18,signal_close_then_next_daily_open,2026-08-18,0.8163518569085055,2,LONG,2026-08-17,32206461867,9163dc5bcc123e5cf1f44c518f48e3f78636f087412b6a5fb949dbb05ad0e856,Delta_LS_50_50_StopVol,BTC,0.1,0.012124445533745589
5e034d3e8dbb843a904ba084ad43da1ddbc1d94e18f5b3d8cba715a53b6aea7a,2026-08-18,signal_close_then_next_daily_open,2026-08-18,0.7645244603069185,2,LONG,2026-08-17,32206461867,9163dc5bcc123e5cf1f44c518f48e3f78636f087412b6a5fb949dbb05ad0e856,Delta_LS_50_50_StopVol,TRX,0.1,0.006458083696808058
5731bf05ecc29bb5971630043a9ea6a4c9b3cdc1b35385018e8e0ffb1f959e44,2026-08-18,signal_close_then_next_daily_open,2026-08-18,-0.7571771130144914,2,SHORT,2026-08-17,32206461867,9163dc5bcc123e5cf1f44c518f48e3f78636f087412b6a5fb949dbb05ad0e856,Delta_LS_50_50_StopVol,FIL,-0.1,0.028904183883867497
edb7509ccc11c0312f43d3b9e4b96dcc748f6bfafe880f856b2366ab9b9f5745,2026-08-18,signal_close_then_next_daily_open,2026-08-18,-1.0803411594781016,2,SHORT,2026-08-17,32206461867,9163dc5bcc123e5cf1f44c518f48e3f78636f087412b6a5fb949dbb05ad0e856,Delta_LS_50_50_StopVol,APT,-0.1,0.023938452692406107
6da6bd9c8d102f80de4e7bd1e19f5f2e54f9111788430121aa5767d94b6220d1,2026-08-18,signal_close_then_next_daily_open,2026-08-18,-1.1697353642189028,2,SHORT,2026-08-17,32206461867,9163dc5bcc123e5cf1f44c518f48e3f78636f087412b6a5fb949dbb05ad0e856,Delta_LS_50_50_StopVol,ARB,-0.1,0.026997917593730148
10f3ab94ed341419afaeb909194bcbaef01726648f16cb2979be9c19ee19c689,2026-08-19,signal_close_then_next_daily_open,2026-08-19,2.395949378226397,2,LONG,2026-08-18,32322475337,d625b772ab099386fc2f5386fe6aadb8276ecef4e4ec5e08fce335afdd493005,Delta_LS_70_30,LINK,0.13999999999999999,0.025010807107148137
ee7fc4ccbcb42873915102a4246eb1f5651a5680c64bbd87b91f04b6b6ee081d,2026-08-19,signal_close_then_next_daily_open,2026-08-19,1.0930412989887415,2,LONG,2026-08-18,32322475337,d625b772ab099386fc2f5386fe6aadb8276ecef4e4ec5e08fce335afdd493005,Delta_LS_70_30,ETH,0.13999999999999999,0.016076418138691914
50dc79c77695d8a304d101cde82047e443f4fb2dda59b36dec4fe4676ea4c75b,2026-08-19,signal_close_then_next_daily_open,2026-08-19,1.0231775688895846,2,LONG,2026-08-18,32322475337,d625b772ab099386fc2f5386fe6aadb8276ecef4e4ec5e08fce335afdd493005,Delta_LS_70_30,SOL,0.13999999999999999,0.0163028945851787
2bc3554fb5d16209489f9dfb31b5008c416ecafdce396e220c3c49c70e248327,2026-08-19,signal_close_then_next_daily_open,2026-08-19,0.9543222585927886,2,LONG,2026-08-18,32322475337,d625b772ab099386fc2f5386fe6aadb8276ecef4e4ec5e08fce335afdd493005,Delta_LS_70_30,BTC,0.13999999999999999,0.012134731669094697
424d58ef9abdcb0f2e620c27a71b8a6cb4fed8984a3b2b2036698f70e673b996,2026-08-19,signal_close_then_next_daily_open,2026-08-19,0.8823265616605436,2,LONG,2026-08-18,32322475337,d625b772ab099386fc2f5386fe6aadb8276ecef4e4ec5e08fce335afdd493005,Delta_LS_70_30,TRX,0.13999999999999999,0.006476266760849298
f844fed5fbb1d0e682f7d2e050e38e37e00c9401da8ba905c0b045059834a4bf,2026-08-19,signal_close_then_next_daily_open,2026-08-19,-0.8684744312990428,2,SHORT,2026-08-18,32322475337,d625b772ab099386fc2f5386fe6aadb8276ecef4e4ec5e08fce335afdd493005,Delta_LS_70_30,APT,-0.06,0.023734973624654064
6e3fe0741099e77fed58ace464767f0354bf41efaa3823f00150c80097c0470d,2026-08-19,signal_close_then_next_daily_open,2026-08-19,-0.949385158827534,2,SHORT,2026-08-18,32322475337,d625b772ab099386fc2f5386fe6aadb8276ecef4e4ec5e08fce335afdd493005,Delta_LS_70_30,ARB,-0.06,0.02690739122542305
26a97a6350b7051609b76c8556cf60081451fe263509221c10dd50c99066cf69,2026-08-19,signal_close_then_next_daily_open,2026-08-19,-1.0548054247407372,2,SHORT,2026-08-18,32322475337,d625b772ab099386fc2f5386fe6aadb8276ecef4e4ec5e08fce335afdd493005,Delta_LS_70_30,OP,-0.06,0.029620517421678667
9233611561fa21c60531fc86c4001eaf685d4492236d3918ebf683f54c9cb397,2026-08-19,signal_close_then_next_daily_open,2026-08-19,-1.250511946644511,2,SHORT,2026-08-18,32322475337,d625b772ab099386fc2f5386fe6aadb8276ecef4e4ec5e08fce335afdd493005,Delta_LS_70_30,FIL,-0.06,0.030046587068367717
552b142f702327449d47146a6de4bbdae1a6914710f57f2fc832242168ed4d52,2026-08-19,signal_close_then_next_daily_open,2026-08-19,2.395949378226397,2,LONG,2026-08-18,32322475337,d625b772ab099386fc2f5386fe6aadb8276ecef4e4ec5e08fce335afdd493005,Delta_LS_70_30_StopVol,LINK,0.13999999999999999,0.025010807107148137
e5b5fde17fde4c61afeed60050b57b4ad723c3af4ef21ba784e99d77574d002e,2026-08-19,signal_close_then_next_daily_open,2026-08-19,1.0930412989887415,2,LONG,2026-08-18,32322475337,d625b772ab099386fc2f5386fe6aadb8276ecef4e4ec5e08fce335afdd493005,Delta_LS_70_30_StopVol,ETH,0.13999999999999999,0.016076418138691914
b833b449836e324e8a040b1173dd66592d680a5f89632e2a8a25fc5b99febfcd,2026-08-19,signal_close_then_next_daily_open,2026-08-19,1.0231775688895846,2,LONG,2026-08-18,32322475337,d625b772ab099386fc2f5386fe6aadb8276ecef4e4ec5e08fce335afdd493005,Delta_LS_70_30_StopVol,SOL,0.13999999999999999,0.0163028945851787
e8f515de947dda2142282ce4a238d56ecba97051a51074ef8505aacba4b65007,2026-08-19,signal_close_then_next_daily_open,2026-08-19,0.9543222585927886,2,LONG,2026-08-18,32322475337,d625b772ab099386fc2f5386fe6aadb8276ecef4e4ec5e08fce335afdd493005,Delta_LS_70_30_StopVol,BTC,0.13999999999999999,0.012134731669094697
c5fbec716f42c784adfc0cac25819a48b3684fac3f42efee7b7bc6a315065c7b,2026-08-19,signal_close_then_next_daily_open,2026-08-19,0.8823265616605436,2,LONG,2026-08-18,32322475337,d625b772ab099386fc2f5386fe6aadb8276ecef4e4ec5e08fce335afdd493005,Delta_LS_70_30_StopVol,TRX,0.13999999999999999,0.006476266760849298
1bf4ce1eebcd3c6e191d06852486096a58df29aaf03864a9779d0f1da48b739d,2026-08-19,signal_close_then_next_daily_open,2026-08-19,-0.8684744312990428,2,SHORT,2026-08-18,32322475337,d625b772ab099386fc2f5386fe6aadb8276ecef4e4ec5e08fce335afdd493005,Delta_LS_70_30_StopVol,APT,-0.06,0.023734973624654064
9bdb9815c06594c93767519768b251fa754f894b629ae8c0b2696a747122a718,2026-08-19,signal_close_then_next_daily_open,2026-08-19,-0.949385158827534,2,SHORT,2026-08-18,32322475337,d625b772ab099386fc2f5386fe6aadb8276ecef4e4ec5e08fce335afdd493005,Delta_LS_70_30_StopVol,ARB,-0.06,0.02690739122542305
2e4977fb35f180b9cdc4704a145ef5d8a678db2c5cf7264c5b1b40bfc332fe1f,2026-08-19,signal_close_then_next_daily_open,2026-08-19,-1.0548054247407372,2,SHORT,2026-08-18,32322475337,d625b772ab099386fc2f5386fe6aadb8276ecef4e4ec5e08fce335afdd493005,Delta_LS_70_30_StopVol,OP,-0.06,0.029620517421678667
e961fd092494986e78b53c7dd4c022b4d9084df6e4eb70c97834e88eaa14effd,2026-08-19,signal_close_then_next_daily_open,2026-08-19,-1.250511946644511,2,SHORT,2026-08-18,32322475337,d625b772ab099386fc2f5386fe6aadb8276ecef4e4ec5e08fce335afdd493005,Delta_LS_70_30_StopVol,FIL,-0.06,0.030046587068367717
cfa30e1f77fef863369299bc1a941a5d9c161ed87aba36420fff47733afcd168,2026-08-19,signal_close_then_next_daily_open,2026-08-19,2.395949378226397,2,LONG,2026-08-18,32322475337,d625b772ab099386fc2f5386fe6aadb8276ecef4e4ec5e08fce335afdd493005,Delta_LS_50_50,LINK,0.1,0.025010807107148137
90d1263efac3fef52ef4eb26e53e2a8f319c12a8dc1c1d1d0917a705c771110d,2026-08-19,signal_close_then_next_daily_open,2026-08-19,1.0930412989887415,2,LONG,2026-08-18,32322475337,d625b772ab099386fc2f5386fe6aadb8276ecef4e4ec5e08fce335afdd493005,Delta_LS_50_50,ETH,0.1,0.016076418138691914
b4fb955f19514ce2dd7e6e78eafc354a239c664eba6e083408489e51a51305eb,2026-08-19,signal_close_then_next_daily_open,2026-08-19,1.0231775688895846,2,LONG,2026-08-18,32322475337,d625b772ab099386fc2f5386fe6aadb8276ecef4e4ec5e08fce335afdd493005,Delta_LS_50_50,SOL,0.1,0.0163028945851787
91aba6ddc999ce37aeaac8d3f5bf1f993d2fca7e2505d05b20880bf4c7f4dfa3,2026-08-19,signal_close_then_next_daily_open,2026-08-19,0.9543222585927886,2,LONG,2026-08-18,32322475337,d625b772ab099386fc2f5386fe6aadb8276ecef4e4ec5e08fce335afdd493005,Delta_LS_50_50,BTC,0.1,0.012134731669094697
a6626cb115994c911527b2453ee289859e6666d257ac72ec81568d9bce339595,2026-08-19,signal_close_then_next_daily_open,2026-08-19,0.8823265616605436,2,LONG,2026-08-18,32322475337,d625b772ab099386fc2f5386fe6aadb8276ecef4e4ec5e08fce335afdd493005,Delta_LS_50_50,TRX,0.1,0.006476266760849298
d5907cd39f1ae280e76843f616c29547a22f43734f088927b2a1db862ea4fa6e,2026-08-19,signal_close_then_next_daily_open,2026-08-19,-0.8684744312990428,2,SHORT,2026-08-18,32322475337,d625b772ab099386fc2f5386fe6aadb8276ecef4e4ec5e08fce335afdd493005,Delta_LS_50_50,APT,-0.1,0.023734973624654064
9b29349824275cba51829274f96e7deee8931017c87a8993453ecb5c19536f1b,2026-08-19,signal_close_then_next_daily_open,2026-08-19,-0.949385158827534,2,SHORT,2026-08-18,32322475337,d625b772ab099386fc2f5386fe6aadb8276ecef4e4ec5e08fce335afdd493005,Delta_LS_50_50,ARB,-0.1,0.02690739122542305
23cb2f59914ec9bc4ea98d54d793efacf992f25e146eb4f3dcf28aee22a14b60,2026-08-19,signal_close_then_next_daily_open,2026-08-19,-1.0548054247407372,2,SHORT,2026-08-18,32322475337,d625b772ab099386fc2f5386fe6aadb8276ecef4e4ec5e08fce335afdd493005,Delta_LS_50_50,OP,-0.1,0.029620517421678667
d8b06e9ac846dae5cfd5b24cf06056b11d2e2e29508a1623a14605deebc7a2aa,2026-08-19,signal_close_then_next_daily_open,2026-08-19,-1.250511946644511,2,SHORT,2026-08-18,32322475337,d625b772ab099386fc2f5386fe6aadb8276ecef4e4ec5e08fce335afdd493005,Delta_LS_50_50,FIL,-0.1,0.030046587068367717
d34e9ecd0222b73e3e5c818c44e2b0dfd59db793377a1d9970670ea387c74621,2026-08-19,signal_close_then_next_daily_open,2026-08-19,2.395949378226397,2,LONG,2026-08-18,32322475337,d625b772ab099386fc2f5386fe6aadb8276ecef4e4ec5e08fce335afdd493005,Delta_LS_50_50_StopVol,LINK,0.1,0.025010807107148137
958f8dc5f38141e20aba48c9f2d49d7a8eb7b063ed3e9e867e6a2e4cca3ff23d,2026-08-19,signal_close_then_next_daily_open,2026-08-19,1.0930412989887415,2,LONG,2026-08-18,32322475337,d625b772ab099386fc2f5386fe6aadb8276ecef4e4ec5e08fce335afdd493005,Delta_LS_50_50_StopVol,ETH,0.1,0.016076418138691914
6a9205af082ddb57bed5a01ba6c770d5ba4a5cb645293475c615a65ec6c0b9f0,2026-08-19,signal_close_then_next_daily_open,2026-08-19,1.0231775688895846,2,LONG,2026-08-18,32322475337,d625b772ab099386fc2f5386fe6aadb8276ecef4e4ec5e08fce335afdd493005,Delta_LS_50_50_StopVol,SOL,0.1,0.0163028945851787
3171a796be6362726f74b8fdcad4e912f548d7bff1cfa8782e5657223272797a,2026-08-19,signal_close_then_next_daily_open,2026-08-19,0.9543222585927886,2,LONG,2026-08-18,32322475337,d625b772ab099386fc2f5386fe6aadb8276ecef4e4ec5e08fce335afdd493005,Delta_LS_50_50_StopVol,BTC,0.1,0.012134731669094697
3c5eb978a35c2c0e8a46b2f6b517601d3c529e4b2e0d3a82688a050d1d0068c3,2026-08-19,signal_close_then_next_daily_open,2026-08-19,0.8823265616605436,2,LONG,2026-08-18,32322475337,d625b772ab099386fc2f5386fe6aadb8276ecef4e4ec5e08fce335afdd493005,Delta_LS_50_50_StopVol,TRX,0.1,0.006476266760849298
170f126c82f305ca711d0b2c75b16c5d7f933d3e3468d8d01a9c41e1d8f830ed,2026-08-19,signal_close_then_next_daily_open,2026-08-19,-0.8684744312990428,2,SHORT,2026-08-18,32322475337,d625b772ab099386fc2f5386fe6aadb8276ecef4e4ec5e08fce335afdd493005,Delta_LS_50_50_StopVol,APT,-0.1,0.023734973624654064
30b7c9248c9f84f5f13a9119faaee67724284f135dcead188dbf50d7907e35a7,2026-08-19,signal_close_then_next_daily_open,2026-08-19,-0.949385158827534,2,SHORT,2026-08-18,32322475337,d625b772ab099386fc2f5386fe6aadb8276ecef4e4ec5e08fce335afdd493005,Delta_LS_50_50_StopVol,ARB,-0.1,0.02690739122542305
bcb0bb50565a2d5ac6e3c173b142723dbb1c989e0d9847212766fac6f8ba530f,2026-08-19,signal_close_then_next_daily_open,2026-08-19,-1.0548054247407372,2,SHORT,2026-08-18,32322475337,d625b772ab099386fc2f5386fe6aadb8276ecef4e4ec5e08fce335afdd493005,Delta_LS_50_50_StopVol,OP,-0.1,0.029620517421678667
10371be9739fe08943fc0e90c1bf9ee9c6552240ddd2bdd552cb93e273bf9819,2026-08-19,signal_close_then_next_daily_open,2026-08-19,-1.250511946644511,2,SHORT,2026-08-18,32322475337,d625b772ab099386fc2f5386fe6aadb8276ecef4e4ec5e08fce335afdd493005,Delta_LS_50_50_StopVol,FIL,-0.1,0.030046587068367717
93bad1baa431d2e36972a1713167ae2ec9850e2a3301b801a59d76d2ed5d4d99,2026-08-20,signal_close_then_next_daily_open,2026-08-20,2.2626845588013853,2,LONG,2026-08-19,32438055428,e1e7801f0543c3b7c409939bdddf276557487a5c79eab9b575fcad02cab6e820,Delta_LS_70_30,LINK,0.13999999999999999,0.031038764823314396
454db98357c07cfc048cdfa0e4d47fd526ba3f704cb4337dc0e798e3beb2b767,2026-08-20,signal_close_then_next_daily_open,2026-08-20,1.6243753660858635,2,LONG,2026-08-19,32438055428,e1e7801f0543c3b7c409939bdddf276557487a5c79eab9b575fcad02cab6e820,Delta_LS_70_30,ETH,0.13999999999999999,0.0355464311303363
48177c6b17f84a2c797de00ea82450bafa1f72d1baece9d82be628ce9f92da0d,2026-08-20,signal_close_then_next_daily_open,2026-08-20,1.0334814822490734,2,LONG,2026-08-19,32438055428,e1e7801f0543c3b7c409939bdddf276557487a5c79eab9b575fcad02cab6e820,Delta_LS_70_30,SOL,0.13999999999999999,0.025469587046814384
cbd0acc03acdb6dd9032d4256614ca588381da3a8ddf00301ec8f2bd675c10ee,2026-08-20,signal_close_then_next_daily_open,2026-08-20,0.5943581307130013,2,LONG,2026-08-19,32438055428,e1e7801f0543c3b7c409939bdddf276557487a5c79eab9b575fcad02cab6e820,Delta_LS_70_30,BTC,0.13999999999999999,0.017746744622742557
cc8e1415a904e514fd07a8b05c5a5b1805dcf9ab57031513311e07cd83aa284f,2026-08-20,signal_close_then_next_daily_open,2026-08-20,-0.7634915908140832,2,SHORT,2026-08-19,32438055428,e1e7801f0543c3b7c409939bdddf276557487a5c79eab9b575fcad02cab6e820,Delta_LS_70_30,NEAR,-0.06,0.03021562786144289
619a80297593d81afcfdc6394ee2bffe2cb7cad458fdf1c7b8a630f006e78961,2026-08-20,signal_close_then_next_daily_open,2026-08-20,-0.9899918852107272,2,SHORT,2026-08-19,32438055428,e1e7801f0543c3b7c409939bdddf276557487a5c79eab9b575fcad02cab6e820,Delta_LS_70_30,APT,-0.06,0.026665014791414
c8c8a39c8216effa7ac3ec7591cb953e49a9368dce46833e0bc32db726921366,2026-08-20,signal_close_then_next_daily_open,2026-08-20,-1.1263895121803689,2,SHORT,2026-08-19,32438055428,e1e7801f0543c3b7c409939bdddf276557487a5c79eab9b575fcad02cab6e820,Delta_LS_70_30,FIL,-0.06,0.03241397060726441
c874d1d8a0a007e5599685ae4cd6d2b742af606a756524bfc156ab8b7d06e31c,2026-08-20,signal_close_then_next_daily_open,2026-08-20,2.2626845588013853,2,LONG,2026-08-19,32438055428,e1e7801f0543c3b7c409939bdddf276557487a5c79eab9b575fcad02cab6e820,Delta_LS_70_30_StopVol,LINK,0.13999999999999999,0.031038764823314396
98d05f66fc19a0c31a41fae71fa2392b309db070986031baf87c65c36b0f409e,2026-08-20,signal_close_then_next_daily_open,2026-08-20,1.6243753660858635,2,LONG,2026-08-19,32438055428,e1e7801f0543c3b7c409939bdddf276557487a5c79eab9b575fcad02cab6e820,Delta_LS_70_30_StopVol,ETH,0.13999999999999999,0.0355464311303363
28d6a9b10dea8ff915d28e660381356f7f1d57ce0311dc32c868512b3b181c98,2026-08-20,signal_close_then_next_daily_open,2026-08-20,1.0334814822490734,2,LONG,2026-08-19,32438055428,e1e7801f0543c3b7c409939bdddf276557487a5c79eab9b575fcad02cab6e820,Delta_LS_70_30_StopVol,SOL,0.13999999999999999,0.025469587046814384
167dbda889474f55b262d0c0da6f989838e0a4a0eba21288ccd1b22f4a160583,2026-08-20,signal_close_then_next_daily_open,2026-08-20,0.5943581307130013,2,LONG,2026-08-19,32438055428,e1e7801f0543c3b7c409939bdddf276557487a5c79eab9b575fcad02cab6e820,Delta_LS_70_30_StopVol,BTC,0.13999999999999999,0.017746744622742557
fb0c202ce125d99a7531f7daa74c8611cd13dd927150fc2876b0286a24bddbec,2026-08-20,signal_close_then_next_daily_open,2026-08-20,-0.7634915908140832,2,SHORT,2026-08-19,32438055428,e1e7801f0543c3b7c409939bdddf276557487a5c79eab9b575fcad02cab6e820,Delta_LS_70_30_StopVol,NEAR,-0.06,0.03021562786144289
1833d92ed5ad634bc9417dbd8f4cbdd5a789091f9c38fe1bab7a5b573befbf02,2026-08-20,signal_close_then_next_daily_open,2026-08-20,-0.9899918852107272,2,SHORT,2026-08-19,32438055428,e1e7801f0543c3b7c409939bdddf276557487a5c79eab9b575fcad02cab6e820,Delta_LS_70_30_StopVol,APT,-0.06,0.026665014791414
bc1ec160e2a1eb2ded9fe6dc6c2b0ee1ed67c9623e98872d3be6c010dd5e5268,2026-08-20,signal_close_then_next_daily_open,2026-08-20,-1.1263895121803689,2,SHORT,2026-08-19,32438055428,e1e7801f0543c3b7c409939bdddf276557487a5c79eab9b575fcad02cab6e820,Delta_LS_70_30_StopVol,FIL,-0.06,0.03241397060726441
70c69036fdb763ee06bfd52220a7eb6f6a20f3dabecacd7f0a617747c3793472,2026-08-20,signal_close_then_next_daily_open,2026-08-20,2.2626845588013853,2,LONG,2026-08-19,32438055428,e1e7801f0543c3b7c409939bdddf276557487a5c79eab9b575fcad02cab6e820,Delta_LS_50_50,LINK,0.1,0.031038764823314396
bb79159772ee457145d658a6a027995197ce228539bf34fb3066bb5df8c37695,2026-08-20,signal_close_then_next_daily_open,2026-08-20,1.6243753660858635,2,LONG,2026-08-19,32438055428,e1e7801f0543c3b7c409939bdddf276557487a5c79eab9b575fcad02cab6e820,Delta_LS_50_50,ETH,0.1,0.0355464311303363
631708021c7f076ab49dcc8f255577f3902f8d8eb1f5a192151a8ddd06c804d0,2026-08-20,signal_close_then_next_daily_open,2026-08-20,1.0334814822490734,2,LONG,2026-08-19,32438055428,e1e7801f0543c3b7c409939bdddf276557487a5c79eab9b575fcad02cab6e820,Delta_LS_50_50,SOL,0.1,0.025469587046814384
dcbc950f94aade5d749fa4440fe9eb46c5555b79316e00fc36d0c67ba02f921b,2026-08-20,signal_close_then_next_daily_open,2026-08-20,0.5943581307130013,2,LONG,2026-08-19,32438055428,e1e7801f0543c3b7c409939bdddf276557487a5c79eab9b575fcad02cab6e820,Delta_LS_50_50,BTC,0.1,0.017746744622742557
4d1a8aa96fedb0b0d1a41f86a3ee0a0a002d53c8827ae00258f1d62f879cd3d9,2026-08-20,signal_close_then_next_daily_open,2026-08-20,-0.7634915908140832,2,SHORT,2026-08-19,32438055428,e1e7801f0543c3b7c409939bdddf276557487a5c79eab9b575fcad02cab6e820,Delta_LS_50_50,NEAR,-0.1,0.03021562786144289
9294fcb4101117620de3c3bb991dd296afc47a7bce2d4189dbb04697ad88efe3,2026-08-20,signal_close_then_next_daily_open,2026-08-20,-0.9899918852107272,2,SHORT,2026-08-19,32438055428,e1e7801f0543c3b7c409939bdddf276557487a5c79eab9b575fcad02cab6e820,Delta_LS_50_50,APT,-0.1,0.026665014791414
2b8ff524d45ba2e5ea53aeac2dff53775f6c55451e78db0560d6b98ced5ab460,2026-08-20,signal_close_then_next_daily_open,2026-08-20,-1.1263895121803689,2,SHORT,2026-08-19,32438055428,e1e7801f0543c3b7c409939bdddf276557487a5c79eab9b575fcad02cab6e820,Delta_LS_50_50,FIL,-0.1,0.03241397060726441
1779f57561a9b30ef52dc9b117b704fdf5afdfe5ea5bf0aee7b9b81e1023057a,2026-08-20,signal_close_then_next_daily_open,2026-08-20,2.2626845588013853,2,LONG,2026-08-19,32438055428,e1e7801f0543c3b7c409939bdddf276557487a5c79eab9b575fcad02cab6e820,Delta_LS_50_50_StopVol,LINK,0.1,0.031038764823314396
b70becf697bf32236125fecd2ce6d01242aa9dafcc74e0557cb7d8c9345d67b9,2026-08-20,signal_close_then_next_daily_open,2026-08-20,1.6243753660858635,2,LONG,2026-08-19,32438055428,e1e7801f0543c3b7c409939bdddf276557487a5c79eab9b575fcad02cab6e820,Delta_LS_50_50_StopVol,ETH,0.1,0.0355464311303363
cbbe5946aa544be8d4c4b1ee9214224ad74f87132dc8a63af858e039c143a986,2026-08-20,signal_close_then_next_daily_open,2026-08-20,1.0334814822490734,2,LONG,2026-08-19,32438055428,e1e7801f0543c3b7c409939bdddf276557487a5c79eab9b575fcad02cab6e820,Delta_LS_50_50_StopVol,SOL,0.1,0.025469587046814384
4ba392f31d8ef57249b68e27b045221f1511755f901dad322335c2074cffb477,2026-08-20,signal_close_then_next_daily_open,2026-08-20,0.5943581307130013,2,LONG,2026-08-19,32438055428,e1e7801f0543c3b7c409939bdddf276557487a5c79eab9b575fcad02cab6e820,Delta_LS_50_50_StopVol,BTC,0.1,0.017746744622742557
f4694e4fc7e45028a518bdf8df075f1bec071124cc6df4e8caff9c8d0b3b33db,2026-08-20,signal_close_then_next_daily_open,2026-08-20,-0.7634915908140832,2,SHORT,2026-08-19,32438055428,e1e7801f0543c3b7c409939bdddf276557487a5c79eab9b575fcad02cab6e820,Delta_LS_50_50_StopVol,NEAR,-0.1,0.03021562786144289
8764dde5e376c98464be8f820e0508aa47f9d946e68d90142885411cde546c99,2026-08-20,signal_close_then_next_daily_open,2026-08-20,-0.9899918852107272,2,SHORT,2026-08-19,32438055428,e1e7801f0543c3b7c409939bdddf276557487a5c79eab9b575fcad02cab6e820,Delta_LS_50_50_StopVol,APT,-0.1,0.026665014791414
677190355db26effd0ec3f4a3f1bd485c2a07841e18d383b006466ccaa3774ca,2026-08-20,signal_close_then_next_daily_open,2026-08-20,-1.1263895121803689,2,SHORT,2026-08-19,32438055428,e1e7801f0543c3b7c409939bdddf276557487a5c79eab9b575fcad02cab6e820,Delta_LS_50_50_StopVol,FIL,-0.1,0.03241397060726441
9394c109a3bb8a46d8762c43e3becd44e8b031e529b0f510d2d4c337fa5f28a6,2026-08-21,signal_close_then_next_daily_open,2026-08-21,1.802785748471046,2,LONG,2026-08-20,32544531997,5b32b2767b1dba969d43a517c6a3a718b058be637f1161bd0e00a4f02fb95114,Delta_LS_70_30,LINK,0.13999999999999999,0.03105651539819112
5e249d798cb5ece24b66285146cba019035df27c039ca40de51ad3696e5a1982,2026-08-21,signal_close_then_next_daily_open,2026-08-21,1.4984590030757408,2,LONG,2026-08-20,32544531997,5b32b2767b1dba969d43a517c6a3a718b058be637f1161bd0e00a4f02fb95114,Delta_LS_70_30,ETH,0.13999999999999999,0.035859849660206104
929fcd23936b097e0ad10658c781eff1b22f5561b6f742f24075e70ac1c89b72,2026-08-21,signal_close_then_next_daily_open,2026-08-21,0.8907080413408691,2,LONG,2026-08-20,32544531997,5b32b2767b1dba969d43a517c6a3a718b058be637f1161bd0e00a4f02fb95114,Delta_LS_70_30,SOL,0.13999999999999999,0.025808666451976797
1de137389388b9821209f9a667b08c68f5d352868e7d78edeed1659a49be10c2,2026-08-21,signal_close_then_next_daily_open,2026-08-21,0.6256228648969246,2,LONG,2026-08-20,32544531997,5b32b2767b1dba969d43a517c6a3a718b058be637f1161bd0e00a4f02fb95114,Delta_LS_70_30,BTC,0.13999999999999999,0.01981757038233058
3580bd16a71ca31bd44cefd06fcae13828250a1cedefcd8724f2031ccf4e360f,2026-08-21,signal_close_then_next_daily_open,2026-08-21,-0.613024243507718,2,SHORT,2026-08-20,32544531997,5b32b2767b1dba969d43a517c6a3a718b058be637f1161bd0e00a4f02fb95114,Delta_LS_70_30,DOT,-0.06,0.028165515885829117
a447291bae58b07988bc37d60088e5abd2b9fb90e4aa10990a3138ef7ab29d50,2026-08-21,signal_close_then_next_daily_open,2026-08-21,-0.8577773982496046,2,SHORT,2026-08-20,32544531997,5b32b2767b1dba969d43a517c6a3a718b058be637f1161bd0e00a4f02fb95114,Delta_LS_70_30,FIL,-0.06,0.03562663697612439
97c530b5673d0ef8c9b1fac7bf15ef42e9db75f98bb53463de3b75951858b22d,2026-08-21,signal_close_then_next_daily_open,2026-08-21,-0.9092540674649432,2,SHORT,2026-08-20,32544531997,5b32b2767b1dba969d43a517c6a3a718b058be637f1161bd0e00a4f02fb95114,Delta_LS_70_30,NEAR,-0.06,0.030305345927338
1337084ae7c0be6ca1a299f7abbabe9212481135b91349ea73709c42feaf800c,2026-08-21,signal_close_then_next_daily_open,2026-08-21,-1.3159338985458626,2,SHORT,2026-08-20,32544531997,5b32b2767b1dba969d43a517c6a3a718b058be637f1161bd0e00a4f02fb95114,Delta_LS_70_30,APT,-0.06,0.027029032320968628
52c22dc705d0ac776a43786d914782886332af9afc5c596d34a751a46c421a3e,2026-08-21,signal_close_then_next_daily_open,2026-08-21,1.802785748471046,2,LONG,2026-08-20,32544531997,5b32b2767b1dba969d43a517c6a3a718b058be637f1161bd0e00a4f02fb95114,Delta_LS_70_30_StopVol,LINK,0.13999999999999999,0.03105651539819112
f53ffaa87d59dced3b458dba88ba9cf2a50bf9044ca98d3795e26a2cba21b080,2026-08-21,signal_close_then_next_daily_open,2026-08-21,1.4984590030757408,2,LONG,2026-08-20,32544531997,5b32b2767b1dba969d43a517c6a3a718b058be637f1161bd0e00a4f02fb95114,Delta_LS_70_30_StopVol,ETH,0.13999999999999999,0.035859849660206104
0112c3f76add7a0a2f470620f709a39c631ea055fdf72a00a9e8d8b4ab98dcee,2026-08-21,signal_close_then_next_daily_open,2026-08-21,0.8907080413408691,2,LONG,2026-08-20,32544531997,5b32b2767b1dba969d43a517c6a3a718b058be637f1161bd0e00a4f02fb95114,Delta_LS_70_30_StopVol,SOL,0.13999999999999999,0.025808666451976797
8ba4b8973bc7675d02d5616ae23a7a0624af4dbad0e0155ee2aa6336d88044e6,2026-08-21,signal_close_then_next_daily_open,2026-08-21,0.6256228648969246,2,LONG,2026-08-20,32544531997,5b32b2767b1dba969d43a517c6a3a718b058be637f1161bd0e00a4f02fb95114,Delta_LS_70_30_StopVol,BTC,0.13999999999999999,0.01981757038233058
3f9e943625e7da044ca898c31303cedcbb777f81e5bc3043a3965741a8c5f008,2026-08-21,signal_close_then_next_daily_open,2026-08-21,-0.613024243507718,2,SHORT,2026-08-20,32544531997,5b32b2767b1dba969d43a517c6a3a718b058be637f1161bd0e00a4f02fb95114,Delta_LS_70_30_StopVol,DOT,-0.06,0.028165515885829117
812552b3c0cd942a7b1c78596d50b38565d28e18b11b16090f65a52f6d600451,2026-08-21,signal_close_then_next_daily_open,2026-08-21,-0.8577773982496046,2,SHORT,2026-08-20,32544531997,5b32b2767b1dba969d43a517c6a3a718b058be637f1161bd0e00a4f02fb95114,Delta_LS_70_30_StopVol,FIL,-0.06,0.03562663697612439
37a8ee141bdd1649be7d82a290f991fb8dfa8fd8533f82004239044b4efd4aea,2026-08-21,signal_close_then_next_daily_open,2026-08-21,-0.9092540674649432,2,SHORT,2026-08-20,32544531997,5b32b2767b1dba969d43a517c6a3a718b058be637f1161bd0e00a4f02fb95114,Delta_LS_70_30_StopVol,NEAR,-0.06,0.030305345927338
fcf5bc431251b3b31d5a7b8286985f9d7be1c282a491878c51da9d8631fab414,2026-08-21,signal_close_then_next_daily_open,2026-08-21,-1.3159338985458626,2,SHORT,2026-08-20,32544531997,5b32b2767b1dba969d43a517c6a3a718b058be637f1161bd0e00a4f02fb95114,Delta_LS_70_30_StopVol,APT,-0.06,0.027029032320968628
3e3d44879725529efc619e5caffc6c160157966a9d03a0c14e7f678602625b2d,2026-08-21,signal_close_then_next_daily_open,2026-08-21,1.802785748471046,2,LONG,2026-08-20,32544531997,5b32b2767b1dba969d43a517c6a3a718b058be637f1161bd0e00a4f02fb95114,Delta_LS_50_50,LINK,0.1,0.03105651539819112
41d7bf01aae0b2f059f1b19fa2e383672b48dfa54299cc916fb7bff1fb019897,2026-08-21,signal_close_then_next_daily_open,2026-08-21,1.4984590030757408,2,LONG,2026-08-20,32544531997,5b32b2767b1dba969d43a517c6a3a718b058be637f1161bd0e00a4f02fb95114,Delta_LS_50_50,ETH,0.1,0.035859849660206104
c5cde39e50b1c335120c5da2b08a3a5a0bceaf2a63c63d556d98d5fe11b5e3fb,2026-08-21,signal_close_then_next_daily_open,2026-08-21,0.8907080413408691,2,LONG,2026-08-20,32544531997,5b32b2767b1dba969d43a517c6a3a718b058be637f1161bd0e00a4f02fb95114,Delta_LS_50_50,SOL,0.1,0.025808666451976797
afea6d0d52bc9509e4ae9a94799750d34c64825d950a04169b5d24f973586f7f,2026-08-21,signal_close_then_next_daily_open,2026-08-21,0.6256228648969246,2,LONG,2026-08-20,32544531997,5b32b2767b1dba969d43a517c6a3a718b058be637f1161bd0e00a4f02fb95114,Delta_LS_50_50,BTC,0.1,0.01981757038233058
b8a204cb399939605624c7e58d17b98d3e50e16c841d978bfdde6c8cae2ad378,2026-08-21,signal_close_then_next_daily_open,2026-08-21,-0.613024243507718,2,SHORT,2026-08-20,32544531997,5b32b2767b1dba969d43a517c6a3a718b058be637f1161bd0e00a4f02fb95114,Delta_LS_50_50,DOT,-0.1,0.028165515885829117
0aa6bac5f05c2c029424a3a45b7fe8a0a749b6550bae9db04152513eb7d87f95,2026-08-21,signal_close_then_next_daily_open,2026-08-21,-0.8577773982496046,2,SHORT,2026-08-20,32544531997,5b32b2767b1dba969d43a517c6a3a718b058be637f1161bd0e00a4f02fb95114,Delta_LS_50_50,FIL,-0.1,0.03562663697612439
b9aebd39eb330e253467c39663fb5927eaa0e234ef39e22f929adb4e28d7e1f9,2026-08-21,signal_close_then_next_daily_open,2026-08-21,-0.9092540674649432,2,SHORT,2026-08-20,32544531997,5b32b2767b1dba969d43a517c6a3a718b058be637f1161bd0e00a4f02fb95114,Delta_LS_50_50,NEAR,-0.1,0.030305345927338
146b7fa0f6c063598580c660c765bbf4d8fe133025353f461265f6eeeca4044c,2026-08-21,signal_close_then_next_daily_open,2026-08-21,-1.3159338985458626,2,SHORT,2026-08-20,32544531997,5b32b2767b1dba969d43a517c6a3a718b058be637f1161bd0e00a4f02fb95114,Delta_LS_50_50,APT,-0.1,0.027029032320968628
c681e08dedf927084504a7623562d775b60ef186cb006dcedcb191cec9c92607,2026-08-21,signal_close_then_next_daily_open,2026-08-21,1.802785748471046,2,LONG,2026-08-20,32544531997,5b32b2767b1dba969d43a517c6a3a718b058be637f1161bd0e00a4f02fb95114,Delta_LS_50_50_StopVol,LINK,0.1,0.03105651539819112
cdf72ed4aa71a38229e83255a5c04f5ddcd7d7e49213982be5c91d8917b63f00,2026-08-21,signal_close_then_next_daily_open,2026-08-21,1.4984590030757408,2,LONG,2026-08-20,32544531997,5b32b2767b1dba969d43a517c6a3a718b058be637f1161bd0e00a4f02fb95114,Delta_LS_50_50_StopVol,ETH,0.1,0.035859849660206104
8bac900cd8305151682c89e335ba8fea283ff75686f878cbe72c67361826c44c,2026-08-21,signal_close_then_next_daily_open,2026-08-21,0.8907080413408691,2,LONG,2026-08-20,32544531997,5b32b2767b1dba969d43a517c6a3a718b058be637f1161bd0e00a4f02fb95114,Delta_LS_50_50_StopVol,SOL,0.1,0.025808666451976797
e216ae13f9444bf5480279f7e98bb7f5f3e3ca167d9f2156478097fd2a076a14,2026-08-21,signal_close_then_next_daily_open,2026-08-21,0.6256228648969246,2,LONG,2026-08-20,32544531997,5b32b2767b1dba969d43a517c6a3a718b058be637f1161bd0e00a4f02fb95114,Delta_LS_50_50_StopVol,BTC,0.1,0.01981757038233058
1cee978bc57c2b3dcab591bd06169021e3c87420032ca7ce581af75ff8a284be,2026-08-21,signal_close_then_next_daily_open,2026-08-21,-0.613024243507718,2,SHORT,2026-08-20,32544531997,5b32b2767b1dba969d43a517c6a3a718b058be637f1161bd0e00a4f02fb95114,Delta_LS_50_50_StopVol,DOT,-0.1,0.028165515885829117
3a2a71f54f69530fc5e6f084ee0083e120f6ca625732508d954d6753d3452e13,2026-08-21,signal_close_then_next_daily_open,2026-08-21,-0.8577773982496046,2,SHORT,2026-08-20,32544531997,5b32b2767b1dba969d43a517c6a3a718b058be637f1161bd0e00a4f02fb95114,Delta_LS_50_50_StopVol,FIL,-0.1,0.03562663697612439
d952974a751dfd024b4f89db1619a3600241403ecd5a6dfaa9afb25b6a718c9d,2026-08-21,signal_close_then_next_daily_open,2026-08-21,-0.9092540674649432,2,SHORT,2026-08-20,32544531997,5b32b2767b1dba969d43a517c6a3a718b058be637f1161bd0e00a4f02fb95114,Delta_LS_50_50_StopVol,NEAR,-0.1,0.030305345927338
4f659c7cf79d27de5adfe473c5c7af0bafc940afec11534290632e9ab35f62cb,2026-08-21,signal_close_then_next_daily_open,2026-08-21,-1.3159338985458626,2,SHORT,2026-08-20,32544531997,5b32b2767b1dba969d43a517c6a3a718b058be637f1161bd0e00a4f02fb95114,Delta_LS_50_50_StopVol,APT,-0.1,0.027029032320968628
b4cb5ae3502ec9e8f5900f3c7ffe331cdcf223a20af45ec80a1c6a2d5f191b4e,2026-08-22,signal_close_then_next_daily_open,2026-08-22,1.5992541748794775,2,LONG,2026-08-21,32611665323,db6f5d899f65af331862ea8df713da8c9d101e943ea9f4c3f5bc9ca8a9bda2a9,Delta_LS_70_30,LINK,0.13999999999999999,0.037344971506723085
a71b8b96ab19e2dbbdfdd829f19310a19de5efe35cf02c5aafb713685210210b,2026-08-22,signal_close_then_next_daily_open,2026-08-22,1.2755972717356097,2,LONG,2026-08-21,32611665323,db6f5d899f65af331862ea8df713da8c9d101e943ea9f4c3f5bc9ca8a9bda2a9,Delta_LS_70_30,XRP,0.13999999999999999,0.044791800682590165
cf0d2762bedb996041812d0f4b54287f52928e30b2898482a50e66d06d352a73,2026-08-22,signal_close_then_next_daily_open,2026-08-22,0.8847264500032934,2,LONG,2026-08-21,32611665323,db6f5d899f65af331862ea8df713da8c9d101e943ea9f4c3f5bc9ca8a9bda2a9,Delta_LS_70_30,ETH,0.13999999999999999,0.03834807649213946
c5c6aac7425a889cb0a401cc586fe3198cda7c6e2b25cca95db43fdfaf843cb1,2026-08-22,signal_close_then_next_daily_open,2026-08-22,-0.6432075202724046,2,SHORT,2026-08-21,32611665323,db6f5d899f65af331862ea8df713da8c9d101e943ea9f4c3f5bc9ca8a9bda2a9,Delta_LS_70_30,DOT,-0.06,0.03420217115262625
22c8b01ff219753cc06b17f074e0c47920143c31b4f8c4ae76f13b534185297b,2026-08-22,signal_close_then_next_daily_open,2026-08-22,-0.6555540947058246,2,SHORT,2026-08-21,32611665323,db6f5d899f65af331862ea8df713da8c9d101e943ea9f4c3f5bc9ca8a9bda2a9,Delta_LS_70_30,NEAR,-0.06,0.036282078168439376
ba6699ce11881542976217c7b4ae04acfd2eddfcc10c03d013e000765dd80ee9,2026-08-22,signal_close_then_next_daily_open,2026-08-22,-0.8495609649385698,2,SHORT,2026-08-21,32611665323,db6f5d899f65af331862ea8df713da8c9d101e943ea9f4c3f5bc9ca8a9bda2a9,Delta_LS_70_30,FIL,-0.06,0.04015414621897823
ae0cbfa645926778a8f471ac7a11a10aafde69eaa962b86b361b98d2bf369c28,2026-08-22,signal_close_then_next_daily_open,2026-08-22,-1.1324902804233676,2,SHORT,2026-08-21,32611665323,db6f5d899f65af331862ea8df713da8c9d101e943ea9f4c3f5bc9ca8a9bda2a9,Delta_LS_70_30,APT,-0.06,0.03553234312638365
4a59e9a18cfe0dfda62942c44fcda75241ac1f1f26c6d57c4459eb8b0e90b9a7,2026-08-22,signal_close_then_next_daily_open,2026-08-22,1.5992541748794775,2,LONG,2026-08-21,32611665323,db6f5d899f65af331862ea8df713da8c9d101e943ea9f4c3f5bc9ca8a9bda2a9,Delta_LS_70_30_StopVol,LINK,0.13999999999999999,0.037344971506723085
2ca41c156b29434975d6e5047d807cf0ec443d6de1245c2903a3f02dc8771126,2026-08-22,signal_close_then_next_daily_open,2026-08-22,1.2755972717356097,2,LONG,2026-08-21,32611665323,db6f5d899f65af331862ea8df713da8c9d101e943ea9f4c3f5bc9ca8a9bda2a9,Delta_LS_70_30_StopVol,XRP,0.12502288174756562,0.044791800682590165
7674437655050490eeaa0e85891571668c1b61e62ee5b88ea2a44c086d38c7b1,2026-08-22,signal_close_then_next_daily_open,2026-08-22,0.8847264500032934,2,LONG,2026-08-21,32611665323,db6f5d899f65af331862ea8df713da8c9d101e943ea9f4c3f5bc9ca8a9bda2a9,Delta_LS_70_30_StopVol,ETH,0.13999999999999999,0.03834807649213946
50371f3040d5cbbac83c0fef65c9c8fa38e92a6a1d8a93218e021150bb2a000f,2026-08-22,signal_close_then_next_daily_open,2026-08-22,-0.6432075202724046,2,SHORT,2026-08-21,32611665323,db6f5d899f65af331862ea8df713da8c9d101e943ea9f4c3f5bc9ca8a9bda2a9,Delta_LS_70_30_StopVol,DOT,-0.06,0.03420217115262625
6c71185ebbade0ae92f7d1774e15c97bbaecc219603d38879f7ad929e8018cbb,2026-08-22,signal_close_then_next_daily_open,2026-08-22,-0.6555540947058246,2,SHORT,2026-08-21,32611665323,db6f5d899f65af331862ea8df713da8c9d101e943ea9f4c3f5bc9ca8a9bda2a9,Delta_LS_70_30_StopVol,NEAR,-0.06,0.036282078168439376
5f4ff6fb5c80a387d3ba65a86380d4c0d336795f842eb654f7dc280683e9e695,2026-08-22,signal_close_then_next_daily_open,2026-08-22,-0.8495609649385698,2,SHORT,2026-08-21,32611665323,db6f5d899f65af331862ea8df713da8c9d101e943ea9f4c3f5bc9ca8a9bda2a9,Delta_LS_70_30_StopVol,FIL,-0.059769668290585574,0.04015414621897823
ec71197d800e919a769a1e8cd4e0705908b65d84f9c280a99789bf2964f28816,2026-08-22,signal_close_then_next_daily_open,2026-08-22,-1.1324902804233676,2,SHORT,2026-08-21,32611665323,db6f5d899f65af331862ea8df713da8c9d101e943ea9f4c3f5bc9ca8a9bda2a9,Delta_LS_70_30_StopVol,APT,-0.06,0.03553234312638365
b713795cb4b0083df8db0f6dbd39bc1352f7a6f36479d6317fa28e7fb58024bf,2026-08-22,signal_close_then_next_daily_open,2026-08-22,1.5992541748794775,2,LONG,2026-08-21,32611665323,db6f5d899f65af331862ea8df713da8c9d101e943ea9f4c3f5bc9ca8a9bda2a9,Delta_LS_50_50,LINK,0.1,0.037344971506723085
ed6b098c82ed3fc63db175c148e5c54b9ba20b452a8ec05e33a4e6ef42b4f1c3,2026-08-22,signal_close_then_next_daily_open,2026-08-22,1.2755972717356097,2,LONG,2026-08-21,32611665323,db6f5d899f65af331862ea8df713da8c9d101e943ea9f4c3f5bc9ca8a9bda2a9,Delta_LS_50_50,XRP,0.1,0.044791800682590165
9c9438743407c4f4c180749d7500e0d7ccf1589977f0f86bfc9b5552b96ba1c5,2026-08-22,signal_close_then_next_daily_open,2026-08-22,0.8847264500032934,2,LONG,2026-08-21,32611665323,db6f5d899f65af331862ea8df713da8c9d101e943ea9f4c3f5bc9ca8a9bda2a9,Delta_LS_50_50,ETH,0.1,0.03834807649213946
b898d6db7d9445b565120172759fdc1024de3215bff9c2ef23e1dd9a76a7c250,2026-08-22,signal_close_then_next_daily_open,2026-08-22,-0.6432075202724046,2,SHORT,2026-08-21,32611665323,db6f5d899f65af331862ea8df713da8c9d101e943ea9f4c3f5bc9ca8a9bda2a9,Delta_LS_50_50,DOT,-0.1,0.03420217115262625
13c57f330fe45db00250bf552eced90df8fa42403db4fdd8336a1229e3977710,2026-08-22,signal_close_then_next_daily_open,2026-08-22,-0.6555540947058246,2,SHORT,2026-08-21,32611665323,db6f5d899f65af331862ea8df713da8c9d101e943ea9f4c3f5bc9ca8a9bda2a9,Delta_LS_50_50,NEAR,-0.1,0.036282078168439376
16a5cf68b68b24bdf0b29cf616542590c3da7e0e2b9f0a45e255c71986b7d195,2026-08-22,signal_close_then_next_daily_open,2026-08-22,-0.8495609649385698,2,SHORT,2026-08-21,32611665323,db6f5d899f65af331862ea8df713da8c9d101e943ea9f4c3f5bc9ca8a9bda2a9,Delta_LS_50_50,FIL,-0.1,0.04015414621897823
668a5ae99c24b3ff3898fffebf059b34bc1fb9d2a37c73256d36e3e78c684629,2026-08-22,signal_close_then_next_daily_open,2026-08-22,-1.1324902804233676,2,SHORT,2026-08-21,32611665323,db6f5d899f65af331862ea8df713da8c9d101e943ea9f4c3f5bc9ca8a9bda2a9,Delta_LS_50_50,APT,-0.1,0.03553234312638365
4a20cc21368303ad2b0b8e25075a75bb6fab63ba3f0a5166f6e115ea1e998b2d,2026-08-22,signal_close_then_next_daily_open,2026-08-22,1.5992541748794775,2,LONG,2026-08-21,32611665323,db6f5d899f65af331862ea8df713da8c9d101e943ea9f4c3f5bc9ca8a9bda2a9,Delta_LS_50_50_StopVol,LINK,0.1,0.037344971506723085
dbfea17a1c0d7d32cf0ea55dd87509392be1b6c3d688b4a00602baa943390efa,2026-08-22,signal_close_then_next_daily_open,2026-08-22,1.2755972717356097,2,LONG,2026-08-21,32611665323,db6f5d899f65af331862ea8df713da8c9d101e943ea9f4c3f5bc9ca8a9bda2a9,Delta_LS_50_50_StopVol,XRP,0.08930205839111832,0.044791800682590165
c965bec5b46d85ba4cea04d069c37554403645cfb11fd5e972bf4d6b4c3a6e63,2026-08-22,signal_close_then_next_daily_open,2026-08-22,0.8847264500032934,2,LONG,2026-08-21,32611665323,db6f5d899f65af331862ea8df713da8c9d101e943ea9f4c3f5bc9ca8a9bda2a9,Delta_LS_50_50_StopVol,ETH,0.1,0.03834807649213946
14cddd970f94b89cd044ea4245384e9db55b2853fd588e6250c37f136e668c5f,2026-08-22,signal_close_then_next_daily_open,2026-08-22,-0.6432075202724046,2,SHORT,2026-08-21,32611665323,db6f5d899f65af331862ea8df713da8c9d101e943ea9f4c3f5bc9ca8a9bda2a9,Delta_LS_50_50_StopVol,DOT,-0.1,0.03420217115262625
32d114131bc73e760eecbe69b7e6bc3c009d8890143286c6a3da6a30ac97edfe,2026-08-22,signal_close_then_next_daily_open,2026-08-22,-0.6555540947058246,2,SHORT,2026-08-21,32611665323,db6f5d899f65af331862ea8df713da8c9d101e943ea9f4c3f5bc9ca8a9bda2a9,Delta_LS_50_50_StopVol,NEAR,-0.1,0.036282078168439376
6fad648c53101ab6f4be66fafd1acac6acb34c92c68c88c39b743bf05f69077f,2026-08-22,signal_close_then_next_daily_open,2026-08-22,-0.8495609649385698,2,SHORT,2026-08-21,32611665323,db6f5d899f65af331862ea8df713da8c9d101e943ea9f4c3f5bc9ca8a9bda2a9,Delta_LS_50_50_StopVol,FIL,-0.09961611381764263,0.04015414621897823
ce71df1f68c7467ce24e0f2fd022c64a0f61b62c2e93a6da7506f1075698f834,2026-08-22,signal_close_then_next_daily_open,2026-08-22,-1.1324902804233676,2,SHORT,2026-08-21,32611665323,db6f5d899f65af331862ea8df713da8c9d101e943ea9f4c3f5bc9ca8a9bda2a9,Delta_LS_50_50_StopVol,APT,-0.1,0.03553234312638365
c90a4f229946a9ec6075a2e9b9c8c1f9279afb4c2d8860051cb7ff6b577f72b5,2026-08-23,signal_close_then_next_daily_open,2026-08-23,1.4026237893572633,2,LONG,2026-08-22,32681408963,2340ce5d77049c6d4030ae46c4b7cd7841e4a8a7680e4b0716215f437bbc3913,Delta_LS_70_30,XRP,0.13999999999999999,0.04419792554992623
7332e80c79c60cdb57fde2c56ee7d436b0800c412c0ad7c4a07b0a0998864ae3,2026-08-23,signal_close_then_next_daily_open,2026-08-23,1.2386008683873295,2,LONG,2026-08-22,32681408963,2340ce5d77049c6d4030ae46c4b7cd7841e4a8a7680e4b0716215f437bbc3913,Delta_LS_70_30,AAVE,0.13999999999999999,0.055109779006122336
bc90efbaadea341b3cea2fc0ac0aa0a3ca64619f9b2555552b9597d6e29b6e96,2026-08-23,signal_close_then_next_daily_open,2026-08-23,1.14278758162415,2,LONG,2026-08-22,32681408963,2340ce5d77049c6d4030ae46c4b7cd7841e4a8a7680e4b0716215f437bbc3913,Delta_LS_70_30,LINK,0.13999999999999999,0.03766341212139951
4c0802bebfc206de45319fc8c0c4321e4527d3072ded5081729b17b9e40ca228,2026-08-23,signal_close_then_next_daily_open,2026-08-23,0.6404289855292018,2,LONG,2026-08-22,32681408963,2340ce5d77049c6d4030ae46c4b7cd7841e4a8a7680e4b0716215f437bbc3913,Delta_LS_70_30,ETH,0.13999999999999999,0.038669813706381416
ec94c9fbf386cb8ca740241c39c0a822f11afe9c1cbb70fb85393c80d68d6650,2026-08-23,signal_close_then_next_daily_open,2026-08-23,-0.5564855042318301,2,SHORT,2026-08-22,32681408963,2340ce5d77049c6d4030ae46c4b7cd7841e4a8a7680e4b0716215f437bbc3913,Delta_LS_70_30,DOT,-0.06,0.0341054289972109
2700215af862ba5537376417c9ae67fbfdb98f269c597ed11df8c839257f15f0,2026-08-23,signal_close_then_next_daily_open,2026-08-23,-0.9425601631207459,2,SHORT,2026-08-22,32681408963,2340ce5d77049c6d4030ae46c4b7cd7841e4a8a7680e4b0716215f437bbc3913,Delta_LS_70_30,NEAR,-0.06,0.03726661465093138
43d9882654935bac4bba2aac676595836de2b857c0064905fff41e5cad2228e2,2026-08-23,signal_close_then_next_daily_open,2026-08-23,-1.1663876676441223,2,SHORT,2026-08-22,32681408963,2340ce5d77049c6d4030ae46c4b7cd7841e4a8a7680e4b0716215f437bbc3913,Delta_LS_70_30,TRX,-0.06,0.007276861001237674
d4406c4f705eccae3a85ee719e49ff95a8303ed693e7359fa40670703029e8c6,2026-08-23,signal_close_then_next_daily_open,2026-08-23,-1.2001495301918186,2,SHORT,2026-08-22,32681408963,2340ce5d77049c6d4030ae46c4b7cd7841e4a8a7680e4b0716215f437bbc3913,Delta_LS_70_30,FIL,-0.06,0.040819209536762484
14edfb24cf3b554a521ec8d1c58c51464525b8c8696600f3fc90415d1ba2348d,2026-08-23,signal_close_then_next_daily_open,2026-08-23,-1.2471437362723103,2,SHORT,2026-08-22,32681408963,2340ce5d77049c6d4030ae46c4b7cd7841e4a8a7680e4b0716215f437bbc3913,Delta_LS_70_30,APT,-0.06,0.03584055020466636
43ce563d77aaf25d82e5ac46ab028a3ee44ec6c7efb372450c8634b3303cc825,2026-08-23,signal_close_then_next_daily_open,2026-08-23,1.4026237893572633,2,LONG,2026-08-22,32681408963,2340ce5d77049c6d4030ae46c4b7cd7841e4a8a7680e4b0716215f437bbc3913,Delta_LS_70_30_StopVol,XRP,0.12670277915361,0.04419792554992623
0d7a195aad3ef87e9c7ae066536e2bd20e7148ce6691e2c337e20399d4f42556,2026-08-23,signal_close_then_next_daily_open,2026-08-23,1.2386008683873295,2,LONG,2026-08-22,32681408963,2340ce5d77049c6d4030ae46c4b7cd7841e4a8a7680e4b0716215f437bbc3913,Delta_LS_70_30_StopVol,AAVE,0.10161535939706592,0.055109779006122336
20279622782dc161d4c7cb1963bd646a74161c43a94614342d4258ee3ae01cdf,2026-08-23,signal_close_then_next_daily_open,2026-08-23,1.14278758162415,2,LONG,2026-08-22,32681408963,2340ce5d77049c6d4030ae46c4b7cd7841e4a8a7680e4b0716215f437bbc3913,Delta_LS_70_30_StopVol,LINK,0.13999999999999999,0.03766341212139951
63c3c41b783cc87ce1c024959f578078120c97a08b7968af5734151632213da3,2026-08-23,signal_close_then_next_daily_open,2026-08-23,0.6404289855292018,2,LONG,2026-08-22,32681408963,2340ce5d77049c6d4030ae46c4b7cd7841e4a8a7680e4b0716215f437bbc3913,Delta_LS_70_30_StopVol,ETH,0.13999999999999999,0.038669813706381416
fbb1b1985c866bcd76a72692f55ca7b0385cf209670986700d0471d023ff1bd7,2026-08-23,signal_close_then_next_daily_open,2026-08-23,-0.5564855042318301,2,SHORT,2026-08-22,32681408963,2340ce5d77049c6d4030ae46c4b7cd7841e4a8a7680e4b0716215f437bbc3913,Delta_LS_70_30_StopVol,DOT,-0.06,0.0341054289972109
e172576da269ea4b3b85d39bb177df06076432afef289b74e192d17d0b641d1d,2026-08-23,signal_close_then_next_daily_open,2026-08-23,-0.9425601631207459,2,SHORT,2026-08-22,32681408963,2340ce5d77049c6d4030ae46c4b7cd7841e4a8a7680e4b0716215f437bbc3913,Delta_LS_70_30_StopVol,NEAR,-0.06,0.03726661465093138
009d589c790c21610b726335187755957521bda8a00d152b6a972994fe2c25c5,2026-08-23,signal_close_then_next_daily_open,2026-08-23,-1.1663876676441223,2,SHORT,2026-08-22,32681408963,2340ce5d77049c6d4030ae46c4b7cd7841e4a8a7680e4b0716215f437bbc3913,Delta_LS_70_30_StopVol,TRX,-0.06,0.007276861001237674
2ac5a0d0fcc3d31a55bd30aa6728f8031fcdce1d4668e9928d5f6e91694c7de7,2026-08-23,signal_close_then_next_daily_open,2026-08-23,-1.2001495301918186,2,SHORT,2026-08-22,32681408963,2340ce5d77049c6d4030ae46c4b7cd7841e4a8a7680e4b0716215f437bbc3913,Delta_LS_70_30_StopVol,FIL,-0.05879584703467907,0.040819209536762484
9245bc864148112b1b7cfdcfdc63984df8713b9068e726ebf16acd067a034861,2026-08-23,signal_close_then_next_daily_open,2026-08-23,-1.2471437362723103,2,SHORT,2026-08-22,32681408963,2340ce5d77049c6d4030ae46c4b7cd7841e4a8a7680e4b0716215f437bbc3913,Delta_LS_70_30_StopVol,APT,-0.06,0.03584055020466636
20d1a8b7e6616a698b8afbe3ba2475c1b8cf2289057e37b1b40224b18f29552c,2026-08-23,signal_close_then_next_daily_open,2026-08-23,1.4026237893572633,2,LONG,2026-08-22,32681408963,2340ce5d77049c6d4030ae46c4b7cd7841e4a8a7680e4b0716215f437bbc3913,Delta_LS_50_50,XRP,0.1,0.04419792554992623
777151284c861d946728184eec428c88101b0d2db51a5e72b4b005259432e626,2026-08-23,signal_close_then_next_daily_open,2026-08-23,1.2386008683873295,2,LONG,2026-08-22,32681408963,2340ce5d77049c6d4030ae46c4b7cd7841e4a8a7680e4b0716215f437bbc3913,Delta_LS_50_50,AAVE,0.1,0.055109779006122336
ff0d292011c98249dc4bac5846df2a5007bc5ec15e91fafa55a637359601c9fa,2026-08-23,signal_close_then_next_daily_open,2026-08-23,1.14278758162415,2,LONG,2026-08-22,32681408963,2340ce5d77049c6d4030ae46c4b7cd7841e4a8a7680e4b0716215f437bbc3913,Delta_LS_50_50,LINK,0.1,0.03766341212139951
c1d5b388938cf6d8dabe93e89828027a834330ec09a9cccec1bb0fdf002af82f,2026-08-23,signal_close_then_next_daily_open,2026-08-23,0.6404289855292018,2,LONG,2026-08-22,32681408963,2340ce5d77049c6d4030ae46c4b7cd7841e4a8a7680e4b0716215f437bbc3913,Delta_LS_50_50,ETH,0.1,0.038669813706381416
a0d4363c8ce7c33207dff93e01a9b8449a45792c3289de80e2cdf1fbe111852f,2026-08-23,signal_close_then_next_daily_open,2026-08-23,-0.5564855042318301,2,SHORT,2026-08-22,32681408963,2340ce5d77049c6d4030ae46c4b7cd7841e4a8a7680e4b0716215f437bbc3913,Delta_LS_50_50,DOT,-0.1,0.0341054289972109
9eccd248f12a3674780f652021beb21b3f66cc7017e59a439952257c2c7e9b34,2026-08-23,signal_close_then_next_daily_open,2026-08-23,-0.9425601631207459,2,SHORT,2026-08-22,32681408963,2340ce5d77049c6d4030ae46c4b7cd7841e4a8a7680e4b0716215f437bbc3913,Delta_LS_50_50,NEAR,-0.1,0.03726661465093138
0b026c9871d883278f0af742bace8b8e1613b5ec8bcae7d8d3d8351e149b9630,2026-08-23,signal_close_then_next_daily_open,2026-08-23,-1.1663876676441223,2,SHORT,2026-08-22,32681408963,2340ce5d77049c6d4030ae46c4b7cd7841e4a8a7680e4b0716215f437bbc3913,Delta_LS_50_50,TRX,-0.1,0.007276861001237674
f6425e98e610782b8ba37a0cae6aff2cacd92ebd6e28357283e09c407d02ee74,2026-08-23,signal_close_then_next_daily_open,2026-08-23,-1.2001495301918186,2,SHORT,2026-08-22,32681408963,2340ce5d77049c6d4030ae46c4b7cd7841e4a8a7680e4b0716215f437bbc3913,Delta_LS_50_50,FIL,-0.1,0.040819209536762484
605f700936a36f418c108c20f702874d2d9de2009741cab4706c0fc903ad1f49,2026-08-23,signal_close_then_next_daily_open,2026-08-23,-1.2471437362723103,2,SHORT,2026-08-22,32681408963,2340ce5d77049c6d4030ae46c4b7cd7841e4a8a7680e4b0716215f437bbc3913,Delta_LS_50_50,APT,-0.1,0.03584055020466636
180760e855c4013861b7ce0f3d2ea35921033751d9f693c47e89a6bf8441c0e3,2026-08-23,signal_close_then_next_daily_open,2026-08-23,1.4026237893572633,2,LONG,2026-08-22,32681408963,2340ce5d77049c6d4030ae46c4b7cd7841e4a8a7680e4b0716215f437bbc3913,Delta_LS_50_50_StopVol,XRP,0.09050198510972145,0.04419792554992623
43efbb05fc5c848483175ebc29db40f0bd8470ebe06d49df92196904e0c2b0d9,2026-08-23,signal_close_then_next_daily_open,2026-08-23,1.2386008683873295,2,LONG,2026-08-22,32681408963,2340ce5d77049c6d4030ae46c4b7cd7841e4a8a7680e4b0716215f437bbc3913,Delta_LS_50_50_StopVol,AAVE,0.07258239956933281,0.055109779006122336
7d92b6cc3aa6f36cd137c32cdcd0948d1918e7346335566a3dfe2a773338d609,2026-08-23,signal_close_then_next_daily_open,2026-08-23,1.14278758162415,2,LONG,2026-08-22,32681408963,2340ce5d77049c6d4030ae46c4b7cd7841e4a8a7680e4b0716215f437bbc3913,Delta_LS_50_50_StopVol,LINK,0.1,0.03766341212139951
1b3556de502ea6afdcec69d6e2544f1fa4082cf64b2c00725df17296e17b147f,2026-08-23,signal_close_then_next_daily_open,2026-08-23,0.6404289855292018,2,LONG,2026-08-22,32681408963,2340ce5d77049c6d4030ae46c4b7cd7841e4a8a7680e4b0716215f437bbc3913,Delta_LS_50_50_StopVol,ETH,0.1,0.038669813706381416
d8c89254b8de5a88cce58b50fec24aeb170cf914d3ff6aff9d78dc66104fa6fc,2026-08-23,signal_close_then_next_daily_open,2026-08-23,-0.5564855042318301,2,SHORT,2026-08-22,32681408963,2340ce5d77049c6d4030ae46c4b7cd7841e4a8a7680e4b0716215f437bbc3913,Delta_LS_50_50_StopVol,DOT,-0.1,0.0341054289972109
1881eac8013395776af62925bbed177da96856ab3b1c7fa909b4919748ad9ac6,2026-08-23,signal_close_then_next_daily_open,2026-08-23,-0.9425601631207459,2,SHORT,2026-08-22,32681408963,2340ce5d77049c6d4030ae46c4b7cd7841e4a8a7680e4b0716215f437bbc3913,Delta_LS_50_50_StopVol,NEAR,-0.1,0.03726661465093138
ef29580c917420fad3c9565c43e94d003456378a8c143a89ca737e4208958813,2026-08-23,signal_close_then_next_daily_open,2026-08-23,-1.1663876676441223,2,SHORT,2026-08-22,32681408963,2340ce5d77049c6d4030ae46c4b7cd7841e4a8a7680e4b0716215f437bbc3913,Delta_LS_50_50_StopVol,TRX,-0.1,0.007276861001237674
f5a4fa4fbc02f39854861bc76713c13bf3a47c50aff51d6285cf63e4adc2f564,2026-08-23,signal_close_then_next_daily_open,2026-08-23,-1.2001495301918186,2,SHORT,2026-08-22,32681408963,2340ce5d77049c6d4030ae46c4b7cd7841e4a8a7680e4b0716215f437bbc3913,Delta_LS_50_50_StopVol,FIL,-0.09799307839113179,0.040819209536762484
f91280177028a6851f00a84525dadd79fa8ad561b0d37d156d056b639d8f69a6,2026-08-23,signal_close_then_next_daily_open,2026-08-23,-1.2471437362723103,2,SHORT,2026-08-22,32681408963,2340ce5d77049c6d4030ae46c4b7cd7841e4a8a7680e4b0716215f437bbc3913,Delta_LS_50_50_StopVol,APT,-0.1,0.03584055020466636
f264d57b925422bbe4db756af6d9c970f884d436fce48df76203e4d13b331948,2026-08-24,signal_close_then_next_daily_open,2026-08-24,2.022615221135982,2,LONG,2026-08-23,32799146246,38f0b2ad779eba7cf78d9f432ba35ead1f8c86d28c461a52e50d2713866edc13,Delta_LS_70_30,AAVE,0.13999999999999999,0.05819913155196525
2f844df6b773eb6adb5a9ea37c849c7f7329b9fd3fec62fb6fdef652e8b94b71,2026-08-24,signal_close_then_next_daily_open,2026-08-24,1.4209704538727983,2,LONG,2026-08-23,32799146246,38f0b2ad779eba7cf78d9f432ba35ead1f8c86d28c461a52e50d2713866edc13,Delta_LS_70_30,XRP,0.13999999999999999,0.044268264038707
ed24b93b5200afea318f37b7367502ee1e7026b6dfd28fdba4fe6e5aa44ca5be,2026-08-24,signal_close_then_next_daily_open,2026-08-24,0.7613344154433931,2,LONG,2026-08-23,32799146246,38f0b2ad779eba7cf78d9f432ba35ead1f8c86d28c461a52e50d2713866edc13,Delta_LS_70_30,LINK,0.13999999999999999,0.03753698626855074
5f41dce7720b1987eb5f7011e0deefb84424a904665a2e13faf0fd397cb8eb00,2026-08-24,signal_close_then_next_daily_open,2026-08-24,0.7181914499915367,2,LONG,2026-08-23,32799146246,38f0b2ad779eba7cf78d9f432ba35ead1f8c86d28c461a52e50d2713866edc13,Delta_LS_70_30,DOGE,0.13999999999999999,0.03381697801072855
d8295387d5324d0bfb6e328f134237afad2b86e00561b9539fb349ea6f96f19e,2026-08-24,signal_close_then_next_daily_open,2026-08-24,0.4926884771825113,2,LONG,2026-08-23,32799146246,38f0b2ad779eba7cf78d9f432ba35ead1f8c86d28c461a52e50d2713866edc13,Delta_LS_70_30,ETH,0.13999999999999999,0.03854033792309147
e1ec74dc71bfc0e396b63a860c99072ef4275985b7f66651d447a45adb322ff5,2026-08-24,signal_close_then_next_daily_open,2026-08-24,-0.6146530445384215,2,SHORT,2026-08-23,32799146246,38f0b2ad779eba7cf78d9f432ba35ead1f8c86d28c461a52e50d2713866edc13,Delta_LS_70_30,DOT,-0.06,0.03402726061872712
700958a372c4ae66cf2e89cc9f842389032560384078dfd754bc45460c6a95a6,2026-08-24,signal_close_then_next_daily_open,2026-08-24,-1.0851401044152895,2,SHORT,2026-08-23,32799146246,38f0b2ad779eba7cf78d9f432ba35ead1f8c86d28c461a52e50d2713866edc13,Delta_LS_70_30,APT,-0.06,0.03547344981439088
5e1bb5fc81d27892ee01f7f04211b54d3f63242b5ce4155b80e0d278fc2978e9,2026-08-24,signal_close_then_next_daily_open,2026-08-24,-1.117660229284059,2,SHORT,2026-08-23,32799146246,38f0b2ad779eba7cf78d9f432ba35ead1f8c86d28c461a52e50d2713866edc13,Delta_LS_70_30,FIL,-0.06,0.04079997801945843
231313c9973a336bffa1efa605608aa232052007950deb2bba8334c33da2a751,2026-08-24,signal_close_then_next_daily_open,2026-08-24,-1.3123869389717047,2,SHORT,2026-08-23,32799146246,38f0b2ad779eba7cf78d9f432ba35ead1f8c86d28c461a52e50d2713866edc13,Delta_LS_70_30,TRX,-0.06,0.0072464758435979645
3c1a11fde33d6335504db2a7cc8304d491e9cef3df487f743a550b76700b4cc5,2026-08-24,signal_close_then_next_daily_open,2026-08-24,2.022615221135982,2,LONG,2026-08-23,32799146246,38f0b2ad779eba7cf78d9f432ba35ead1f8c86d28c461a52e50d2713866edc13,Delta_LS_70_30_StopVol,AAVE,0.09622136706627368,0.05819913155196525
4de8671d8e09483e750414b10cb1c346d54c1442571fb797fde388908dfa4359,2026-08-24,signal_close_then_next_daily_open,2026-08-24,1.4209704538727983,2,LONG,2026-08-23,32799146246,38f0b2ad779eba7cf78d9f432ba35ead1f8c86d28c461a52e50d2713866edc13,Delta_LS_70_30_StopVol,XRP,0.12650145926444073,0.044268264038707
9b3e14428154ae1a972980ea677812e9688768cd8377b746fbafbf6056166928,2026-08-24,signal_close_then_next_daily_open,2026-08-24,0.7613344154433931,2,LONG,2026-08-23,32799146246,38f0b2ad779eba7cf78d9f432ba35ead1f8c86d28c461a52e50d2713866edc13,Delta_LS_70_30_StopVol,LINK,0.13999999999999999,0.03753698626855074
d313697b73124b839b83bcae4a0cfd553a3e4ec454de70df90853f403c5e25bb,2026-08-24,signal_close_then_next_daily_open,2026-08-24,0.7181914499915367,2,LONG,2026-08-23,32799146246,38f0b2ad779eba7cf78d9f432ba35ead1f8c86d28c461a52e50d2713866edc13,Delta_LS_70_30_StopVol,DOGE,0.13999999999999999,0.03381697801072855
95439f4f07a78512a32a32ce7495d0c4ea84da03282ac254daf8d44e58489ffc,2026-08-24,signal_close_then_next_daily_open,2026-08-24,0.4926884771825113,2,LONG,2026-08-23,32799146246,38f0b2ad779eba7cf78d9f432ba35ead1f8c86d28c461a52e50d2713866edc13,Delta_LS_70_30_StopVol,ETH,0.13999999999999999,0.03854033792309147
43423bd862cc9e3d77f29ef9f6f3d0f288823231b07881cc51ac42c8f6ae7440,2026-08-24,signal_close_then_next_daily_open,2026-08-24,-0.6146530445384215,2,SHORT,2026-08-23,32799146246,38f0b2ad779eba7cf78d9f432ba35ead1f8c86d28c461a52e50d2713866edc13,Delta_LS_70_30_StopVol,DOT,-0.06,0.03402726061872712
8f91d02dfc28596fdc28a446b6d59f714a924fbff0121ae4c868ba190540e523,2026-08-24,signal_close_then_next_daily_open,2026-08-24,-1.0851401044152895,2,SHORT,2026-08-23,32799146246,38f0b2ad779eba7cf78d9f432ba35ead1f8c86d28c461a52e50d2713866edc13,Delta_LS_70_30_StopVol,APT,-0.06,0.03547344981439088
95b2411423f8a95f75ad02a40f44cc2d319a69075dcb1216b7dcfc0b90989fea,2026-08-24,signal_close_then_next_daily_open,2026-08-24,-1.117660229284059,2,SHORT,2026-08-23,32799146246,38f0b2ad779eba7cf78d9f432ba35ead1f8c86d28c461a52e50d2713866edc13,Delta_LS_70_30_StopVol,FIL,-0.058823561102297306,0.04079997801945843
7e3b7d9bc81414ffc9077eb7c7c32dfb55b796327bb031f5760ca3ea53d0e5c7,2026-08-24,signal_close_then_next_daily_open,2026-08-24,-1.3123869389717047,2,SHORT,2026-08-23,32799146246,38f0b2ad779eba7cf78d9f432ba35ead1f8c86d28c461a52e50d2713866edc13,Delta_LS_70_30_StopVol,TRX,-0.06,0.0072464758435979645
0f56a633ffbd2c575a37be62769c5a710652f933c5853b8e66cf5e448ad6c655,2026-08-24,signal_close_then_next_daily_open,2026-08-24,2.022615221135982,2,LONG,2026-08-23,32799146246,38f0b2ad779eba7cf78d9f432ba35ead1f8c86d28c461a52e50d2713866edc13,Delta_LS_50_50,AAVE,0.1,0.05819913155196525
f4e550258ca8d1c1f3a68f128a4d1d19a954b66deb042e7385ac9cb20cfa0ec9,2026-08-24,signal_close_then_next_daily_open,2026-08-24,1.4209704538727983,2,LONG,2026-08-23,32799146246,38f0b2ad779eba7cf78d9f432ba35ead1f8c86d28c461a52e50d2713866edc13,Delta_LS_50_50,XRP,0.1,0.044268264038707
af2290da613de948bed299ad7adffa177205e9328a0780555ea8362996f3043d,2026-08-24,signal_close_then_next_daily_open,2026-08-24,0.7613344154433931,2,LONG,2026-08-23,32799146246,38f0b2ad779eba7cf78d9f432ba35ead1f8c86d28c461a52e50d2713866edc13,Delta_LS_50_50,LINK,0.1,0.03753698626855074
c3a5946879af9759df9a633f1a151b53a67705bcfc1b18875a595a904df3a235,2026-08-24,signal_close_then_next_daily_open,2026-08-24,0.7181914499915367,2,LONG,2026-08-23,32799146246,38f0b2ad779eba7cf78d9f432ba35ead1f8c86d28c461a52e50d2713866edc13,Delta_LS_50_50,DOGE,0.1,0.03381697801072855
0bf4171b020734c8f4c022ecb26b1f934a51a5ef6c683843f164bf8389761b38,2026-08-24,signal_close_then_next_daily_open,2026-08-24,0.4926884771825113,2,LONG,2026-08-23,32799146246,38f0b2ad779eba7cf78d9f432ba35ead1f8c86d28c461a52e50d2713866edc13,Delta_LS_50_50,ETH,0.1,0.03854033792309147
05a3aed37bf99b502f87211be55f819a30d4e9d1ab36a68930b1cb3b8c07cfc9,2026-08-24,signal_close_then_next_daily_open,2026-08-24,-0.6146530445384215,2,SHORT,2026-08-23,32799146246,38f0b2ad779eba7cf78d9f432ba35ead1f8c86d28c461a52e50d2713866edc13,Delta_LS_50_50,DOT,-0.1,0.03402726061872712
eafad1907466de5efd101649c2afd7855fd609e825fb089a1b41f2520a70d61a,2026-08-24,signal_close_then_next_daily_open,2026-08-24,-1.0851401044152895,2,SHORT,2026-08-23,32799146246,38f0b2ad779eba7cf78d9f432ba35ead1f8c86d28c461a52e50d2713866edc13,Delta_LS_50_50,APT,-0.1,0.03547344981439088
646e43f5739d7e500852e0c6d4358f08811c68d95791e754c2e7f1c405f71c16,2026-08-24,signal_close_then_next_daily_open,2026-08-24,-1.117660229284059,2,SHORT,2026-08-23,32799146246,38f0b2ad779eba7cf78d9f432ba35ead1f8c86d28c461a52e50d2713866edc13,Delta_LS_50_50,FIL,-0.1,0.04079997801945843
f5cf55dfd2134bcf7568a7fc058a6fafe503423f12a6e530b4247e634f0fe4cc,2026-08-24,signal_close_then_next_daily_open,2026-08-24,-1.3123869389717047,2,SHORT,2026-08-23,32799146246,38f0b2ad779eba7cf78d9f432ba35ead1f8c86d28c461a52e50d2713866edc13,Delta_LS_50_50,TRX,-0.1,0.0072464758435979645
f3ce9547f4f956eb45fe9b2ce43bccb3609e38d0ec03bd335a4f16dc037ae024,2026-08-24,signal_close_then_next_daily_open,2026-08-24,2.022615221135982,2,LONG,2026-08-23,32799146246,38f0b2ad779eba7cf78d9f432ba35ead1f8c86d28c461a52e50d2713866edc13,Delta_LS_50_50_StopVol,AAVE,0.06872954790448121,0.05819913155196525
5e1f7786ace58b6414cb0927bb11cbb891c3e44fba815e8b6faa1f007b6b632a,2026-08-24,signal_close_then_next_daily_open,2026-08-24,1.4209704538727983,2,LONG,2026-08-23,32799146246,38f0b2ad779eba7cf78d9f432ba35ead1f8c86d28c461a52e50d2713866edc13,Delta_LS_50_50_StopVol,XRP,0.09035818518888625,0.044268264038707
500bc46f4c2c09664d88586905231dbf8fbc9d7c357617f34777d530789b390b,2026-08-24,signal_close_then_next_daily_open,2026-08-24,0.7613344154433931,2,LONG,2026-08-23,32799146246,38f0b2ad779eba7cf78d9f432ba35ead1f8c86d28c461a52e50d2713866edc13,Delta_LS_50_50_StopVol,LINK,0.1,0.03753698626855074
567c876c5b0972df7a8ff7237618e38dcc0521c50c52aa384e59be9a87bacf76,2026-08-24,signal_close_then_next_daily_open,2026-08-24,0.7181914499915367,2,LONG,2026-08-23,32799146246,38f0b2ad779eba7cf78d9f432ba35ead1f8c86d28c461a52e50d2713866edc13,Delta_LS_50_50_StopVol,DOGE,0.1,0.03381697801072855
a0151b113c1de8466f837292987bfc8ad90586c496ab16bde0106e725406a41b,2026-08-24,signal_close_then_next_daily_open,2026-08-24,0.4926884771825113,2,LONG,2026-08-23,32799146246,38f0b2ad779eba7cf78d9f432ba35ead1f8c86d28c461a52e50d2713866edc13,Delta_LS_50_50_StopVol,ETH,0.1,0.03854033792309147
637fa0926654c31910a81a1b01c29394f5e1f2edf62d804dda0fde6b7a473aea,2026-08-24,signal_close_then_next_daily_open,2026-08-24,-0.6146530445384215,2,SHORT,2026-08-23,32799146246,38f0b2ad779eba7cf78d9f432ba35ead1f8c86d28c461a52e50d2713866edc13,Delta_LS_50_50_StopVol,DOT,-0.1,0.03402726061872712
2e03151c2d502c79ff23ede6c04f0154f1dd7724a3228bb8fbd704ae0695e30f,2026-08-24,signal_close_then_next_daily_open,2026-08-24,-1.0851401044152895,2,SHORT,2026-08-23,32799146246,38f0b2ad779eba7cf78d9f432ba35ead1f8c86d28c461a52e50d2713866edc13,Delta_LS_50_50_StopVol,APT,-0.1,0.03547344981439088
3f03ed683c93f66cb3a9fd2a73c2cdd477a410ba03da01f0297d8a76affd935d,2026-08-24,signal_close_then_next_daily_open,2026-08-24,-1.117660229284059,2,SHORT,2026-08-23,32799146246,38f0b2ad779eba7cf78d9f432ba35ead1f8c86d28c461a52e50d2713866edc13,Delta_LS_50_50_StopVol,FIL,-0.09803926850382885,0.04079997801945843
d41708506b4b458370469c2c1db85b71b65ca77f038c8fd93d999ea914cbcf99,2026-08-24,signal_close_then_next_daily_open,2026-08-24,-1.3123869389717047,2,SHORT,2026-08-23,32799146246,38f0b2ad779eba7cf78d9f432ba35ead1f8c86d28c461a52e50d2713866edc13,Delta_LS_50_50_StopVol,TRX,-0.1,0.0072464758435979645
ca5fa993cd5f27bc85ca1f511922d271e5b21910fa5cd4d310221000cdc9dcd9,2026-08-25,signal_close_then_next_daily_open,2026-08-25,1.618588929255154,2,LONG,2026-08-24,32920908476,26ae9af8f2e409c67ca939d7718093086f2c66f1b2c01182d759a0776363def7,Delta_LS_70_30,AAVE,0.13999999999999999,0.05987432901956492
574401ae1cde5e1e2b00f463c001be858f36f9afb7722054d422e8a5b13d9de9,2026-08-25,signal_close_then_next_daily_open,2026-08-25,1.5125069805784481,2,LONG,2026-08-24,32920908476,26ae9af8f2e409c67ca939d7718093086f2c66f1b2c01182d759a0776363def7,Delta_LS_70_30,XRP,0.13999999999999999,0.044786047723598295
ce35c4762caa0079a9b26319780846a9f2f99e93b58c9cffc5dd768888dd6621,2026-08-25,signal_close_then_next_daily_open,2026-08-25,0.9690374024007958,2,LONG,2026-08-24,32920908476,26ae9af8f2e409c67ca939d7718093086f2c66f1b2c01182d759a0776363def7,Delta_LS_70_30,LINK,0.13999999999999999,0.03752406991779412
e9da81df2976a95f8e974817f047525bb3e72893eb96b795dac8c7220b0566e0,2026-08-25,signal_close_then_next_daily_open,2026-08-25,0.8308355459442264,2,LONG,2026-08-24,32920908476,26ae9af8f2e409c67ca939d7718093086f2c66f1b2c01182d759a0776363def7,Delta_LS_70_30,ETH,0.13999999999999999,0.03853917330540633
7bdb0583afaf95f1de81bc670f3578f7b9704f222f2c871f0cc7903da25b59d1,2026-08-25,signal_close_then_next_daily_open,2026-08-25,-0.5850137936794253,2,SHORT,2026-08-24,32920908476,26ae9af8f2e409c67ca939d7718093086f2c66f1b2c01182d759a0776363def7,Delta_LS_70_30,LTC,-0.06,0.02683159587562272
9d796b9ade2b2791d96d6c2c71e9ba8f278ff5461d4b6121104e2212c85447e0,2026-08-25,signal_close_then_next_daily_open,2026-08-25,-0.7073039338978505,2,SHORT,2026-08-24,32920908476,26ae9af8f2e409c67ca939d7718093086f2c66f1b2c01182d759a0776363def7,Delta_LS_70_30,DOT,-0.06,0.03466188203993827
9c85df7f41e37ff35c02c32815b323dfa7e9f420e942db974ec8fdfc715aaa6d,2026-08-25,signal_close_then_next_daily_open,2026-08-25,-1.1274244295173055,2,SHORT,2026-08-24,32920908476,26ae9af8f2e409c67ca939d7718093086f2c66f1b2c01182d759a0776363def7,Delta_LS_70_30,TRX,-0.06,0.0072570369169032796
46e42f0ec3bc0fbbd79e18411c0c4d79c86aa4f77f1334a4c9ce2869cf76665d,2026-08-25,signal_close_then_next_daily_open,2026-08-25,-1.2139142622874626,2,SHORT,2026-08-24,32920908476,26ae9af8f2e409c67ca939d7718093086f2c66f1b2c01182d759a0776363def7,Delta_LS_70_30,FIL,-0.06,0.04096269238011289
89ffaa72cb97dd6013b997432aa259de8e30a8cc9cdbed9f0d6dc5e5a62ab3ee,2026-08-25,signal_close_then_next_daily_open,2026-08-25,-1.3518923694167806,2,SHORT,2026-08-24,32920908476,26ae9af8f2e409c67ca939d7718093086f2c66f1b2c01182d759a0776363def7,Delta_LS_70_30,APT,-0.06,0.03655303582070482
dce4290d9737ffea9fda5b7ffac3e5ae1e152d5085d2a7397753ac3e60c1baab,2026-08-25,signal_close_then_next_daily_open,2026-08-25,1.618588929255154,2,LONG,2026-08-24,32920908476,26ae9af8f2e409c67ca939d7718093086f2c66f1b2c01182d759a0776363def7,Delta_LS_70_30_StopVol,AAVE,0.0935292318377398,0.05987432901956492
061663fe392d66bc99a20555df6b001e684beaf887077c6177b3b21c22ed02cd,2026-08-25,signal_close_then_next_daily_open,2026-08-25,1.5125069805784481,2,LONG,2026-08-24,32920908476,26ae9af8f2e409c67ca939d7718093086f2c66f1b2c01182d759a0776363def7,Delta_LS_70_30_StopVol,XRP,0.12503894147036543,0.044786047723598295
d1c4185ac0b13379549a2f2f390781b0ca70066054af33b8d09b7ac88d619a23,2026-08-25,signal_close_then_next_daily_open,2026-08-25,0.9690374024007958,2,LONG,2026-08-24,32920908476,26ae9af8f2e409c67ca939d7718093086f2c66f1b2c01182d759a0776363def7,Delta_LS_70_30_StopVol,LINK,0.13999999999999999,0.03752406991779412
42310c2ff90d97a49732cbd9033025abd8eb50a83ede53441a66689e07c51536,2026-08-25,signal_close_then_next_daily_open,2026-08-25,0.8308355459442264,2,LONG,2026-08-24,32920908476,26ae9af8f2e409c67ca939d7718093086f2c66f1b2c01182d759a0776363def7,Delta_LS_70_30_StopVol,ETH,0.13999999999999999,0.03853917330540633
5ff03ef6c70e025e7401e2026ba9ac713e053948f099114b2bcb622cd60308f7,2026-08-25,signal_close_then_next_daily_open,2026-08-25,-0.5850137936794253,2,SHORT,2026-08-24,32920908476,26ae9af8f2e409c67ca939d7718093086f2c66f1b2c01182d759a0776363def7,Delta_LS_70_30_StopVol,LTC,-0.06,0.02683159587562272
880a130ff98286eb726c9d84e61cdd5b7f16d7694c5e00547026f01c7742e392,2026-08-25,signal_close_then_next_daily_open,2026-08-25,-0.7073039338978505,2,SHORT,2026-08-24,32920908476,26ae9af8f2e409c67ca939d7718093086f2c66f1b2c01182d759a0776363def7,Delta_LS_70_30_StopVol,DOT,-0.06,0.03466188203993827
d984bfc4320e23553c107f10e0361fbca735c294ac41a98ba5a530b41b440adc,2026-08-25,signal_close_then_next_daily_open,2026-08-25,-1.1274244295173055,2,SHORT,2026-08-24,32920908476,26ae9af8f2e409c67ca939d7718093086f2c66f1b2c01182d759a0776363def7,Delta_LS_70_30_StopVol,TRX,-0.06,0.0072570369169032796
63d9375e81f7ad7986605e1d69f4f4e89b67c88b045c98ffdb1e758b68b2d721,2026-08-25,signal_close_then_next_daily_open,2026-08-25,-1.2139142622874626,2,SHORT,2026-08-24,32920908476,26ae9af8f2e409c67ca939d7718093086f2c66f1b2c01182d759a0776363def7,Delta_LS_70_30_StopVol,FIL,-0.05858989877250314,0.04096269238011289
e3eec2d67fb1bb7261b85d71271d7f9d2b39e43a259a564250382afa4aa2fff1,2026-08-25,signal_close_then_next_daily_open,2026-08-25,-1.3518923694167806,2,SHORT,2026-08-24,32920908476,26ae9af8f2e409c67ca939d7718093086f2c66f1b2c01182d759a0776363def7,Delta_LS_70_30_StopVol,APT,-0.06,0.03655303582070482
441329370b8402398d08c66a63f6329b76caec157f773651386c924140f68a41,2026-08-25,signal_close_then_next_daily_open,2026-08-25,1.618588929255154,2,LONG,2026-08-24,32920908476,26ae9af8f2e409c67ca939d7718093086f2c66f1b2c01182d759a0776363def7,Delta_LS_50_50,AAVE,0.1,0.05987432901956492
947e980a116b223c74f5539a3a238444747fcf50e4b83e2cfd02652bc77e812c,2026-08-25,signal_close_then_next_daily_open,2026-08-25,1.5125069805784481,2,LONG,2026-08-24,32920908476,26ae9af8f2e409c67ca939d7718093086f2c66f1b2c01182d759a0776363def7,Delta_LS_50_50,XRP,0.1,0.044786047723598295
152bd9357ca343938f9b125a03699b8f9a4b165c35ea946b80c31193bb54d4d3,2026-08-25,signal_close_then_next_daily_open,2026-08-25,0.9690374024007958,2,LONG,2026-08-24,32920908476,26ae9af8f2e409c67ca939d7718093086f2c66f1b2c01182d759a0776363def7,Delta_LS_50_50,LINK,0.1,0.03752406991779412
95cab74a1c67942e997d8faec60cacf9ded3a03e2cf957eb92679be625a51423,2026-08-25,signal_close_then_next_daily_open,2026-08-25,0.8308355459442264,2,LONG,2026-08-24,32920908476,26ae9af8f2e409c67ca939d7718093086f2c66f1b2c01182d759a0776363def7,Delta_LS_50_50,ETH,0.1,0.03853917330540633
1f8c9a18acf28cff93d704733b9db83e1b9477b875f4394311606bf95007d458,2026-08-25,signal_close_then_next_daily_open,2026-08-25,-0.5850137936794253,2,SHORT,2026-08-24,32920908476,26ae9af8f2e409c67ca939d7718093086f2c66f1b2c01182d759a0776363def7,Delta_LS_50_50,LTC,-0.1,0.02683159587562272
2a7db91c80dceaa242d2d2edf33049e6a1ebdc71a8b07f195dbef0acc51a91bb,2026-08-25,signal_close_then_next_daily_open,2026-08-25,-0.7073039338978505,2,SHORT,2026-08-24,32920908476,26ae9af8f2e409c67ca939d7718093086f2c66f1b2c01182d759a0776363def7,Delta_LS_50_50,DOT,-0.1,0.03466188203993827
d4c0ce9c6ce2608b18fe1387e1d80cab0c17e1e9262515b1811ea3aaa57fffa4,2026-08-25,signal_close_then_next_daily_open,2026-08-25,-1.1274244295173055,2,SHORT,2026-08-24,32920908476,26ae9af8f2e409c67ca939d7718093086f2c66f1b2c01182d759a0776363def7,Delta_LS_50_50,TRX,-0.1,0.0072570369169032796
0a6898b5a12a7591df31266b84cf8ba8b77ab72d1fa8293a2f054e3d82d32fed,2026-08-25,signal_close_then_next_daily_open,2026-08-25,-1.2139142622874626,2,SHORT,2026-08-24,32920908476,26ae9af8f2e409c67ca939d7718093086f2c66f1b2c01182d759a0776363def7,Delta_LS_50_50,FIL,-0.1,0.04096269238011289
48f3de83b267f8daff09a029c331c3fc6eebd0ef4681ff0ca430ae8f3146a876,2026-08-25,signal_close_then_next_daily_open,2026-08-25,-1.3518923694167806,2,SHORT,2026-08-24,32920908476,26ae9af8f2e409c67ca939d7718093086f2c66f1b2c01182d759a0776363def7,Delta_LS_50_50,APT,-0.1,0.03655303582070482
8f6c8bdd5c9e420c2f463391f6ef5752fd6ea6fa48ea9bc9357588470c7b7b8b,2026-08-25,signal_close_then_next_daily_open,2026-08-25,1.618588929255154,2,LONG,2026-08-24,32920908476,26ae9af8f2e409c67ca939d7718093086f2c66f1b2c01182d759a0776363def7,Delta_LS_50_50_StopVol,AAVE,0.06680659416981415,0.05987432901956492
7c45f0f4e1c83d79b640d9b5f1c6042edc0b6174766252c434422a95c68c2f69,2026-08-25,signal_close_then_next_daily_open,2026-08-25,1.5125069805784481,2,LONG,2026-08-24,32920908476,26ae9af8f2e409c67ca939d7718093086f2c66f1b2c01182d759a0776363def7,Delta_LS_50_50_StopVol,XRP,0.08931352962168959,0.044786047723598295
c6ae9fac8e38a32d2f4b97e971049ca32a5e582067cd2177c2008774cd5f4d95,2026-08-25,signal_close_then_next_daily_open,2026-08-25,0.9690374024007958,2,LONG,2026-08-24,32920908476,26ae9af8f2e409c67ca939d7718093086f2c66f1b2c01182d759a0776363def7,Delta_LS_50_50_StopVol,LINK,0.1,0.03752406991779412
c8417b2c2fe800886ea3415326c252cd9e006c9ed3e1c579f70df8e89a9e8a02,2026-08-25,signal_close_then_next_daily_open,2026-08-25,0.8308355459442264,2,LONG,2026-08-24,32920908476,26ae9af8f2e409c67ca939d7718093086f2c66f1b2c01182d759a0776363def7,Delta_LS_50_50_StopVol,ETH,0.1,0.03853917330540633
6bc6b0a180de8ba8e8282c095c91d6d1a00f0723d4ac35d3fccf1ec563fc6c0b,2026-08-25,signal_close_then_next_daily_open,2026-08-25,-0.5850137936794253,2,SHORT,2026-08-24,32920908476,26ae9af8f2e409c67ca939d7718093086f2c66f1b2c01182d759a0776363def7,Delta_LS_50_50_StopVol,LTC,-0.1,0.02683159587562272
122bc4df43496f3778c9684af4c55dfc386c772d5970cf2a8f8ba3149d70e37f,2026-08-25,signal_close_then_next_daily_open,2026-08-25,-0.7073039338978505,2,SHORT,2026-08-24,32920908476,26ae9af8f2e409c67ca939d7718093086f2c66f1b2c01182d759a0776363def7,Delta_LS_50_50_StopVol,DOT,-0.1,0.03466188203993827
d0f04fcd0d73a25ba6531c9fde3af92040dc1092d6d68aba5e13774123f3643e,2026-08-25,signal_close_then_next_daily_open,2026-08-25,-1.1274244295173055,2,SHORT,2026-08-24,32920908476,26ae9af8f2e409c67ca939d7718093086f2c66f1b2c01182d759a0776363def7,Delta_LS_50_50_StopVol,TRX,-0.1,0.0072570369169032796
b4dea605016033b4efe4e9d7eac3d1695e32684d55818695b8ae6c287e6d6ba6,2026-08-25,signal_close_then_next_daily_open,2026-08-25,-1.2139142622874626,2,SHORT,2026-08-24,32920908476,26ae9af8f2e409c67ca939d7718093086f2c66f1b2c01182d759a0776363def7,Delta_LS_50_50_StopVol,FIL,-0.09764983128750525,0.04096269238011289
aa2cd6a1a2db286c7b934fa9a0812f5bd4e439a87a83706d6a6b4137881b63ab,2026-08-25,signal_close_then_next_daily_open,2026-08-25,-1.3518923694167806,2,SHORT,2026-08-24,32920908476,26ae9af8f2e409c67ca939d7718093086f2c66f1b2c01182d759a0776363def7,Delta_LS_50_50_StopVol,APT,-0.1,0.03655303582070482
ed0951d8968ae777a1caa903bf6a5a2d03a283ffbdec3aa8e569c2be97282486,2026-08-26,signal_close_then_next_daily_open,2026-08-26,1.555163600297833,2,LONG,2026-08-25,33060053572,cbfdc185a146be7fd93392936d8971ea07d3284f09e19330ac81f574db8454fe,Delta_LS_70_30,XRP,0.13999999999999999,0.04546708267678167
d1a21880def6895026389c8c28150c00196e542a7a939ba10af1040c0e58b33e,2026-08-26,signal_close_then_next_daily_open,2026-08-26,1.3685537178991436,2,LONG,2026-08-25,33060053572,cbfdc185a146be7fd93392936d8971ea07d3284f09e19330ac81f574db8454fe,Delta_LS_70_30,AAVE,0.13999999999999999,0.05832047100470737
a97e58cf2d862f0c0b3f68ac70e6b6fe8322e2766db40786160c339940793dc4,2026-08-26,signal_close_then_next_daily_open,2026-08-26,0.9733314653226554,2,LONG,2026-08-25,33060053572,cbfdc185a146be7fd93392936d8971ea07d3284f09e19330ac81f574db8454fe,Delta_LS_70_30,ETH,0.13999999999999999,0.03831125039053624
36e4dbc064604bc8f69953bfc3b84196cca0de3e5c38bd27dc0512b06e6c6cb8,2026-08-26,signal_close_then_next_daily_open,2026-08-26,0.9075390201678171,2,LONG,2026-08-25,33060053572,cbfdc185a146be7fd93392936d8971ea07d3284f09e19330ac81f574db8454fe,Delta_LS_70_30,SOL,0.13999999999999999,0.027919257305766294
6647e57a36d10161b873c870bb0ff1d4ea2d20f07a0b87921c2c1ed606deb9e4,2026-08-26,signal_close_then_next_daily_open,2026-08-26,0.7434915076259586,2,LONG,2026-08-25,33060053572,cbfdc185a146be7fd93392936d8971ea07d3284f09e19330ac81f574db8454fe,Delta_LS_70_30,LINK,0.13999999999999999,0.03739231813780193
fd71f09c4f891236d7b065554202fc4e077c154130720f3db7e45a37cd37e81b,2026-08-26,signal_close_then_next_daily_open,2026-08-26,-0.7323184690358963,2,SHORT,2026-08-25,33060053572,cbfdc185a146be7fd93392936d8971ea07d3284f09e19330ac81f574db8454fe,Delta_LS_70_30,DOT,-0.06,0.036113401924519686
bcb86bb9885f4e13ec17772cc7015efb42daa267fa7986c30c30a47665798075,2026-08-26,signal_close_then_next_daily_open,2026-08-26,-0.999791620648632,2,SHORT,2026-08-25,33060053572,cbfdc185a146be7fd93392936d8971ea07d3284f09e19330ac81f574db8454fe,Delta_LS_70_30,TRX,-0.06,0.008807755439639828
ad39022a52e8920cacc97f15b038e541df336adb4b89bb371a284489cef537da,2026-08-26,signal_close_then_next_daily_open,2026-08-26,-1.220645380878735,2,SHORT,2026-08-25,33060053572,cbfdc185a146be7fd93392936d8971ea07d3284f09e19330ac81f574db8454fe,Delta_LS_70_30,FIL,-0.06,0.04219665587491965
f813a7fce399ab2a93af8ba1b0f1be8f374a7222cfa5306e18f85ea5a3b83481,2026-08-26,signal_close_then_next_daily_open,2026-08-26,-1.6212299282995875,2,SHORT,2026-08-25,33060053572,cbfdc185a146be7fd93392936d8971ea07d3284f09e19330ac81f574db8454fe,Delta_LS_70_30,APT,-0.06,0.038701233266871776
1b64844d41e85aa9ce42e4605042491ab5dac7067cf45d401889bc0c49aa1a44,2026-08-26,signal_close_then_next_daily_open,2026-08-26,1.555163600297833,2,LONG,2026-08-25,33060053572,cbfdc185a146be7fd93392936d8971ea07d3284f09e19330ac81f574db8454fe,Delta_LS_70_30_StopVol,XRP,0.12316602848283709,0.04546708267678167
60d1aaecf9f6956e8f33daeb1e1adffad690d455db67931ddb985e33a04d63ca,2026-08-26,signal_close_then_next_daily_open,2026-08-26,1.3685537178991436,2,LONG,2026-08-25,33060053572,cbfdc185a146be7fd93392936d8971ea07d3284f09e19330ac81f574db8454fe,Delta_LS_70_30_StopVol,AAVE,0.0960211723864163,0.05832047100470737
fb77c3c4a93bdacca1e0795c4f080866fbcea91fdafa76f588e6af819a493553,2026-08-26,signal_close_then_next_daily_open,2026-08-26,0.9733314653226554,2,LONG,2026-08-25,33060053572,cbfdc185a146be7fd93392936d8971ea07d3284f09e19330ac81f574db8454fe,Delta_LS_70_30_StopVol,ETH,0.13999999999999999,0.03831125039053624
844e59e170972621ed5c7ed4a01d3a8803c31481787240490a45732798575c06,2026-08-26,signal_close_then_next_daily_open,2026-08-26,0.9075390201678171,2,LONG,2026-08-25,33060053572,cbfdc185a146be7fd93392936d8971ea07d3284f09e19330ac81f574db8454fe,Delta_LS_70_30_StopVol,SOL,0.13999999999999999,0.027919257305766294
53f4194f4976e092a348565596a21921dadea90a488a95d92b78d9d930acea3d,2026-08-26,signal_close_then_next_daily_open,2026-08-26,0.7434915076259586,2,LONG,2026-08-25,33060053572,cbfdc185a146be7fd93392936d8971ea07d3284f09e19330ac81f574db8454fe,Delta_LS_70_30_StopVol,LINK,0.13999999999999999,0.03739231813780193
670a88a0d9427d7e6e66cd7c0c100bc2798ea4995440449bbf3bc8949a667353,2026-08-26,signal_close_then_next_daily_open,2026-08-26,-0.7323184690358963,2,SHORT,2026-08-25,33060053572,cbfdc185a146be7fd93392936d8971ea07d3284f09e19330ac81f574db8454fe,Delta_LS_70_30_StopVol,DOT,-0.06,0.036113401924519686
c7a38b5bb3bc965e5b0a8d2888b9a1ec2af6c8f6a672f6c5dba35be44208d8fb,2026-08-26,signal_close_then_next_daily_open,2026-08-26,-0.999791620648632,2,SHORT,2026-08-25,33060053572,cbfdc185a146be7fd93392936d8971ea07d3284f09e19330ac81f574db8454fe,Delta_LS_70_30_StopVol,TRX,-0.06,0.008807755439639828
cff93874264d89925b8a50605e6fbff43d1715772823dda5a33a75c39b00c24c,2026-08-26,signal_close_then_next_daily_open,2026-08-26,-1.220645380878735,2,SHORT,2026-08-25,33060053572,cbfdc185a146be7fd93392936d8971ea07d3284f09e19330ac81f574db8454fe,Delta_LS_70_30_StopVol,FIL,-0.05687654507774593,0.04219665587491965
3c78f4a5ac5b8adcc378c17c2cb648ad10520470d20d46f93bc493c969d08c73,2026-08-26,signal_close_then_next_daily_open,2026-08-26,-1.6212299282995875,2,SHORT,2026-08-25,33060053572,cbfdc185a146be7fd93392936d8971ea07d3284f09e19330ac81f574db8454fe,Delta_LS_70_30_StopVol,APT,-0.06,0.038701233266871776
db29b4863ad02b50a404d18e1eeb43690d514145df3d1d1746631afcc67e665e,2026-08-26,signal_close_then_next_daily_open,2026-08-26,1.555163600297833,2,LONG,2026-08-25,33060053572,cbfdc185a146be7fd93392936d8971ea07d3284f09e19330ac81f574db8454fe,Delta_LS_50_50,XRP,0.1,0.04546708267678167
17168234facdc51e808a76d0a30a8748b3722716556b0e7247c54a3f2ffc298a,2026-08-26,signal_close_then_next_daily_open,2026-08-26,1.3685537178991436,2,LONG,2026-08-25,33060053572,cbfdc185a146be7fd93392936d8971ea07d3284f09e19330ac81f574db8454fe,Delta_LS_50_50,AAVE,0.1,0.05832047100470737
513121fb8716b5996cd0e81f4aea33859b817ee98c79564bee96893a6eaa8765,2026-08-26,signal_close_then_next_daily_open,2026-08-26,0.9733314653226554,2,LONG,2026-08-25,33060053572,cbfdc185a146be7fd93392936d8971ea07d3284f09e19330ac81f574db8454fe,Delta_LS_50_50,ETH,0.1,0.03831125039053624
c7214b01d372a9511d784eefe06a55005b1d63f5e66f286aaf8ee96894231f78,2026-08-26,signal_close_then_next_daily_open,2026-08-26,0.9075390201678171,2,LONG,2026-08-25,33060053572,cbfdc185a146be7fd93392936d8971ea07d3284f09e19330ac81f574db8454fe,Delta_LS_50_50,SOL,0.1,0.027919257305766294
366197eafba4b7d655198579b7d76ad1c33dcef9911ca3b496620b1658f2e553,2026-08-26,signal_close_then_next_daily_open,2026-08-26,0.7434915076259586,2,LONG,2026-08-25,33060053572,cbfdc185a146be7fd93392936d8971ea07d3284f09e19330ac81f574db8454fe,Delta_LS_50_50,LINK,0.1,0.03739231813780193
8f97c8804ba05f7954a357007334b9f096e5ecaa28eae0eca58e4852441ce1cc,2026-08-26,signal_close_then_next_daily_open,2026-08-26,-0.7323184690358963,2,SHORT,2026-08-25,33060053572,cbfdc185a146be7fd93392936d8971ea07d3284f09e19330ac81f574db8454fe,Delta_LS_50_50,DOT,-0.1,0.036113401924519686
af3c5001fd313483efd3189dbfc3463706defefa774aaac1d946c84e1376e41b,2026-08-26,signal_close_then_next_daily_open,2026-08-26,-0.999791620648632,2,SHORT,2026-08-25,33060053572,cbfdc185a146be7fd93392936d8971ea07d3284f09e19330ac81f574db8454fe,Delta_LS_50_50,TRX,-0.1,0.008807755439639828
886b7725859b796b3e551e482a61bca6d9542e459bfafc99cc248b3581d5f77e,2026-08-26,signal_close_then_next_daily_open,2026-08-26,-1.220645380878735,2,SHORT,2026-08-25,33060053572,cbfdc185a146be7fd93392936d8971ea07d3284f09e19330ac81f574db8454fe,Delta_LS_50_50,FIL,-0.1,0.04219665587491965
02734ce0a7be4aa23068deb124d4b15b5d070ae41174ab2bc8650fc3917b5622,2026-08-26,signal_close_then_next_daily_open,2026-08-26,-1.6212299282995875,2,SHORT,2026-08-25,33060053572,cbfdc185a146be7fd93392936d8971ea07d3284f09e19330ac81f574db8454fe,Delta_LS_50_50,APT,-0.1,0.038701233266871776
01b3ea7a5ff1012f9df029a0230ba47088e46d4d854b29fcb46960bf61b21c63,2026-08-26,signal_close_then_next_daily_open,2026-08-26,1.555163600297833,2,LONG,2026-08-25,33060053572,cbfdc185a146be7fd93392936d8971ea07d3284f09e19330ac81f574db8454fe,Delta_LS_50_50_StopVol,XRP,0.08797573463059793,0.04546708267678167
c84204ef9c4dff86377036939ace514078201994959ea7ca329300989f6808d1,2026-08-26,signal_close_then_next_daily_open,2026-08-26,1.3685537178991436,2,LONG,2026-08-25,33060053572,cbfdc185a146be7fd93392936d8971ea07d3284f09e19330ac81f574db8454fe,Delta_LS_50_50_StopVol,AAVE,0.06858655170458308,0.05832047100470737
016e543f3490575301b5f0d9970bb6eaed02beb1e6d34161fc97bb80444dd4d2,2026-08-26,signal_close_then_next_daily_open,2026-08-26,0.9733314653226554,2,LONG,2026-08-25,33060053572,cbfdc185a146be7fd93392936d8971ea07d3284f09e19330ac81f574db8454fe,Delta_LS_50_50_StopVol,ETH,0.1,0.03831125039053624
b04c374acb7d52081d818d528c4e4cf9d83e6c65f4c8f96b0dbc158007b512a5,2026-08-26,signal_close_then_next_daily_open,2026-08-26,0.9075390201678171,2,LONG,2026-08-25,33060053572,cbfdc185a146be7fd93392936d8971ea07d3284f09e19330ac81f574db8454fe,Delta_LS_50_50_StopVol,SOL,0.1,0.027919257305766294
83477f33ce4bc668565cca0e02446c9f7480f8f193f02325bcef9d516144c936,2026-08-26,signal_close_then_next_daily_open,2026-08-26,0.7434915076259586,2,LONG,2026-08-25,33060053572,cbfdc185a146be7fd93392936d8971ea07d3284f09e19330ac81f574db8454fe,Delta_LS_50_50_StopVol,LINK,0.1,0.03739231813780193
fe50c804c463b36bb6dcd54d25dd4fc0c5f0e95c9fd0d2907ed985aad50a2347,2026-08-26,signal_close_then_next_daily_open,2026-08-26,-0.7323184690358963,2,SHORT,2026-08-25,33060053572,cbfdc185a146be7fd93392936d8971ea07d3284f09e19330ac81f574db8454fe,Delta_LS_50_50_StopVol,DOT,-0.1,0.036113401924519686
a7928a7bb3749973e3ba819241f231d466b6c154f840607666e42a9d0a0fe51b,2026-08-26,signal_close_then_next_daily_open,2026-08-26,-0.999791620648632,2,SHORT,2026-08-25,33060053572,cbfdc185a146be7fd93392936d8971ea07d3284f09e19330ac81f574db8454fe,Delta_LS_50_50_StopVol,TRX,-0.1,0.008807755439639828
e97adcfc2cd33804f6fb85728d9572a0bdc90424d9954e10bb2ff2b64cd5476b,2026-08-26,signal_close_then_next_daily_open,2026-08-26,-1.220645380878735,2,SHORT,2026-08-25,33060053572,cbfdc185a146be7fd93392936d8971ea07d3284f09e19330ac81f574db8454fe,Delta_LS_50_50_StopVol,FIL,-0.09479424179624323,0.04219665587491965
324a5b0c277d2211261687a0a27f38c6173faf777e30d5f819a4b97cfb0ddcb2,2026-08-26,signal_close_then_next_daily_open,2026-08-26,-1.6212299282995875,2,SHORT,2026-08-25,33060053572,cbfdc185a146be7fd93392936d8971ea07d3284f09e19330ac81f574db8454fe,Delta_LS_50_50_StopVol,APT,-0.1,0.038701233266871776
a15933b83f1de5a12d6ac3c3e95c5c0640328fbc3af4610d8ace565a95dc2b67,2026-08-27,signal_close_then_next_daily_open,2026-08-27,1.3208262396512136,2,LONG,2026-08-26,33166852936,439f29524ba3ec49fe94bd2e362058ab8667b59800dd73d6fcf923c006e6dc32,Delta_LS_70_30,XRP,0.13999999999999999,0.04454632462494051
7840d1555bb5f1b3799ae6187c2ccac895d944047bb5481935817c2c5a8d78c7,2026-08-27,signal_close_then_next_daily_open,2026-08-27,1.2113214737940052,2,LONG,2026-08-26,33166852936,439f29524ba3ec49fe94bd2e362058ab8667b59800dd73d6fcf923c006e6dc32,Delta_LS_70_30,AAVE,0.13999999999999999,0.05775801706067404
22e0f95405f7b233415215e933b31c531173d4ec4d9f73e883d68e20153ac41d,2026-08-27,signal_close_then_next_daily_open,2026-08-27,1.2038724194554449,2,LONG,2026-08-26,33166852936,439f29524ba3ec49fe94bd2e362058ab8667b59800dd73d6fcf923c006e6dc32,Delta_LS_70_30,SOL,0.13999999999999999,0.02815635420143427
0af903bad6ecbf19d92e0456fe14ce68a9d5689dd0e779f6310e95712206d9cb,2026-08-27,signal_close_then_next_daily_open,2026-08-27,0.8494574832315004,2,LONG,2026-08-26,33166852936,439f29524ba3ec49fe94bd2e362058ab8667b59800dd73d6fcf923c006e6dc32,Delta_LS_70_30,LINK,0.13999999999999999,0.03580527144532981
aede4be2dfdeae04212d3a520dbdd0ecb12d6e48a7cb47e52a42e115a66e995c,2026-08-27,signal_close_then_next_daily_open,2026-08-27,0.7743237164027881,2,LONG,2026-08-26,33166852936,439f29524ba3ec49fe94bd2e362058ab8667b59800dd73d6fcf923c006e6dc32,Delta_LS_70_30,ETH,0.13999999999999999,0.037682903910423615
16eb8e726be4f8603bdd779121284b56995064a2086385260dd97d7b46736f71,2026-08-27,signal_close_then_next_daily_open,2026-08-27,-0.5961346440508626,2,SHORT,2026-08-26,33166852936,439f29524ba3ec49fe94bd2e362058ab8667b59800dd73d6fcf923c006e6dc32,Delta_LS_70_30,SUI,-0.06,0.03951307994737431
d780dfa62852274b8bef80a88dce741518ec2601202e3f3e4e3457c60b5b044b,2026-08-27,signal_close_then_next_daily_open,2026-08-27,-1.1305323605903823,2,SHORT,2026-08-26,33166852936,439f29524ba3ec49fe94bd2e362058ab8667b59800dd73d6fcf923c006e6dc32,Delta_LS_70_30,FIL,-0.06,0.0402431721879115
93d2390d63a716aa36daf914e25dd425ff5d27f118cdd528b56a8e0afd98033c,2026-08-27,signal_close_then_next_daily_open,2026-08-27,-1.1933956907019092,2,SHORT,2026-08-26,33166852936,439f29524ba3ec49fe94bd2e362058ab8667b59800dd73d6fcf923c006e6dc32,Delta_LS_70_30,TRX,-0.06,0.007639270494413372
0d19bf24f6d6261ec0ee8ff9d89e4573612728ee40184bfa211686782a6fba52,2026-08-27,signal_close_then_next_daily_open,2026-08-27,-1.5799114251611082,2,SHORT,2026-08-26,33166852936,439f29524ba3ec49fe94bd2e362058ab8667b59800dd73d6fcf923c006e6dc32,Delta_LS_70_30,APT,-0.06,0.03746595619795373
8074ce4f08ace91a363aae2618d99b3d38afbe5a542c8364b36089e3708903ee,2026-08-27,signal_close_then_next_daily_open,2026-08-27,1.3208262396512136,2,LONG,2026-08-26,33166852936,439f29524ba3ec49fe94bd2e362058ab8667b59800dd73d6fcf923c006e6dc32,Delta_LS_70_30_StopVol,XRP,0.12571183026095675,0.04454632462494051
267eb803811f33ac415ec4d403671bfc0f742899479b3f846304705e7f264140,2026-08-27,signal_close_then_next_daily_open,2026-08-27,1.2113214737940052,2,LONG,2026-08-26,33166852936,439f29524ba3ec49fe94bd2e362058ab8667b59800dd73d6fcf923c006e6dc32,Delta_LS_70_30_StopVol,AAVE,0.09695623715954918,0.05775801706067404
03e189a709c2a11a7f30334719bd3ed92f58be99db89da0d8f337d59649efdfa,2026-08-27,signal_close_then_next_daily_open,2026-08-27,1.2038724194554449,2,LONG,2026-08-26,33166852936,439f29524ba3ec49fe94bd2e362058ab8667b59800dd73d6fcf923c006e6dc32,Delta_LS_70_30_StopVol,SOL,0.13999999999999999,0.02815635420143427
8cb680ef654bb62c870eda22ca492169c7c8acc9f555a85aafc560abf5a9d7fc,2026-08-27,signal_close_then_next_daily_open,2026-08-27,0.8494574832315004,2,LONG,2026-08-26,33166852936,439f29524ba3ec49fe94bd2e362058ab8667b59800dd73d6fcf923c006e6dc32,Delta_LS_70_30_StopVol,LINK,0.13999999999999999,0.03580527144532981
ca91c3484b5fd1e177c574198b7f929ba51e8e851c4b9216e45ce6366dc69fe0,2026-08-27,signal_close_then_next_daily_open,2026-08-27,0.7743237164027881,2,LONG,2026-08-26,33166852936,439f29524ba3ec49fe94bd2e362058ab8667b59800dd73d6fcf923c006e6dc32,Delta_LS_70_30_StopVol,ETH,0.13999999999999999,0.037682903910423615
7f15355ef64dd61e8e80c0dcb9f7e53a2f04f3788fd08e6e96f0761f0b520bdb,2026-08-27,signal_close_then_next_daily_open,2026-08-27,-0.5961346440508626,2,SHORT,2026-08-26,33166852936,439f29524ba3ec49fe94bd2e362058ab8667b59800dd73d6fcf923c006e6dc32,Delta_LS_70_30_StopVol,SUI,-0.06,0.03951307994737431
1d1e95a749e19ca04df723e734adff59efc32a019f6013c499df02a12628f4a1,2026-08-27,signal_close_then_next_daily_open,2026-08-27,-1.1305323605903823,2,SHORT,2026-08-26,33166852936,439f29524ba3ec49fe94bd2e362058ab8667b59800dd73d6fcf923c006e6dc32,Delta_LS_70_30_StopVol,FIL,-0.0596374457956107,0.0402431721879115
3b4006fb59bcf075e3b8e08f880e247184cceebd6f050d4043ddae9044fde963,2026-08-27,signal_close_then_next_daily_open,2026-08-27,-1.1933956907019092,2,SHORT,2026-08-26,33166852936,439f29524ba3ec49fe94bd2e362058ab8667b59800dd73d6fcf923c006e6dc32,Delta_LS_70_30_StopVol,TRX,-0.06,0.007639270494413372
9082b8134f5dd6cc0c86fd01efc6758c14b01d9f9109c46d7c3204750cfd1dbf,2026-08-27,signal_close_then_next_daily_open,2026-08-27,-1.5799114251611082,2,SHORT,2026-08-26,33166852936,439f29524ba3ec49fe94bd2e362058ab8667b59800dd73d6fcf923c006e6dc32,Delta_LS_70_30_StopVol,APT,-0.06,0.03746595619795373
dd4fb33d0ca5056220b62f5ccd724e6462c5aa733ab7e64c57a4bb1022ead0e0,2026-08-27,signal_close_then_next_daily_open,2026-08-27,1.3208262396512136,2,LONG,2026-08-26,33166852936,439f29524ba3ec49fe94bd2e362058ab8667b59800dd73d6fcf923c006e6dc32,Delta_LS_50_50,XRP,0.1,0.04454632462494051
9c7d5f3ed5e3a1781047d1c3c1f92d8fd569691be2e078d39e097f3d07f4cdca,2026-08-27,signal_close_then_next_daily_open,2026-08-27,1.2113214737940052,2,LONG,2026-08-26,33166852936,439f29524ba3ec49fe94bd2e362058ab8667b59800dd73d6fcf923c006e6dc32,Delta_LS_50_50,AAVE,0.1,0.05775801706067404
5152ac2546a7eed0ae136db5fbd5e0c7c86bff7e8fec0f0d60e4092c87eeaf13,2026-08-27,signal_close_then_next_daily_open,2026-08-27,1.2038724194554449,2,LONG,2026-08-26,33166852936,439f29524ba3ec49fe94bd2e362058ab8667b59800dd73d6fcf923c006e6dc32,Delta_LS_50_50,SOL,0.1,0.02815635420143427
57cb4f034e2b12821323961b852afbd06fab58040c066d3b93e9fd2cd4531a78,2026-08-27,signal_close_then_next_daily_open,2026-08-27,0.8494574832315004,2,LONG,2026-08-26,33166852936,439f29524ba3ec49fe94bd2e362058ab8667b59800dd73d6fcf923c006e6dc32,Delta_LS_50_50,LINK,0.1,0.03580527144532981
d75cd841b6ee6f6aded610435c28727be2ef83aaac32acdf8974eb45cf40986c,2026-08-27,signal_close_then_next_daily_open,2026-08-27,0.7743237164027881,2,LONG,2026-08-26,33166852936,439f29524ba3ec49fe94bd2e362058ab8667b59800dd73d6fcf923c006e6dc32,Delta_LS_50_50,ETH,0.1,0.037682903910423615
5544927224abc0e3e5dcdc03b52a6bed17d332625568663bb2f82d213302bb4d,2026-08-27,signal_close_then_next_daily_open,2026-08-27,-0.5961346440508626,2,SHORT,2026-08-26,33166852936,439f29524ba3ec49fe94bd2e362058ab8667b59800dd73d6fcf923c006e6dc32,Delta_LS_50_50,SUI,-0.1,0.03951307994737431
89509c9855d5f35e3af977bea40cef7cd7a251602f832acf5373be6fbaf252b6,2026-08-27,signal_close_then_next_daily_open,2026-08-27,-1.1305323605903823,2,SHORT,2026-08-26,33166852936,439f29524ba3ec49fe94bd2e362058ab8667b59800dd73d6fcf923c006e6dc32,Delta_LS_50_50,FIL,-0.1,0.0402431721879115
5cc8ed182b601f3fa5458f155d11a508cec9b46b53ed80d35418359ce7012ff1,2026-08-27,signal_close_then_next_daily_open,2026-08-27,-1.1933956907019092,2,SHORT,2026-08-26,33166852936,439f29524ba3ec49fe94bd2e362058ab8667b59800dd73d6fcf923c006e6dc32,Delta_LS_50_50,TRX,-0.1,0.007639270494413372
fd2ba35d5d88b7c05cc641b535c5c7f4a2bf4d42c14a6603ff516282121904cc,2026-08-27,signal_close_then_next_daily_open,2026-08-27,-1.5799114251611082,2,SHORT,2026-08-26,33166852936,439f29524ba3ec49fe94bd2e362058ab8667b59800dd73d6fcf923c006e6dc32,Delta_LS_50_50,APT,-0.1,0.03746595619795373
d430f98fa3d596b5ccdff0caa13bff38d65c9a53c64528b7581cf673b37761ff,2026-08-27,signal_close_then_next_daily_open,2026-08-27,1.3208262396512136,2,LONG,2026-08-26,33166852936,439f29524ba3ec49fe94bd2e362058ab8667b59800dd73d6fcf923c006e6dc32,Delta_LS_50_50_StopVol,XRP,0.08979416447211198,0.04454632462494051
4de50a3881f5c1e89e830cda29bc896e22ea62f48c3b1f8340475486033ac38f,2026-08-27,signal_close_then_next_daily_open,2026-08-27,1.2113214737940052,2,LONG,2026-08-26,33166852936,439f29524ba3ec49fe94bd2e362058ab8667b59800dd73d6fcf923c006e6dc32,Delta_LS_50_50_StopVol,AAVE,0.0692544551139637,0.05775801706067404
d2acd51be807901f35f06f7eda7f6212a6831522be365c04d1fcd96a3e181db6,2026-08-27,signal_close_then_next_daily_open,2026-08-27,1.2038724194554449,2,LONG,2026-08-26,33166852936,439f29524ba3ec49fe94bd2e362058ab8667b59800dd73d6fcf923c006e6dc32,Delta_LS_50_50_StopVol,SOL,0.1,0.02815635420143427
21e70a91da77d57424d600380a98fcb213ac386b6f2b4e5865b897ecf701e123,2026-08-27,signal_close_then_next_daily_open,2026-08-27,0.8494574832315004,2,LONG,2026-08-26,33166852936,439f29524ba3ec49fe94bd2e362058ab8667b59800dd73d6fcf923c006e6dc32,Delta_LS_50_50_StopVol,LINK,0.1,0.03580527144532981
69117f2ae191a933cf0e41ddf17c2ca965d33aa91d78d4c385702209809af3a5,2026-08-27,signal_close_then_next_daily_open,2026-08-27,0.7743237164027881,2,LONG,2026-08-26,33166852936,439f29524ba3ec49fe94bd2e362058ab8667b59800dd73d6fcf923c006e6dc32,Delta_LS_50_50_StopVol,ETH,0.1,0.037682903910423615
a911096db57d30274ba420fb3010d8ff52269320b0caed714014f06fc6fbc79a,2026-08-27,signal_close_then_next_daily_open,2026-08-27,-0.5961346440508626,2,SHORT,2026-08-26,33166852936,439f29524ba3ec49fe94bd2e362058ab8667b59800dd73d6fcf923c006e6dc32,Delta_LS_50_50_StopVol,SUI,-0.1,0.03951307994737431
92ea75903124740da90b8af3f6b1d32ea679ddab143a2faac4a97691042f593e,2026-08-27,signal_close_then_next_daily_open,2026-08-27,-1.1305323605903823,2,SHORT,2026-08-26,33166852936,439f29524ba3ec49fe94bd2e362058ab8667b59800dd73d6fcf923c006e6dc32,Delta_LS_50_50_StopVol,FIL,-0.0993957429926845,0.0402431721879115
931772470b0fc8cd99e9e759e94b2c1bc421c8a76a9aa69e6b62a8c8054c6884,2026-08-27,signal_close_then_next_daily_open,2026-08-27,-1.1933956907019092,2,SHORT,2026-08-26,33166852936,439f29524ba3ec49fe94bd2e362058ab8667b59800dd73d6fcf923c006e6dc32,Delta_LS_50_50_StopVol,TRX,-0.1,0.007639270494413372
656504816ae539cb5434b2c87b2f681495dedbcb8ad12cae0f091760e18acdee,2026-08-27,signal_close_then_next_daily_open,2026-08-27,-1.5799114251611082,2,SHORT,2026-08-26,33166852936,439f29524ba3ec49fe94bd2e362058ab8667b59800dd73d6fcf923c006e6dc32,Delta_LS_50_50_StopVol,APT,-0.1,0.03746595619795373
a20ff02e2410892fb07ce7dd5c9ce0de798e29d594ec1f84a389116cbc939351,2026-08-28,signal_close_then_next_daily_open,2026-08-28,1.8064599199859974,2,LONG,2026-08-27,33239920511,446b1a7af0c908db2e1c54f2df87864a1628ace970bde4d0fa23b6ff1b941aa5,Delta_LS_70_30,SOL,0.13999999999999999,0.029892626957044196
1d22664442caccc46b625eec580ab84f21d059a71b2b96deab664ef92750f844,2026-08-28,signal_close_then_next_daily_open,2026-08-28,1.13346023139269,2,LONG,2026-08-27,33239920511,446b1a7af0c908db2e1c54f2df87864a1628ace970bde4d0fa23b6ff1b941aa5,Delta_LS_70_30,XRP,0.13999999999999999,0.04456625654655239
d3fcaa75bcf223b685b615046f9de9fb21987cd605c4a859332ccf9d924d76bb,2026-08-28,signal_close_then_next_daily_open,2026-08-28,1.0910905131623303,2,LONG,2026-08-27,33239920511,446b1a7af0c908db2e1c54f2df87864a1628ace970bde4d0fa23b6ff1b941aa5,Delta_LS_70_30,AAVE,0.13999999999999999,0.05764631152521284
4fef5937e77f0b40f64a7a67fd6f979afbac878ba1af5ee6e5d8ebae6c9e8112,2026-08-28,signal_close_then_next_daily_open,2026-08-28,0.9585559318481438,2,LONG,2026-08-27,33239920511,446b1a7af0c908db2e1c54f2df87864a1628ace970bde4d0fa23b6ff1b941aa5,Delta_LS_70_30,LINK,0.13999999999999999,0.03588481919720452
c3db7a024d5d3d54af2f1324c29f71b8f56ee4bdcbaa037fd672f73a2b70e4ca,2026-08-28,signal_close_then_next_daily_open,2026-08-28,0.6717357855572879,2,LONG,2026-08-27,33239920511,446b1a7af0c908db2e1c54f2df87864a1628ace970bde4d0fa23b6ff1b941aa5,Delta_LS_70_30,ETH,0.13999999999999999,0.03769787282817599
3be2853d066f5e800bd91c66c55a023dccca47f3b3deb747c10f59c2799612d9,2026-08-28,signal_close_then_next_daily_open,2026-08-28,-0.6197170878614983,2,SHORT,2026-08-27,33239920511,446b1a7af0c908db2e1c54f2df87864a1628ace970bde4d0fa23b6ff1b941aa5,Delta_LS_70_30,LTC,-0.06,0.026395335054643608
1fd14191f585722e2dd3d333bf9b687c20f9e6d23a503debf38bd843278b59f3,2026-08-28,signal_close_then_next_daily_open,2026-08-28,-0.9587253262193669,2,SHORT,2026-08-27,33239920511,446b1a7af0c908db2e1c54f2df87864a1628ace970bde4d0fa23b6ff1b941aa5,Delta_LS_70_30,TRX,-0.06,0.007661284466533037
1495f5bdc336328ff5d2a616e1c1dd1dbaf92a78cf26eb4dd0ae4813acf2a162,2026-08-28,signal_close_then_next_daily_open,2026-08-28,-1.3637732117926753,2,SHORT,2026-08-27,33239920511,446b1a7af0c908db2e1c54f2df87864a1628ace970bde4d0fa23b6ff1b941aa5,Delta_LS_70_30,FIL,-0.06,0.04026301371156863
405e9167b03fd6442401e04c309d23a585ea37d87f4ea2f374a9f86654016dc8,2026-08-28,signal_close_then_next_daily_open,2026-08-28,-1.3771806223439413,2,SHORT,2026-08-27,33239920511,446b1a7af0c908db2e1c54f2df87864a1628ace970bde4d0fa23b6ff1b941aa5,Delta_LS_70_30,APT,-0.06,0.03743516022645568
f3f86f4315a5447e9b058e8a2d289524a32ca5d72bc0269942ac46723c76b64e,2026-08-28,signal_close_then_next_daily_open,2026-08-28,1.8064599199859974,2,LONG,2026-08-27,33239920511,446b1a7af0c908db2e1c54f2df87864a1628ace970bde4d0fa23b6ff1b941aa5,Delta_LS_70_30_StopVol,SOL,0.13999999999999999,0.029892626957044196
1c71b90397c2e705f20c302f8446da1c9bff9a4811424c573ee46160178b388f,2026-08-28,signal_close_then_next_daily_open,2026-08-28,1.13346023139269,2,LONG,2026-08-27,33239920511,446b1a7af0c908db2e1c54f2df87864a1628ace970bde4d0fa23b6ff1b941aa5,Delta_LS_70_30_StopVol,XRP,0.12565560659442937,0.04456625654655239
5b162152333c9df8eafdc8f7045e2bc5a10f159e643e967b8df84c0ff93548ca,2026-08-28,signal_close_then_next_daily_open,2026-08-28,1.0910905131623303,2,LONG,2026-08-27,33239920511,446b1a7af0c908db2e1c54f2df87864a1628ace970bde4d0fa23b6ff1b941aa5,Delta_LS_70_30_StopVol,AAVE,0.0971441164548875,0.05764631152521284
dbdd14083e5140be4d63716b944dddc682ce8e152e5e9bea8aeee1eb28639797,2026-08-28,signal_close_then_next_daily_open,2026-08-28,0.9585559318481438,2,LONG,2026-08-27,33239920511,446b1a7af0c908db2e1c54f2df87864a1628ace970bde4d0fa23b6ff1b941aa5,Delta_LS_70_30_StopVol,LINK,0.13999999999999999,0.03588481919720452
0958d0e35c27bee2f65d6ff5bcde9c148be91132b345bd81a3319413ad619cee,2026-08-28,signal_close_then_next_daily_open,2026-08-28,0.6717357855572879,2,LONG,2026-08-27,33239920511,446b1a7af0c908db2e1c54f2df87864a1628ace970bde4d0fa23b6ff1b941aa5,Delta_LS_70_30_StopVol,ETH,0.13999999999999999,0.03769787282817599
f919a7de5c513679e4e5abc8bea95f013f226174b4307990eaee7e3361c70da1,2026-08-28,signal_close_then_next_daily_open,2026-08-28,-0.6197170878614983,2,SHORT,2026-08-27,33239920511,446b1a7af0c908db2e1c54f2df87864a1628ace970bde4d0fa23b6ff1b941aa5,Delta_LS_70_30_StopVol,LTC,-0.06,0.026395335054643608
69c2a0437c170bd348a4527a449e75a3fec9d2dcf7046fadba727c1785910178,2026-08-28,signal_close_then_next_daily_open,2026-08-28,-0.9587253262193669,2,SHORT,2026-08-27,33239920511,446b1a7af0c908db2e1c54f2df87864a1628ace970bde4d0fa23b6ff1b941aa5,Delta_LS_70_30_StopVol,TRX,-0.06,0.007661284466533037
fee2f799382f094b080715eb62dde8e0c7d2a0323e83577ef17d89bb28a87bc9,2026-08-28,signal_close_then_next_daily_open,2026-08-28,-1.3637732117926753,2,SHORT,2026-08-27,33239920511,446b1a7af0c908db2e1c54f2df87864a1628ace970bde4d0fa23b6ff1b941aa5,Delta_LS_70_30_StopVol,FIL,-0.05960805659488963,0.04026301371156863
cf03dfe2e79919bc47dbe013757eee8ae7faf1896bf5f3c7b7fa14348ff4ca58,2026-08-28,signal_close_then_next_daily_open,2026-08-28,-1.3771806223439413,2,SHORT,2026-08-27,33239920511,446b1a7af0c908db2e1c54f2df87864a1628ace970bde4d0fa23b6ff1b941aa5,Delta_LS_70_30_StopVol,APT,-0.06,0.03743516022645568
41044f71667fd4b7ad18ff72ae895528903d681c46f9051ab0278646d19f9193,2026-08-28,signal_close_then_next_daily_open,2026-08-28,1.8064599199859974,2,LONG,2026-08-27,33239920511,446b1a7af0c908db2e1c54f2df87864a1628ace970bde4d0fa23b6ff1b941aa5,Delta_LS_50_50,SOL,0.1,0.029892626957044196
d1eb2cba980a3bb8bcf80a50ea9afd64b0559f21f9747ea66ef841bb854e10fe,2026-08-28,signal_close_then_next_daily_open,2026-08-28,1.13346023139269,2,LONG,2026-08-27,33239920511,446b1a7af0c908db2e1c54f2df87864a1628ace970bde4d0fa23b6ff1b941aa5,Delta_LS_50_50,XRP,0.1,0.04456625654655239
8533a3c39f48b8c57df2a30a17eb08d9b82f3aa721601b8b83a96691c17b306f,2026-08-28,signal_close_then_next_daily_open,2026-08-28,1.0910905131623303,2,LONG,2026-08-27,33239920511,446b1a7af0c908db2e1c54f2df87864a1628ace970bde4d0fa23b6ff1b941aa5,Delta_LS_50_50,AAVE,0.1,0.05764631152521284
82238d41934392817b4798d042c389a888fbe9735e320942c26b9cdf156f645b,2026-08-28,signal_close_then_next_daily_open,2026-08-28,0.9585559318481438,2,LONG,2026-08-27,33239920511,446b1a7af0c908db2e1c54f2df87864a1628ace970bde4d0fa23b6ff1b941aa5,Delta_LS_50_50,LINK,0.1,0.03588481919720452
aa5b00a810a5292e7696876352c7ce927b01dd723a58714b390180e9bba79f1c,2026-08-28,signal_close_then_next_daily_open,2026-08-28,0.6717357855572879,2,LONG,2026-08-27,33239920511,446b1a7af0c908db2e1c54f2df87864a1628ace970bde4d0fa23b6ff1b941aa5,Delta_LS_50_50,ETH,0.1,0.03769787282817599
2102c4771319e8b931362e334915a54cfe33fca9ccb6dcdbefd2271b8f2754bc,2026-08-28,signal_close_then_next_daily_open,2026-08-28,-0.6197170878614983,2,SHORT,2026-08-27,33239920511,446b1a7af0c908db2e1c54f2df87864a1628ace970bde4d0fa23b6ff1b941aa5,Delta_LS_50_50,LTC,-0.1,0.026395335054643608
447b43d0be603e9bc43bbb1f1058ce9ce91749fe3389beb45847f8e212d213f2,2026-08-28,signal_close_then_next_daily_open,2026-08-28,-0.9587253262193669,2,SHORT,2026-08-27,33239920511,446b1a7af0c908db2e1c54f2df87864a1628ace970bde4d0fa23b6ff1b941aa5,Delta_LS_50_50,TRX,-0.1,0.007661284466533037
e40b319d44778fecd83ad9f09dda5b33bcb38cc6d49ddbdc832f48af2346d4b7,2026-08-28,signal_close_then_next_daily_open,2026-08-28,-1.3637732117926753,2,SHORT,2026-08-27,33239920511,446b1a7af0c908db2e1c54f2df87864a1628ace970bde4d0fa23b6ff1b941aa5,Delta_LS_50_50,FIL,-0.1,0.04026301371156863
f90114535ffcb7c964c91b145c76ae3b36bfff22f5bc173cf6557a9bdef84914,2026-08-28,signal_close_then_next_daily_open,2026-08-28,-1.3771806223439413,2,SHORT,2026-08-27,33239920511,446b1a7af0c908db2e1c54f2df87864a1628ace970bde4d0fa23b6ff1b941aa5,Delta_LS_50_50,APT,-0.1,0.03743516022645568
2a219035e8bbcce8e93a0f250801d586ff6f38bbe687b08f203fef89089ba54b,2026-08-28,signal_close_then_next_daily_open,2026-08-28,1.8064599199859974,2,LONG,2026-08-27,33239920511,446b1a7af0c908db2e1c54f2df87864a1628ace970bde4d0fa23b6ff1b941aa5,Delta_LS_50_50_StopVol,SOL,0.1,0.029892626957044196
275a9cd95464ae40c88f1303039b61640b714c5feaf40dd354f1dc62449989b4,2026-08-28,signal_close_then_next_daily_open,2026-08-28,1.13346023139269,2,LONG,2026-08-27,33239920511,446b1a7af0c908db2e1c54f2df87864a1628ace970bde4d0fa23b6ff1b941aa5,Delta_LS_50_50_StopVol,XRP,0.0897540047103067,0.04456625654655239
3d48df326f7a468255f843e4e8a36f9b6535492064f23eff1cc339df088de209,2026-08-28,signal_close_then_next_daily_open,2026-08-28,1.0910905131623303,2,LONG,2026-08-27,33239920511,446b1a7af0c908db2e1c54f2df87864a1628ace970bde4d0fa23b6ff1b941aa5,Delta_LS_50_50_StopVol,AAVE,0.06938865461063394,0.05764631152521284
9d4c021bbeedd9633aacdcf9a89d6b68d7479fd176e4ebc6cc862a300ce3d355,2026-08-28,signal_close_then_next_daily_open,2026-08-28,0.9585559318481438,2,LONG,2026-08-27,33239920511,446b1a7af0c908db2e1c54f2df87864a1628ace970bde4d0fa23b6ff1b941aa5,Delta_LS_50_50_StopVol,LINK,0.1,0.03588481919720452
2b0591cdb3fc4f11a23053a5b9cb0b456c606e78902940dea7cc4dfa56127db7,2026-08-28,signal_close_then_next_daily_open,2026-08-28,0.6717357855572879,2,LONG,2026-08-27,33239920511,446b1a7af0c908db2e1c54f2df87864a1628ace970bde4d0fa23b6ff1b941aa5,Delta_LS_50_50_StopVol,ETH,0.1,0.03769787282817599
eaec83fa4e4be3ca12b8671074bb0b8b9733847f92756eac69d3a4c44a4120e5,2026-08-28,signal_close_then_next_daily_open,2026-08-28,-0.6197170878614983,2,SHORT,2026-08-27,33239920511,446b1a7af0c908db2e1c54f2df87864a1628ace970bde4d0fa23b6ff1b941aa5,Delta_LS_50_50_StopVol,LTC,-0.1,0.026395335054643608
ca485be5c99a5ba48ffcf7ef50496fa1bd4416162884c9b032324dc0c38a77cc,2026-08-28,signal_close_then_next_daily_open,2026-08-28,-0.9587253262193669,2,SHORT,2026-08-27,33239920511,446b1a7af0c908db2e1c54f2df87864a1628ace970bde4d0fa23b6ff1b941aa5,Delta_LS_50_50_StopVol,TRX,-0.1,0.007661284466533037
cb211c52d257cd2f2400ebb91472215edafc245f093431dd089e1f7049895923,2026-08-28,signal_close_then_next_daily_open,2026-08-28,-1.3637732117926753,2,SHORT,2026-08-27,33239920511,446b1a7af0c908db2e1c54f2df87864a1628ace970bde4d0fa23b6ff1b941aa5,Delta_LS_50_50_StopVol,FIL,-0.09934676099148272,0.04026301371156863
56f951fe8e602b76b3d11ab05c82d43774097186922610bebc19025aa86585fe,2026-08-28,signal_close_then_next_daily_open,2026-08-28,-1.3771806223439413,2,SHORT,2026-08-27,33239920511,446b1a7af0c908db2e1c54f2df87864a1628ace970bde4d0fa23b6ff1b941aa5,Delta_LS_50_50_StopVol,APT,-0.1,0.03743516022645568
e050ed9a20a05764e0b369ff8c53e8bddf2b9b8c85c192a4752cc1e8c684c64e,2026-08-29,signal_close_then_next_daily_open,2026-08-29,2.005336585185548,2,LONG,2026-08-28,33294550540,29982663ee0cc923f00af51582edfb9d9a6fe8a11e77405bec4c94a21835d2d5,Delta_LS_70_30,SOL,0.13999999999999999,0.03168899016135939
e2cff89ea8f617253477bb9a1c4f0aa57fb81eeccf83724a07ad0867242f7c2f,2026-08-29,signal_close_then_next_daily_open,2026-08-29,1.017139800445951,2,LONG,2026-08-28,33294550540,29982663ee0cc923f00af51582edfb9d9a6fe8a11e77405bec4c94a21835d2d5,Delta_LS_70_30,XRP,0.13999999999999999,0.045846219249328406
475befad94061505bf0c411698a1907752bbe28b8832d314bfa8a84a48398b7f,2026-08-29,signal_close_then_next_daily_open,2026-08-29,1.0127619467422386,2,LONG,2026-08-28,33294550540,29982663ee0cc923f00af51582edfb9d9a6fe8a11e77405bec4c94a21835d2d5,Delta_LS_70_30,AAVE,0.13999999999999999,0.057583605117099694
2e09b11ced80154d0cde122dd3ef9f159c9dc1b18d1619d92dbaa99f4ae109b0,2026-08-29,signal_close_then_next_daily_open,2026-08-29,0.9725997362572522,2,LONG,2026-08-28,33294550540,29982663ee0cc923f00af51582edfb9d9a6fe8a11e77405bec4c94a21835d2d5,Delta_LS_70_30,LINK,0.13999999999999999,0.03689905511934444
b230ce11ae30a3b823b41abfee1fa8f53cc96e30af1cbaec8bd449501ad7966d,2026-08-29,signal_close_then_next_daily_open,2026-08-29,0.9301178498882412,2,LONG,2026-08-28,33294550540,29982663ee0cc923f00af51582edfb9d9a6fe8a11e77405bec4c94a21835d2d5,Delta_LS_70_30,ETH,0.13999999999999999,0.038191644007613754
fe9c8f69a3053d81f66730b53a2d4cef8a758e5d8d84c60b43bf6c1bf6826f20,2026-08-29,signal_close_then_next_daily_open,2026-08-29,-1.194697603043268,2,SHORT,2026-08-28,33294550540,29982663ee0cc923f00af51582edfb9d9a6fe8a11e77405bec4c94a21835d2d5,Delta_LS_70_30,OP,-0.06,0.042338762013325364
6f4120e594635106d23dc38a2eb96ad09450f5dedaf2bf74e332f25f143ccbb0,2026-08-29,signal_close_then_next_daily_open,2026-08-29,-1.2100192229004427,2,SHORT,2026-08-28,33294550540,29982663ee0cc923f00af51582edfb9d9a6fe8a11e77405bec4c94a21835d2d5,Delta_LS_70_30,FIL,-0.06,0.03987914020674362
78a273ad08b105cbe592099a0f2649b58466581e3bc37c6cfd815dcb1a703a95,2026-08-29,signal_close_then_next_daily_open,2026-08-29,-1.4917044724214585,2,SHORT,2026-08-28,33294550540,29982663ee0cc923f00af51582edfb9d9a6fe8a11e77405bec4c94a21835d2d5,Delta_LS_70_30,APT,-0.06,0.038440524155125166
f94350144fd5f48966d2937e709b375d7b76217dea70a2c5ec627ec24d72ac96,2026-08-29,signal_close_then_next_daily_open,2026-08-29,2.005336585185548,2,LONG,2026-08-28,33294550540,29982663ee0cc923f00af51582edfb9d9a6fe8a11e77405bec4c94a21835d2d5,Delta_LS_70_30_StopVol,SOL,0.13999999999999999,0.03168899016135939
ff1517fd7653772f0798cafc3a4b46553a8f7f2738cc6bb03e204cc5c9bd90ad,2026-08-29,signal_close_then_next_daily_open,2026-08-29,1.017139800445951,2,LONG,2026-08-28,33294550540,29982663ee0cc923f00af51582edfb9d9a6fe8a11e77405bec4c94a21835d2d5,Delta_LS_70_30_StopVol,XRP,0.12214747675364819,0.045846219249328406
1fb12b400cf0547f16bcc277aa08e629d204ac2d51756144b7cb9feac5679aba,2026-08-29,signal_close_then_next_daily_open,2026-08-29,1.0127619467422386,2,LONG,2026-08-28,33294550540,29982663ee0cc923f00af51582edfb9d9a6fe8a11e77405bec4c94a21835d2d5,Delta_LS_70_30_StopVol,AAVE,0.09724990279111677,0.057583605117099694
7d674e5c45b02da39765f4b1af63eef46e11da6460de044f41e9db981351c646,2026-08-29,signal_close_then_next_daily_open,2026-08-29,0.9725997362572522,2,LONG,2026-08-28,33294550540,29982663ee0cc923f00af51582edfb9d9a6fe8a11e77405bec4c94a21835d2d5,Delta_LS_70_30_StopVol,LINK,0.13999999999999999,0.03689905511934444
4167460d53df63e1c38f6cb8443cf32febf077074abfb57fe99900ce9c20e41b,2026-08-29,signal_close_then_next_daily_open,2026-08-29,0.9301178498882412,2,LONG,2026-08-28,33294550540,29982663ee0cc923f00af51582edfb9d9a6fe8a11e77405bec4c94a21835d2d5,Delta_LS_70_30_StopVol,ETH,0.13999999999999999,0.038191644007613754
9adfd4e24a28db2124bf9ebdc7008b3d3949d66e722e2e10ef0f2648907a3c1f,2026-08-29,signal_close_then_next_daily_open,2026-08-29,-1.194697603043268,2,SHORT,2026-08-28,33294550540,29982663ee0cc923f00af51582edfb9d9a6fe8a11e77405bec4c94a21835d2d5,Delta_LS_70_30_StopVol,OP,-0.05668564421521449,0.042338762013325364
58ac6092a446536a25b565777abb46a759ad9f6eb76315abfb037c0dc1211407,2026-08-29,signal_close_then_next_daily_open,2026-08-29,-1.2100192229004427,2,SHORT,2026-08-28,33294550540,29982663ee0cc923f00af51582edfb9d9a6fe8a11e77405bec4c94a21835d2d5,Delta_LS_70_30_StopVol,FIL,-0.06,0.03987914020674362
0df951b167c15205bd4d9a4dc26388c42e84284350b36d12f172446dbe3ca50c,2026-08-29,signal_close_then_next_daily_open,2026-08-29,-1.4917044724214585,2,SHORT,2026-08-28,33294550540,29982663ee0cc923f00af51582edfb9d9a6fe8a11e77405bec4c94a21835d2d5,Delta_LS_70_30_StopVol,APT,-0.06,0.038440524155125166
6fd4cadb989c06ebcc364c2736087dbde1eebc6f9cc4fc0e81bb9718fa14a46b,2026-08-29,signal_close_then_next_daily_open,2026-08-29,2.005336585185548,2,LONG,2026-08-28,33294550540,29982663ee0cc923f00af51582edfb9d9a6fe8a11e77405bec4c94a21835d2d5,Delta_LS_50_50,SOL,0.1,0.03168899016135939
c8a3aed8c39bd2bad9999c9c5b25aa3b5b5c01c608f8399cc8651a14b79fff5a,2026-08-29,signal_close_then_next_daily_open,2026-08-29,1.017139800445951,2,LONG,2026-08-28,33294550540,29982663ee0cc923f00af51582edfb9d9a6fe8a11e77405bec4c94a21835d2d5,Delta_LS_50_50,XRP,0.1,0.045846219249328406
636197046266441ce5ea3cd32109e77d6f2eb2d872937d62a078e5e8d2223ffa,2026-08-29,signal_close_then_next_daily_open,2026-08-29,1.0127619467422386,2,LONG,2026-08-28,33294550540,29982663ee0cc923f00af51582edfb9d9a6fe8a11e77405bec4c94a21835d2d5,Delta_LS_50_50,AAVE,0.1,0.057583605117099694
3aeaa8a68341012f581ae0de3d735eede9da9415163f4c912b1010badc7a4947,2026-08-29,signal_close_then_next_daily_open,2026-08-29,0.9725997362572522,2,LONG,2026-08-28,33294550540,29982663ee0cc923f00af51582edfb9d9a6fe8a11e77405bec4c94a21835d2d5,Delta_LS_50_50,LINK,0.1,0.03689905511934444
9d0c5c6b0bab6be99d2795574c7e5d9364f69ecc2fcf1631d4353f18bccab8b0,2026-08-29,signal_close_then_next_daily_open,2026-08-29,0.9301178498882412,2,LONG,2026-08-28,33294550540,29982663ee0cc923f00af51582edfb9d9a6fe8a11e77405bec4c94a21835d2d5,Delta_LS_50_50,ETH,0.1,0.038191644007613754
31af570f0ab733a453a3faa6b6f3792fc3553195ec61dc600c7570e6c917750e,2026-08-29,signal_close_then_next_daily_open,2026-08-29,-1.194697603043268,2,SHORT,2026-08-28,33294550540,29982663ee0cc923f00af51582edfb9d9a6fe8a11e77405bec4c94a21835d2d5,Delta_LS_50_50,OP,-0.1,0.042338762013325364
d8d20628a67ddc914b2af064a4d187c72831bccd561b32ac4105585361a5af37,2026-08-29,signal_close_then_next_daily_open,2026-08-29,-1.2100192229004427,2,SHORT,2026-08-28,33294550540,29982663ee0cc923f00af51582edfb9d9a6fe8a11e77405bec4c94a21835d2d5,Delta_LS_50_50,FIL,-0.1,0.03987914020674362
2f5b66ade817163fd3342713aafb3cd1cad1bd05ff3015fb25f0626d29cff1b4,2026-08-29,signal_close_then_next_daily_open,2026-08-29,-1.4917044724214585,2,SHORT,2026-08-28,33294550540,29982663ee0cc923f00af51582edfb9d9a6fe8a11e77405bec4c94a21835d2d5,Delta_LS_50_50,APT,-0.1,0.038440524155125166
53869d18b14ca4ea3e68af610425c687262e27ebda2d39990ac5e58c90436402,2026-08-29,signal_close_then_next_daily_open,2026-08-29,2.005336585185548,2,LONG,2026-08-28,33294550540,29982663ee0cc923f00af51582edfb9d9a6fe8a11e77405bec4c94a21835d2d5,Delta_LS_50_50_StopVol,SOL,0.1,0.03168899016135939
a1ad7f691d4b4908fbe6d5861c60a0bd0899d0e57b0d2e370b379a74b82fbcff,2026-08-29,signal_close_then_next_daily_open,2026-08-29,1.017139800445951,2,LONG,2026-08-28,33294550540,29982663ee0cc923f00af51582edfb9d9a6fe8a11e77405bec4c94a21835d2d5,Delta_LS_50_50_StopVol,XRP,0.0872481976811773,0.045846219249328406
7b854c07beb21fcbf278293044541075187a6c9f65378993cb8a915701d1f3b2,2026-08-29,signal_close_then_next_daily_open,2026-08-29,1.0127619467422386,2,LONG,2026-08-28,33294550540,29982663ee0cc923f00af51582edfb9d9a6fe8a11e77405bec4c94a21835d2d5,Delta_LS_50_50_StopVol,AAVE,0.06946421627936913,0.057583605117099694
2be48a2504c991cc7aa7c93714d97949607145a6a0423effe1d6230bd454039c,2026-08-29,signal_close_then_next_daily_open,2026-08-29,0.9725997362572522,2,LONG,2026-08-28,33294550540,29982663ee0cc923f00af51582edfb9d9a6fe8a11e77405bec4c94a21835d2d5,Delta_LS_50_50_StopVol,LINK,0.1,0.03689905511934444
9a14e9b85c847b60f62735e1c86edb874a78a8f9181dc09803eac05c9131cb66,2026-08-29,signal_close_then_next_daily_open,2026-08-29,0.9301178498882412,2,LONG,2026-08-28,33294550540,29982663ee0cc923f00af51582edfb9d9a6fe8a11e77405bec4c94a21835d2d5,Delta_LS_50_50_StopVol,ETH,0.1,0.038191644007613754
1f2dfec62ef21c5ddf0339e5dceb0bfa097f9a7c6ed492252ee969040750ff8f,2026-08-29,signal_close_then_next_daily_open,2026-08-29,-1.194697603043268,2,SHORT,2026-08-28,33294550540,29982663ee0cc923f00af51582edfb9d9a6fe8a11e77405bec4c94a21835d2d5,Delta_LS_50_50_StopVol,OP,-0.09447607369202415,0.042338762013325364
7058878c8bd5237953305770802f51ed87295de831b7a40b380ffceb2f9bdc7e,2026-08-29,signal_close_then_next_daily_open,2026-08-29,-1.2100192229004427,2,SHORT,2026-08-28,33294550540,29982663ee0cc923f00af51582edfb9d9a6fe8a11e77405bec4c94a21835d2d5,Delta_LS_50_50_StopVol,FIL,-0.1,0.03987914020674362
618ba836fed349ebd393615536815fd1b136c88112ad6ff63a04b1b8e0f6347c,2026-08-29,signal_close_then_next_daily_open,2026-08-29,-1.4917044724214585,2,SHORT,2026-08-28,33294550540,29982663ee0cc923f00af51582edfb9d9a6fe8a11e77405bec4c94a21835d2d5,Delta_LS_50_50_StopVol,APT,-0.1,0.038440524155125166
641bd9ca3f2badd69bcef0e4fe84d84d8b83c448a40b2f30259f96fb18bf5794,2026-08-30,signal_close_then_next_daily_open,2026-08-30,2.0022689110178593,2,LONG,2026-08-29,33360883070,2e88dd16808ced54672b21de9a228663a68b0356df07cb892c072676b8112052,Delta_LS_70_30,SOL,0.13999999999999999,0.03169023845582955
8465e2b8559def12fb9ef3b01644b29a640fc38daddfdb0a5d92fe4b305390af,2026-08-30,signal_close_then_next_daily_open,2026-08-30,1.102240672375166,2,LONG,2026-08-29,33360883070,2e88dd16808ced54672b21de9a228663a68b0356df07cb892c072676b8112052,Delta_LS_70_30,AAVE,0.13999999999999999,0.05760682276258277
df0d55429a8a1c81939c32da8f023d0c445b8f42a03835e7118cbf14e67d40a8,2026-08-30,signal_close_then_next_daily_open,2026-08-30,1.0050835981350585,2,LONG,2026-08-29,33360883070,2e88dd16808ced54672b21de9a228663a68b0356df07cb892c072676b8112052,Delta_LS_70_30,ETH,0.13999999999999999,0.0381850139550848
f78e4e144a1e469884a67fd33d3fedc78cf3fd843309a0de997443e211ed7bb8,2026-08-30,signal_close_then_next_daily_open,2026-08-30,0.9648951354565249,2,LONG,2026-08-29,33360883070,2e88dd16808ced54672b21de9a228663a68b0356df07cb892c072676b8112052,Delta_LS_70_30,XRP,0.13999999999999999,0.04584605286345652
2f97897de48e87cac77d4287fda825b730870e3c741bf2d4b9be4cd14c491490,2026-08-30,signal_close_then_next_daily_open,2026-08-30,0.7530382645099886,2,LONG,2026-08-29,33360883070,2e88dd16808ced54672b21de9a228663a68b0356df07cb892c072676b8112052,Delta_LS_70_30,LINK,0.13999999999999999,0.03692937189675556
cff4a5389c2840edba203a9993faf3661d2e8c5a6f3727ed7bb54567ad742693,2026-08-30,signal_close_then_next_daily_open,2026-08-30,-0.44679383719741467,2,SHORT,2026-08-29,33360883070,2e88dd16808ced54672b21de9a228663a68b0356df07cb892c072676b8112052,Delta_LS_70_30,DOT,-0.06,0.03358271696052982
af4eae147b94305b3d8a9bec1309f8c13a053b457c40ab6f235aec0b67364a7c,2026-08-30,signal_close_then_next_daily_open,2026-08-30,-0.5792742067690017,2,SHORT,2026-08-29,33360883070,2e88dd16808ced54672b21de9a228663a68b0356df07cb892c072676b8112052,Delta_LS_70_30,SUI,-0.06,0.040506424464240985
d960f46c450adf8020b364c1f35c780b56a65904005861adedc8f83726fd38fd,2026-08-30,signal_close_then_next_daily_open,2026-08-30,-1.234510472731819,2,SHORT,2026-08-29,33360883070,2e88dd16808ced54672b21de9a228663a68b0356df07cb892c072676b8112052,Delta_LS_70_30,FIL,-0.06,0.03876786554697652
6f6444eab755194d23e094a92d8541e256487ce5865958b3a9830a1c35207608,2026-08-30,signal_close_then_next_daily_open,2026-08-30,-1.3003128349718482,2,SHORT,2026-08-29,33360883070,2e88dd16808ced54672b21de9a228663a68b0356df07cb892c072676b8112052,Delta_LS_70_30,OP,-0.06,0.04236113498738853
7e43c9b709e71955c921cfc3401460e403b95783870ff0d020354e525bd8e93a,2026-08-30,signal_close_then_next_daily_open,2026-08-30,-1.3743056804839309,2,SHORT,2026-08-29,33360883070,2e88dd16808ced54672b21de9a228663a68b0356df07cb892c072676b8112052,Delta_LS_70_30,APT,-0.06,0.03844092513602865
064045db0b2242a07580f5d66d1d7b6dd0527944d9b7e429a069977050447cce,2026-08-30,signal_close_then_next_daily_open,2026-08-30,2.0022689110178593,2,LONG,2026-08-29,33360883070,2e88dd16808ced54672b21de9a228663a68b0356df07cb892c072676b8112052,Delta_LS_70_30_StopVol,SOL,0.13999999999999999,0.03169023845582955
960ae8f6d298c9924eeb1bcb17954ae10b7d8a89f6a1badb6f2f0bf25cdedfd3,2026-08-30,signal_close_then_next_daily_open,2026-08-30,1.102240672375166,2,LONG,2026-08-29,33360883070,2e88dd16808ced54672b21de9a228663a68b0356df07cb892c072676b8112052,Delta_LS_70_30_StopVol,AAVE,0.09721070754204753,0.05760682276258277
55eac7cba3af24df9dd7d7f1591d7ab5e0393b435bd6ccd0bad5a525995321b0,2026-08-30,signal_close_then_next_daily_open,2026-08-30,1.0050835981350585,2,LONG,2026-08-29,33360883070,2e88dd16808ced54672b21de9a228663a68b0356df07cb892c072676b8112052,Delta_LS_70_30_StopVol,ETH,0.13999999999999999,0.0381850139550848
2c53e56e9f4f35c873a27d15055bcdb4a60904bd284cc7d33ccb7aa0218da410,2026-08-30,signal_close_then_next_daily_open,2026-08-30,0.9648951354565249,2,LONG,2026-08-29,33360883070,2e88dd16808ced54672b21de9a228663a68b0356df07cb892c072676b8112052,Delta_LS_70_30_StopVol,XRP,0.12214792005493912,0.04584605286345652
06ffa73b2aec47b60f6294b531fc823c27d46e7fb37e6121db5eb14b8432b331,2026-08-30,signal_close_then_next_daily_open,2026-08-30,0.7530382645099886,2,LONG,2026-08-29,33360883070,2e88dd16808ced54672b21de9a228663a68b0356df07cb892c072676b8112052,Delta_LS_70_30_StopVol,LINK,0.13999999999999999,0.03692937189675556
2a292585c45edc67b02af8ffbf02a31742e832deea6e427bbce762d05e3fcc47,2026-08-30,signal_close_then_next_daily_open,2026-08-30,-0.44679383719741467,2,SHORT,2026-08-29,33360883070,2e88dd16808ced54672b21de9a228663a68b0356df07cb892c072676b8112052,Delta_LS_70_30_StopVol,DOT,-0.06,0.03358271696052982
ffd12dcb82b70e239234783465cce2254199c39dab50bc223005b9909036de89,2026-08-30,signal_close_then_next_daily_open,2026-08-30,-0.5792742067690017,2,SHORT,2026-08-29,33360883070,2e88dd16808ced54672b21de9a228663a68b0356df07cb892c072676b8112052,Delta_LS_70_30_StopVol,SUI,-0.059249860528142066,0.040506424464240985
c51a77479f767517e4d83345e8235082c3c433243a931d0778beb2520ce8dc4b,2026-08-30,signal_close_then_next_daily_open,2026-08-30,-1.234510472731819,2,SHORT,2026-08-29,33360883070,2e88dd16808ced54672b21de9a228663a68b0356df07cb892c072676b8112052,Delta_LS_70_30_StopVol,FIL,-0.06,0.03876786554697652
3322a341d43276db122987ec6391a139c68c1cc7cec3323331deacd63f3523ad,2026-08-30,signal_close_then_next_daily_open,2026-08-30,-1.3003128349718482,2,SHORT,2026-08-29,33360883070,2e88dd16808ced54672b21de9a228663a68b0356df07cb892c072676b8112052,Delta_LS_70_30_StopVol,OP,-0.05665570577168227,0.04236113498738853
3eb78ab600300d96e78c22074cb3a81878c7b32f4127e7cae102a5fe3e3d007f,2026-08-30,signal_close_then_next_daily_open,2026-08-30,-1.3743056804839309,2,SHORT,2026-08-29,33360883070,2e88dd16808ced54672b21de9a228663a68b0356df07cb892c072676b8112052,Delta_LS_70_30_StopVol,APT,-0.06,0.03844092513602865
5fe098e02e2207d79895ddaafa26f3ec3ec6b2569b1218da1faa6f3d3abedf0a,2026-08-30,signal_close_then_next_daily_open,2026-08-30,2.0022689110178593,2,LONG,2026-08-29,33360883070,2e88dd16808ced54672b21de9a228663a68b0356df07cb892c072676b8112052,Delta_LS_50_50,SOL,0.1,0.03169023845582955
c6d8d4554e1f31d9469b15467a035e7656ce6000a769e06b22f5ae6721fa5c54,2026-08-30,signal_close_then_next_daily_open,2026-08-30,1.102240672375166,2,LONG,2026-08-29,33360883070,2e88dd16808ced54672b21de9a228663a68b0356df07cb892c072676b8112052,Delta_LS_50_50,AAVE,0.1,0.05760682276258277
7a3cdeb414f3fbcdebbc3143005398e59adf990360557d2c5a5c390de2cc2522,2026-08-30,signal_close_then_next_daily_open,2026-08-30,1.0050835981350585,2,LONG,2026-08-29,33360883070,2e88dd16808ced54672b21de9a228663a68b0356df07cb892c072676b8112052,Delta_LS_50_50,ETH,0.1,0.0381850139550848
9822dbf9afa7939db14e25fb9340e5ef353afe2882d27fb1278513d04c77e073,2026-08-30,signal_close_then_next_daily_open,2026-08-30,0.9648951354565249,2,LONG,2026-08-29,33360883070,2e88dd16808ced54672b21de9a228663a68b0356df07cb892c072676b8112052,Delta_LS_50_50,XRP,0.1,0.04584605286345652
aa9a6aaaaa92b754fb9c1cffc4a9e5404355f12ff997e8301a92a6645ef2ee76,2026-08-30,signal_close_then_next_daily_open,2026-08-30,0.7530382645099886,2,LONG,2026-08-29,33360883070,2e88dd16808ced54672b21de9a228663a68b0356df07cb892c072676b8112052,Delta_LS_50_50,LINK,0.1,0.03692937189675556
610200811d244c3410d70ebcca40d3c9fcc6543cb844a79e9327fc0f441264f8,2026-08-30,signal_close_then_next_daily_open,2026-08-30,-0.44679383719741467,2,SHORT,2026-08-29,33360883070,2e88dd16808ced54672b21de9a228663a68b0356df07cb892c072676b8112052,Delta_LS_50_50,DOT,-0.1,0.03358271696052982
a5dd7aabb45cd821c9a63ba3f7dcae3ace1f8141f94bde544545e3afc1c675db,2026-08-30,signal_close_then_next_daily_open,2026-08-30,-0.5792742067690017,2,SHORT,2026-08-29,33360883070,2e88dd16808ced54672b21de9a228663a68b0356df07cb892c072676b8112052,Delta_LS_50_50,SUI,-0.1,0.040506424464240985
2932b005d971d03f8605a52dc4d9823efbb31690da01297ab81d51b1c95e0ab7,2026-08-30,signal_close_then_next_daily_open,2026-08-30,-1.234510472731819,2,SHORT,2026-08-29,33360883070,2e88dd16808ced54672b21de9a228663a68b0356df07cb892c072676b8112052,Delta_LS_50_50,FIL,-0.1,0.03876786554697652
e437722b956a625c5ac0ea791faa44232d549d3a1ed6090ba5c3c17491f5ecf2,2026-08-30,signal_close_then_next_daily_open,2026-08-30,-1.3003128349718482,2,SHORT,2026-08-29,33360883070,2e88dd16808ced54672b21de9a228663a68b0356df07cb892c072676b8112052,Delta_LS_50_50,OP,-0.1,0.04236113498738853
a7746b54921eef4892c5caa31cf2baa75ae4a948c05a8e5bc3258c8c09b86854,2026-08-30,signal_close_then_next_daily_open,2026-08-30,-1.3743056804839309,2,SHORT,2026-08-29,33360883070,2e88dd16808ced54672b21de9a228663a68b0356df07cb892c072676b8112052,Delta_LS_50_50,APT,-0.1,0.03844092513602865
961bf054c35cf209688d8c68b729bb06266ef1da679a06932846b19506cef64a,2026-08-30,signal_close_then_next_daily_open,2026-08-30,2.0022689110178593,2,LONG,2026-08-29,33360883070,2e88dd16808ced54672b21de9a228663a68b0356df07cb892c072676b8112052,Delta_LS_50_50_StopVol,SOL,0.1,0.03169023845582955
a4b3d458c0d8f81068f2750ef1ddf89b57e874eb9c99c3aa369caf55a9fd2c47,2026-08-30,signal_close_then_next_daily_open,2026-08-30,1.102240672375166,2,LONG,2026-08-29,33360883070,2e88dd16808ced54672b21de9a228663a68b0356df07cb892c072676b8112052,Delta_LS_50_50_StopVol,AAVE,0.0694362196728911,0.05760682276258277
6faa93ca9bf8022465d5949301d1a371ba55ce3a7183210e3fb04b1004e883e3,2026-08-30,signal_close_then_next_daily_open,2026-08-30,1.0050835981350585,2,LONG,2026-08-29,33360883070,2e88dd16808ced54672b21de9a228663a68b0356df07cb892c072676b8112052,Delta_LS_50_50_StopVol,ETH,0.1,0.0381850139550848
7b1eecac5f94901496dda2da79351cbe3897c427046874804fd207fb6b1e555a,2026-08-30,signal_close_then_next_daily_open,2026-08-30,0.9648951354565249,2,LONG,2026-08-29,33360883070,2e88dd16808ced54672b21de9a228663a68b0356df07cb892c072676b8112052,Delta_LS_50_50_StopVol,XRP,0.08724851432495652,0.04584605286345652
d6b3320d1d5ea15e8d9156e81daf7d8d63069a4d6a14c9afbd9c48c35b3671e8,2026-08-30,signal_close_then_next_daily_open,2026-08-30,0.7530382645099886,2,LONG,2026-08-29,33360883070,2e88dd16808ced54672b21de9a228663a68b0356df07cb892c072676b8112052,Delta_LS_50_50_StopVol,LINK,0.1,0.03692937189675556
b65c59788806bf1bd7c404732815ae274dea3b653771b6f505677c9dad6bffba,2026-08-30,signal_close_then_next_daily_open,2026-08-30,-0.44679383719741467,2,SHORT,2026-08-29,33360883070,2e88dd16808ced54672b21de9a228663a68b0356df07cb892c072676b8112052,Delta_LS_50_50_StopVol,DOT,-0.1,0.03358271696052982
f27f1bd479b2abab16ff3c52f94ed91978ea4f1451a547bd2c0b92c658f04aa0,2026-08-30,signal_close_then_next_daily_open,2026-08-30,-0.5792742067690017,2,SHORT,2026-08-29,33360883070,2e88dd16808ced54672b21de9a228663a68b0356df07cb892c072676b8112052,Delta_LS_50_50_StopVol,SUI,-0.09874976754690346,0.040506424464240985
47c21661e0eaebc51b29a62c28b728a11c0d88a0140d3ad4f7ec2a415e3a7643,2026-08-30,signal_close_then_next_daily_open,2026-08-30,-1.234510472731819,2,SHORT,2026-08-29,33360883070,2e88dd16808ced54672b21de9a228663a68b0356df07cb892c072676b8112052,Delta_LS_50_50_StopVol,FIL,-0.1,0.03876786554697652
a5076d45033bdc3a59bb2231b146a4a871a6fc7b5d28ddb081c725f2ba26859a,2026-08-30,signal_close_then_next_daily_open,2026-08-30,-1.3003128349718482,2,SHORT,2026-08-29,33360883070,2e88dd16808ced54672b21de9a228663a68b0356df07cb892c072676b8112052,Delta_LS_50_50_StopVol,OP,-0.09442617628613713,0.04236113498738853
735fc9da9d92d84182ca2253180f5bb6cddaeb19d8ce8da3c02e848afd7e4a57,2026-08-30,signal_close_then_next_daily_open,2026-08-30,-1.3743056804839309,2,SHORT,2026-08-29,33360883070,2e88dd16808ced54672b21de9a228663a68b0356df07cb892c072676b8112052,Delta_LS_50_50_StopVol,APT,-0.1,0.03844092513602865
59e928e71554bf8109a9472f02b659ec9547b364322a4c73a9901774a9b4d9ce,2026-08-31,signal_close_then_next_daily_open,2026-08-31,1.8696731317412503,2,LONG,2026-08-30,33472276463,b12bcfb6e63a1b57bf1594c0e1ead648b2e7b7361407cd3b4ec4cbb6180f4318,Delta_LS_70_30,SOL,0.13999999999999999,0.03233613301221466
6c3d5b9a8aea46bb5025caa92086d81c8606106e896d7ba4d513f1d616ad37f0,2026-08-31,signal_close_then_next_daily_open,2026-08-31,1.139945705264725,2,LONG,2026-08-30,33472276463,b12bcfb6e63a1b57bf1594c0e1ead648b2e7b7361407cd3b4ec4cbb6180f4318,Delta_LS_70_30,ETH,0.13999999999999999,0.03782060264486503
31f1eb38a5be06a662bb67008e98ebc6dabbc22f761add7cc821eb9c08372104,2026-08-31,signal_close_then_next_daily_open,2026-08-31,0.9196905841038188,2,LONG,2026-08-30,33472276463,b12bcfb6e63a1b57bf1594c0e1ead648b2e7b7361407cd3b4ec4cbb6180f4318,Delta_LS_70_30,XRP,0.13999999999999999,0.046061517711155193
a12900b97ad6286a628cb5934a31337a7780808a39b7b54f903fd4b5f53f57eb,2026-08-31,signal_close_then_next_daily_open,2026-08-31,0.9138255428417318,2,LONG,2026-08-30,33472276463,b12bcfb6e63a1b57bf1594c0e1ead648b2e7b7361407cd3b4ec4cbb6180f4318,Delta_LS_70_30,AAVE,0.13999999999999999,0.05680500104720769
80a6988f4830363ed67fc193812d90e0ad41c22b6c162482a659a1e092fdf8a5,2026-08-31,signal_close_then_next_daily_open,2026-08-31,-0.7587402142886849,2,SHORT,2026-08-30,33472276463,b12bcfb6e63a1b57bf1594c0e1ead648b2e7b7361407cd3b4ec4cbb6180f4318,Delta_LS_70_30,SUI,-0.06,0.04136248478418552
6cf977c5d66e241db13ec6d0a7238659a67a9dbfe95946f81bddeb85e0e82bf8,2026-08-31,signal_close_then_next_daily_open,2026-08-31,-1.1579695728731025,2,SHORT,2026-08-30,33472276463,b12bcfb6e63a1b57bf1594c0e1ead648b2e7b7361407cd3b4ec4cbb6180f4318,Delta_LS_70_30,OP,-0.06,0.0422153409725135
4551d651511368fbd8367ffaafd4483c70d238020974a973e810def588079ab1,2026-08-31,signal_close_then_next_daily_open,2026-08-31,-1.2353655973828293,2,SHORT,2026-08-30,33472276463,b12bcfb6e63a1b57bf1594c0e1ead648b2e7b7361407cd3b4ec4cbb6180f4318,Delta_LS_70_30,FIL,-0.06,0.039197137060811425
18cfc0bef725325734cbd6c4dba0b281601cf090d3d98c1dbcc08acffccf73bc,2026-08-31,signal_close_then_next_daily_open,2026-08-31,-1.3409503821851791,2,SHORT,2026-08-30,33472276463,b12bcfb6e63a1b57bf1594c0e1ead648b2e7b7361407cd3b4ec4cbb6180f4318,Delta_LS_70_30,APT,-0.06,0.039167469935142966
4a8b1070b17c79e6f6ab22dbfdb624a1c296eaf5d646dae54be0792d07583a2f,2026-08-31,signal_close_then_next_daily_open,2026-08-31,1.8696731317412503,2,LONG,2026-08-30,33472276463,b12bcfb6e63a1b57bf1594c0e1ead648b2e7b7361407cd3b4ec4cbb6180f4318,Delta_LS_70_30_StopVol,SOL,0.13999999999999999,0.03233613301221466
27534f4ed5d3af9ec05e34516d34cc1402a9c8af6e4ee234ee4a4991e16ad252,2026-08-31,signal_close_then_next_daily_open,2026-08-31,1.139945705264725,2,LONG,2026-08-30,33472276463,b12bcfb6e63a1b57bf1594c0e1ead648b2e7b7361407cd3b4ec4cbb6180f4318,Delta_LS_70_30_StopVol,ETH,0.13999999999999999,0.03782060264486503
252abffde1cf9b9b999572600d5e3072bab27b4dcca3eb8a46f6a7d52b6e5ae0,2026-08-31,signal_close_then_next_daily_open,2026-08-31,0.9196905841038188,2,LONG,2026-08-30,33472276463,b12bcfb6e63a1b57bf1594c0e1ead648b2e7b7361407cd3b4ec4cbb6180f4318,Delta_LS_70_30_StopVol,XRP,0.12157654107528007,0.046061517711155193
be3998247c50fdbc0182e478bcb214ff0145e66c0c5d38493d05ef39e2458010,2026-08-31,signal_close_then_next_daily_open,2026-08-31,0.9138255428417318,2,LONG,2026-08-30,33472276463,b12bcfb6e63a1b57bf1594c0e1ead648b2e7b7361407cd3b4ec4cbb6180f4318,Delta_LS_70_30_StopVol,AAVE,0.09858286940873622,0.05680500104720769
2845a3fbbe0be376e0450aa84c090368a50f05fa809bf849034740ead3324272,2026-08-31,signal_close_then_next_daily_open,2026-08-31,-0.7587402142886849,2,SHORT,2026-08-30,33472276463,b12bcfb6e63a1b57bf1594c0e1ead648b2e7b7361407cd3b4ec4cbb6180f4318,Delta_LS_70_30_StopVol,SUI,-0.05802359342100291,0.04136248478418552
dc1ab33e9b93ae26acfcf9dff24efa153673018f9c007c94e01dc2ba4fdd3be7,2026-08-31,signal_close_then_next_daily_open,2026-08-31,-1.1579695728731025,2,SHORT,2026-08-30,33472276463,b12bcfb6e63a1b57bf1594c0e1ead648b2e7b7361407cd3b4ec4cbb6180f4318,Delta_LS_70_30_StopVol,OP,-0.0568513707271166,0.0422153409725135
101177a64c12758d19cdeaca2e066a93caf4e098f1b2f913226534b98ef06c53,2026-08-31,signal_close_then_next_daily_open,2026-08-31,-1.2353655973828293,2,SHORT,2026-08-30,33472276463,b12bcfb6e63a1b57bf1594c0e1ead648b2e7b7361407cd3b4ec4cbb6180f4318,Delta_LS_70_30_StopVol,FIL,-0.06,0.039197137060811425
e0efe089278b1a6d367566fe2ddd9173c51eeded172367087a1fd32fd5ee7ff0,2026-08-31,signal_close_then_next_daily_open,2026-08-31,-1.3409503821851791,2,SHORT,2026-08-30,33472276463,b12bcfb6e63a1b57bf1594c0e1ead648b2e7b7361407cd3b4ec4cbb6180f4318,Delta_LS_70_30_StopVol,APT,-0.06,0.039167469935142966
ff22be006be6d8816625995add52b6409cb1b5c88ddfffa291d809c49e723df3,2026-08-31,signal_close_then_next_daily_open,2026-08-31,1.8696731317412503,2,LONG,2026-08-30,33472276463,b12bcfb6e63a1b57bf1594c0e1ead648b2e7b7361407cd3b4ec4cbb6180f4318,Delta_LS_50_50,SOL,0.1,0.03233613301221466
92d73d71ada23935bbe7d0ce36e522e802b44651ca0c0cf73b2730e576fe0f17,2026-08-31,signal_close_then_next_daily_open,2026-08-31,1.139945705264725,2,LONG,2026-08-30,33472276463,b12bcfb6e63a1b57bf1594c0e1ead648b2e7b7361407cd3b4ec4cbb6180f4318,Delta_LS_50_50,ETH,0.1,0.03782060264486503
32994b23e83c51dbfe95f3dc142311644f0dd47f69936fad7511159c01050250,2026-08-31,signal_close_then_next_daily_open,2026-08-31,0.9196905841038188,2,LONG,2026-08-30,33472276463,b12bcfb6e63a1b57bf1594c0e1ead648b2e7b7361407cd3b4ec4cbb6180f4318,Delta_LS_50_50,XRP,0.1,0.046061517711155193
4ce05c17fa7b87ba036762770c0c2e7929b23857dca3ed7bf08eb0fbaa05459d,2026-08-31,signal_close_then_next_daily_open,2026-08-31,0.9138255428417318,2,LONG,2026-08-30,33472276463,b12bcfb6e63a1b57bf1594c0e1ead648b2e7b7361407cd3b4ec4cbb6180f4318,Delta_LS_50_50,AAVE,0.1,0.05680500104720769
45e75dfaf203c656404482d377d99c4e232f9c7d083c0a83c5adbe4f1fc620ff,2026-08-31,signal_close_then_next_daily_open,2026-08-31,-0.7587402142886849,2,SHORT,2026-08-30,33472276463,b12bcfb6e63a1b57bf1594c0e1ead648b2e7b7361407cd3b4ec4cbb6180f4318,Delta_LS_50_50,SUI,-0.1,0.04136248478418552
7d65a700cb8b516f314ace07eb84403df3151c099ee067367e512b5d505fb027,2026-08-31,signal_close_then_next_daily_open,2026-08-31,-1.1579695728731025,2,SHORT,2026-08-30,33472276463,b12bcfb6e63a1b57bf1594c0e1ead648b2e7b7361407cd3b4ec4cbb6180f4318,Delta_LS_50_50,OP,-0.1,0.0422153409725135
8cc8d3a5151f0c394da9b89910f6db9807aeb37681fcdfaa427c1baf1efcf435,2026-08-31,signal_close_then_next_daily_open,2026-08-31,-1.2353655973828293,2,SHORT,2026-08-30,33472276463,b12bcfb6e63a1b57bf1594c0e1ead648b2e7b7361407cd3b4ec4cbb6180f4318,Delta_LS_50_50,FIL,-0.1,0.039197137060811425
f2225b99e0b068a4c0eb31eeee176207dfbebd322159c448950c92b913446de6,2026-08-31,signal_close_then_next_daily_open,2026-08-31,-1.3409503821851791,2,SHORT,2026-08-30,33472276463,b12bcfb6e63a1b57bf1594c0e1ead648b2e7b7361407cd3b4ec4cbb6180f4318,Delta_LS_50_50,APT,-0.1,0.039167469935142966
13f1df4ba8519b0f7678dc07eb2b119b3ff3ac25395f927059a00f62fe4a6a9a,2026-08-31,signal_close_then_next_daily_open,2026-08-31,1.8696731317412503,2,LONG,2026-08-30,33472276463,b12bcfb6e63a1b57bf1594c0e1ead648b2e7b7361407cd3b4ec4cbb6180f4318,Delta_LS_50_50_StopVol,SOL,0.1,0.03233613301221466
e50cf15b9082583f2ef8cb1208cfc2ef4e41de65800cc4f8ad78544905274c77,2026-08-31,signal_close_then_next_daily_open,2026-08-31,1.139945705264725,2,LONG,2026-08-30,33472276463,b12bcfb6e63a1b57bf1594c0e1ead648b2e7b7361407cd3b4ec4cbb6180f4318,Delta_LS_50_50_StopVol,ETH,0.1,0.03782060264486503
02240461b2a1450d1f62d687ed9777175c8df1002b7541e99bd3021042ecd0d2,2026-08-31,signal_close_then_next_daily_open,2026-08-31,0.9196905841038188,2,LONG,2026-08-30,33472276463,b12bcfb6e63a1b57bf1594c0e1ead648b2e7b7361407cd3b4ec4cbb6180f4318,Delta_LS_50_50_StopVol,XRP,0.08684038648234292,0.046061517711155193
33e8a09279a7e1bae10aa49012ef5abf7de219d2b095adea6ad5d1fd89b98f4b,2026-08-31,signal_close_then_next_daily_open,2026-08-31,0.9138255428417318,2,LONG,2026-08-30,33472276463,b12bcfb6e63a1b57bf1594c0e1ead648b2e7b7361407cd3b4ec4cbb6180f4318,Delta_LS_50_50_StopVol,AAVE,0.07041633529195444,0.05680500104720769
3638e10b7fff92e7add3e072e4212fea969d4ac78ca64ed50fad5b81b8462ec4,2026-08-31,signal_close_then_next_daily_open,2026-08-31,-0.7587402142886849,2,SHORT,2026-08-30,33472276463,b12bcfb6e63a1b57bf1594c0e1ead648b2e7b7361407cd3b4ec4cbb6180f4318,Delta_LS_50_50_StopVol,SUI,-0.09670598903500487,0.04136248478418552
ea58536b82d626ffeffd18ccd92f8f1da0ad36b5f210fa50417e1a5a8a5f1c4f,2026-08-31,signal_close_then_next_daily_open,2026-08-31,-1.1579695728731025,2,SHORT,2026-08-30,33472276463,b12bcfb6e63a1b57bf1594c0e1ead648b2e7b7361407cd3b4ec4cbb6180f4318,Delta_LS_50_50_StopVol,OP,-0.09475228454519435,0.0422153409725135
4826d6c3d36ebfaa19c79ad49c79c0ecc6693f16ab9a2364be97d09ff0ff98ab,2026-08-31,signal_close_then_next_daily_open,2026-08-31,-1.2353655973828293,2,SHORT,2026-08-30,33472276463,b12bcfb6e63a1b57bf1594c0e1ead648b2e7b7361407cd3b4ec4cbb6180f4318,Delta_LS_50_50_StopVol,FIL,-0.1,0.039197137060811425
129ab485d7b08ad6a137eb99efac54915b98ddfae670f15a0ad7509aa97696df,2026-08-31,signal_close_then_next_daily_open,2026-08-31,-1.3409503821851791,2,SHORT,2026-08-30,33472276463,b12bcfb6e63a1b57bf1594c0e1ead648b2e7b7361407cd3b4ec4cbb6180f4318,Delta_LS_50_50_StopVol,APT,-0.1,0.039167469935142966
2eac84f5d8164c1354966b1f235c3f35b24a94c543ab2e86eb54364c7e12a652,2026-09-01,signal_close_then_next_daily_open,2026-09-01,1.5249734709730123,2,LONG,2026-08-31,33591124479,9afb1bb6d3c561468edaf19e90465f1f128dee9245042a97ec09b13804935306,Delta_LS_70_30,SOL,0.13999999999999999,0.03200837830347346
f531bd735cb6af139bd61b66106d6f5d7dd2b45288d8d6e368b65aae11e913dd,2026-09-01,signal_close_then_next_daily_open,2026-09-01,0.9449249522273623,2,LONG,2026-08-31,33591124479,9afb1bb6d3c561468edaf19e90465f1f128dee9245042a97ec09b13804935306,Delta_LS_70_30,ETH,0.13999999999999999,0.03770688219917908
e48bbf297422bbed346a64c788823858a04a8d9811c0d37f81829eb25599cf85,2026-09-01,signal_close_then_next_daily_open,2026-09-01,0.8390267249230217,2,LONG,2026-08-31,33591124479,9afb1bb6d3c561468edaf19e90465f1f128dee9245042a97ec09b13804935306,Delta_LS_70_30,AAVE,0.13999999999999999,0.05621000492868616
bdd86522fd640722905e99167ca381e1301b7e4f23ee3da26ae263ccde34ebd1,2026-09-01,signal_close_then_next_daily_open,2026-09-01,0.7495903430693912,2,LONG,2026-08-31,33591124479,9afb1bb6d3c561468edaf19e90465f1f128dee9245042a97ec09b13804935306,Delta_LS_70_30,XRP,0.13999999999999999,0.04604073397785048
a52d6b6349d90534d79d4887e371965b8af6e44a6c0a139965023d73a8b82caa,2026-09-01,signal_close_then_next_daily_open,2026-09-01,-0.7312784984623802,2,SHORT,2026-08-31,33591124479,9afb1bb6d3c561468edaf19e90465f1f128dee9245042a97ec09b13804935306,Delta_LS_70_30,SUI,-0.06,0.041467934959776805
a53e2c347aeb0f53fd8fc4a3c0bb50b6b0778cd32bc5063335527da356c032a0,2026-09-01,signal_close_then_next_daily_open,2026-09-01,-0.7318406064092625,2,SHORT,2026-08-31,33591124479,9afb1bb6d3c561468edaf19e90465f1f128dee9245042a97ec09b13804935306,Delta_LS_70_30,OP,-0.06,0.044396570994834406
a739738c8dbd57462f2ffb0dca1dcbcb87290b3c33c647495ede4a854855536f,2026-09-01,signal_close_then_next_daily_open,2026-09-01,-1.179955620835624,2,SHORT,2026-08-31,33591124479,9afb1bb6d3c561468edaf19e90465f1f128dee9245042a97ec09b13804935306,Delta_LS_70_30,FIL,-0.06,0.039562866130377815
c6ef115c8abb6523245cd7af34b5c032983753434de3044e2f1b623efb3be69d,2026-09-01,signal_close_then_next_daily_open,2026-09-01,-1.319624235788249,2,SHORT,2026-08-31,33591124479,9afb1bb6d3c561468edaf19e90465f1f128dee9245042a97ec09b13804935306,Delta_LS_70_30,APT,-0.06,0.039727336946415163
225063eccbab80761601139db16573efd3004dd48b411c47fd9e32add44c8650,2026-09-01,signal_close_then_next_daily_open,2026-09-01,1.5249734709730123,2,LONG,2026-08-31,33591124479,9afb1bb6d3c561468edaf19e90465f1f128dee9245042a97ec09b13804935306,Delta_LS_70_30_StopVol,SOL,0.13999999999999999,0.03200837830347346
57236b5f96ce31da00c22b0340b9e7bb09fb55f64dff84a0c65059ebe4065730,2026-09-01,signal_close_then_next_daily_open,2026-09-01,0.9449249522273623,2,LONG,2026-08-31,33591124479,9afb1bb6d3c561468edaf19e90465f1f128dee9245042a97ec09b13804935306,Delta_LS_70_30_StopVol,ETH,0.13999999999999999,0.03770688219917908
d4f0058a82f05585b265de58623d8a77536c5fbf4ef3ff64e1d5e79d9a5cfc45,2026-09-01,signal_close_then_next_daily_open,2026-09-01,0.8390267249230217,2,LONG,2026-08-31,33591124479,9afb1bb6d3c561468edaf19e90465f1f128dee9245042a97ec09b13804935306,Delta_LS_70_30_StopVol,AAVE,0.09962639226067922,0.05621000492868616
c29a17bed183057157be7e761ae47cb27ab3b72f576b5d48bad82f25da022a23,2026-09-01,signal_close_then_next_daily_open,2026-09-01,0.7495903430693912,2,LONG,2026-08-31,33591124479,9afb1bb6d3c561468edaf19e90465f1f128dee9245042a97ec09b13804935306,Delta_LS_70_30_StopVol,XRP,0.12163142322392334,0.04604073397785048
708d87e6620c3275793763e8fd48dcaf3fbf6ec1979ed2bacbcf35548b5d8144,2026-09-01,signal_close_then_next_daily_open,2026-09-01,-0.7312784984623802,2,SHORT,2026-08-31,33591124479,9afb1bb6d3c561468edaf19e90465f1f128dee9245042a97ec09b13804935306,Delta_LS_70_30_StopVol,SUI,-0.05787604331703422,0.041467934959776805
035b47baaa9db203f1d2c3f64d48e4604a64b51ff8a4684731b5b5991011b2ba,2026-09-01,signal_close_then_next_daily_open,2026-09-01,-0.7318406064092625,2,SHORT,2026-08-31,33591124479,9afb1bb6d3c561468edaf19e90465f1f128dee9245042a97ec09b13804935306,Delta_LS_70_30_StopVol,OP,-0.05405822896275577,0.044396570994834406
efd0ec828fd74e669b39a5812c8a511f2fcb7afd3dae9e4314f398b958a931c5,2026-09-01,signal_close_then_next_daily_open,2026-09-01,-1.179955620835624,2,SHORT,2026-08-31,33591124479,9afb1bb6d3c561468edaf19e90465f1f128dee9245042a97ec09b13804935306,Delta_LS_70_30_StopVol,FIL,-0.06,0.039562866130377815
95e9dd740890a45eacf71a9657342f88dd67e1369dc2569bc907881ce8b48501,2026-09-01,signal_close_then_next_daily_open,2026-09-01,-1.319624235788249,2,SHORT,2026-08-31,33591124479,9afb1bb6d3c561468edaf19e90465f1f128dee9245042a97ec09b13804935306,Delta_LS_70_30_StopVol,APT,-0.06,0.039727336946415163
b27a4ff6eb4e1a66cbf48689435f9a9fa0d9bf465bed5328bb1bb1b71f9748f1,2026-09-01,signal_close_then_next_daily_open,2026-09-01,1.5249734709730123,2,LONG,2026-08-31,33591124479,9afb1bb6d3c561468edaf19e90465f1f128dee9245042a97ec09b13804935306,Delta_LS_50_50,SOL,0.1,0.03200837830347346
6f7a5286c23233e36b8320a42bc1044e4ce9aef57329d8990cab7bb1fb2571a4,2026-09-01,signal_close_then_next_daily_open,2026-09-01,0.9449249522273623,2,LONG,2026-08-31,33591124479,9afb1bb6d3c561468edaf19e90465f1f128dee9245042a97ec09b13804935306,Delta_LS_50_50,ETH,0.1,0.03770688219917908
2cb3598e807705bad7b29ef442c2c0503d0cc13277f23cafead5c42ca2e66600,2026-09-01,signal_close_then_next_daily_open,2026-09-01,0.8390267249230217,2,LONG,2026-08-31,33591124479,9afb1bb6d3c561468edaf19e90465f1f128dee9245042a97ec09b13804935306,Delta_LS_50_50,AAVE,0.1,0.05621000492868616
ccc9b888d55565f98f2ed14ade92c52ebb9eb75d24d5160f83dfdf7994df0f27,2026-09-01,signal_close_then_next_daily_open,2026-09-01,0.7495903430693912,2,LONG,2026-08-31,33591124479,9afb1bb6d3c561468edaf19e90465f1f128dee9245042a97ec09b13804935306,Delta_LS_50_50,XRP,0.1,0.04604073397785048
ecd77a679428d1aea71785f5ed9f09849969bdf1306fbc9041ed647fc9012118,2026-09-01,signal_close_then_next_daily_open,2026-09-01,-0.7312784984623802,2,SHORT,2026-08-31,33591124479,9afb1bb6d3c561468edaf19e90465f1f128dee9245042a97ec09b13804935306,Delta_LS_50_50,SUI,-0.1,0.041467934959776805
5293f2255f296fcc39de153b14da5be3f8e8085af5d637f416d86764fab4754d,2026-09-01,signal_close_then_next_daily_open,2026-09-01,-0.7318406064092625,2,SHORT,2026-08-31,33591124479,9afb1bb6d3c561468edaf19e90465f1f128dee9245042a97ec09b13804935306,Delta_LS_50_50,OP,-0.1,0.044396570994834406
57aab5b1da94fa82d72f9a61b202ca8ec409ed3e8878de403b1275a15df11266,2026-09-01,signal_close_then_next_daily_open,2026-09-01,-1.179955620835624,2,SHORT,2026-08-31,33591124479,9afb1bb6d3c561468edaf19e90465f1f128dee9245042a97ec09b13804935306,Delta_LS_50_50,FIL,-0.1,0.039562866130377815
956223dc127d09e65d2f0d187c49c96e1027170891aae676f287c3026535f3fe,2026-09-01,signal_close_then_next_daily_open,2026-09-01,-1.319624235788249,2,SHORT,2026-08-31,33591124479,9afb1bb6d3c561468edaf19e90465f1f128dee9245042a97ec09b13804935306,Delta_LS_50_50,APT,-0.1,0.039727336946415163
f59f7d083612892f73f099b6c9c538e98da7e310a7e8098c7a87d2ec3c22227f,2026-09-01,signal_close_then_next_daily_open,2026-09-01,1.5249734709730123,2,LONG,2026-08-31,33591124479,9afb1bb6d3c561468edaf19e90465f1f128dee9245042a97ec09b13804935306,Delta_LS_50_50_StopVol,SOL,0.1,0.03200837830347346
bf1e0d6d3d8d399d049681cb7e8230416b825b699bb93093b05e2418fb395dd8,2026-09-01,signal_close_then_next_daily_open,2026-09-01,0.9449249522273623,2,LONG,2026-08-31,33591124479,9afb1bb6d3c561468edaf19e90465f1f128dee9245042a97ec09b13804935306,Delta_LS_50_50_StopVol,ETH,0.1,0.03770688219917908
5de7fe14e3d7df582a6131a21cb5486e1e6077d3fa28aa21d9002919d8f7d867,2026-09-01,signal_close_then_next_daily_open,2026-09-01,0.8390267249230217,2,LONG,2026-08-31,33591124479,9afb1bb6d3c561468edaf19e90465f1f128dee9245042a97ec09b13804935306,Delta_LS_50_50_StopVol,AAVE,0.07116170875762803,0.05621000492868616
8d72c03841938886d5854eadd2ddcb8bc045636d7a1233ffb018bfd3ff2a433c,2026-09-01,signal_close_then_next_daily_open,2026-09-01,0.7495903430693912,2,LONG,2026-08-31,33591124479,9afb1bb6d3c561468edaf19e90465f1f128dee9245042a97ec09b13804935306,Delta_LS_50_50_StopVol,XRP,0.08687958801708812,0.04604073397785048
3e251af4a94bfba48fb8c4ab221f41278aad5b09eac0a86aecc77edd2bee6004,2026-09-01,signal_close_then_next_daily_open,2026-09-01,-0.7312784984623802,2,SHORT,2026-08-31,33591124479,9afb1bb6d3c561468edaf19e90465f1f128dee9245042a97ec09b13804935306,Delta_LS_50_50_StopVol,SUI,-0.09646007219505703,0.041467934959776805
4613a51593075f8500d965cc5d64a72d05d67ee270bd439b3c7a76015b4def24,2026-09-01,signal_close_then_next_daily_open,2026-09-01,-0.7318406064092625,2,SHORT,2026-08-31,33591124479,9afb1bb6d3c561468edaf19e90465f1f128dee9245042a97ec09b13804935306,Delta_LS_50_50_StopVol,OP,-0.09009704827125962,0.044396570994834406
55ffd6b8c8c598036fc8d6b6dc7b393c61ac467aae8d091d14a97b648ed58e4b,2026-09-01,signal_close_then_next_daily_open,2026-09-01,-1.179955620835624,2,SHORT,2026-08-31,33591124479,9afb1bb6d3c561468edaf19e90465f1f128dee9245042a97ec09b13804935306,Delta_LS_50_50_StopVol,FIL,-0.1,0.039562866130377815
6181a1afbba910869a429b62054e4addc134269a7e83f24b3eee2bf49b9e202a,2026-09-01,signal_close_then_next_daily_open,2026-09-01,-1.319624235788249,2,SHORT,2026-08-31,33591124479,9afb1bb6d3c561468edaf19e90465f1f128dee9245042a97ec09b13804935306,Delta_LS_50_50_StopVol,APT,-0.1,0.039727336946415163
e2c6688340c8fca5803b6e2c16e10564d39304b9357237c04cd3d51b1498683f,2026-09-02,signal_close_then_next_daily_open,2026-09-02,1.6945098649532921,2,LONG,2026-09-01,33714746536,4ff281da61efe7407cc71bd15984ecb3707769041daae3c1d8ad6247c8c32371,Delta_LS_70_30,ARB,0.13999999999999999,0.07094293509843871
1002af0dfe86ca65d00b8f96671bc467fbbba9b1e1f611d5d5d9a15fa5247239,2026-09-02,signal_close_then_next_daily_open,2026-09-02,1.3192068971884838,2,LONG,2026-09-01,33714746536,4ff281da61efe7407cc71bd15984ecb3707769041daae3c1d8ad6247c8c32371,Delta_LS_70_30,AAVE,0.13999999999999999,0.056307421377889244
c567f27e67cb2f13ec8b9b711c83cbc48849e3f9be761b3d1fa9c4f53475ca2e,2026-09-02,signal_close_then_next_daily_open,2026-09-02,1.0998528718349874,2,LONG,2026-09-01,33714746536,4ff281da61efe7407cc71bd15984ecb3707769041daae3c1d8ad6247c8c32371,Delta_LS_70_30,SOL,0.13999999999999999,0.032857272897539945
6d880e492906a0286b0192ce318c3958305c90b7a014f33d70a5e92e3eab39c2,2026-09-02,signal_close_then_next_daily_open,2026-09-02,0.6442785942988147,2,LONG,2026-09-01,33714746536,4ff281da61efe7407cc71bd15984ecb3707769041daae3c1d8ad6247c8c32371,Delta_LS_70_30,ETH,0.13999999999999999,0.03803860424517027
645127516164433f9e64ab5229ffac5c3b2ceaa371eadbf20fb03e007ab658f6,2026-09-02,signal_close_then_next_daily_open,2026-09-02,0.5098905679055835,2,LONG,2026-09-01,33714746536,4ff281da61efe7407cc71bd15984ecb3707769041daae3c1d8ad6247c8c32371,Delta_LS_70_30,XRP,0.13999999999999999,0.04627010251580217
20baed3b54685a82844f6ad63f87d4fc628058d451664481688bef309a6fc918,2026-09-02,signal_close_then_next_daily_open,2026-09-02,-0.5439205151766013,2,SHORT,2026-09-01,33714746536,4ff281da61efe7407cc71bd15984ecb3707769041daae3c1d8ad6247c8c32371,Delta_LS_70_30,OP,-0.06,0.043897359639027154
57f294279d3361e9a248637d912dfafba96fccdee4008db877941d483055efb1,2026-09-02,signal_close_then_next_daily_open,2026-09-02,-0.7287905416851332,2,SHORT,2026-09-01,33714746536,4ff281da61efe7407cc71bd15984ecb3707769041daae3c1d8ad6247c8c32371,Delta_LS_70_30,SUI,-0.06,0.041375758898848994
5d15a7708ed52843fd200e2b86b783671297b35a2ec7670967e0cc71d454ad11,2026-09-02,signal_close_then_next_daily_open,2026-09-02,-1.0943514411969981,2,SHORT,2026-09-01,33714746536,4ff281da61efe7407cc71bd15984ecb3707769041daae3c1d8ad6247c8c32371,Delta_LS_70_30,TRX,-0.06,0.010160148970339617
454c7ae4f4de0ec365633c0697a1541d9a768d02d62d5db861c1cba341ffd2f8,2026-09-02,signal_close_then_next_daily_open,2026-09-02,-1.1375313522394706,2,SHORT,2026-09-01,33714746536,4ff281da61efe7407cc71bd15984ecb3707769041daae3c1d8ad6247c8c32371,Delta_LS_70_30,APT,-0.06,0.03972471128306367
73b63a7ef6d54df1d9cbb888d2349f629d5e56c7159aeb0f02348e43b3aebd3c,2026-09-02,signal_close_then_next_daily_open,2026-09-02,1.6945098649532921,2,LONG,2026-09-01,33714746536,4ff281da61efe7407cc71bd15984ecb3707769041daae3c1d8ad6247c8c32371,Delta_LS_70_30_StopVol,ARB,0.07893668329664645,0.07094293509843871
509f4aef73092214735f9417136128b5522b9a0ddecdfc4e10500160578be0bc,2026-09-02,signal_close_then_next_daily_open,2026-09-02,1.3192068971884838,2,LONG,2026-09-01,33714746536,4ff281da61efe7407cc71bd15984ecb3707769041daae3c1d8ad6247c8c32371,Delta_LS_70_30_StopVol,AAVE,0.0994540304450703,0.056307421377889244
cce1d1b4f06e0a6fc9c9a8bb832f74a62fb4c75179b55db03df9d345bf6568f4,2026-09-02,signal_close_then_next_daily_open,2026-09-02,1.0998528718349874,2,LONG,2026-09-01,33714746536,4ff281da61efe7407cc71bd15984ecb3707769041daae3c1d8ad6247c8c32371,Delta_LS_70_30_StopVol,SOL,0.13999999999999999,0.032857272897539945
a9f0692d9dab22e11c74dfa358a7cfadabca040e010425cfb383565faa15e3bf,2026-09-02,signal_close_then_next_daily_open,2026-09-02,0.6442785942988147,2,LONG,2026-09-01,33714746536,4ff281da61efe7407cc71bd15984ecb3707769041daae3c1d8ad6247c8c32371,Delta_LS_70_30_StopVol,ETH,0.13999999999999999,0.03803860424517027
35ed04ee4a864a3ff13fd7a24153a43f5924c1a8943ef14ac6fdc8514cbebf70,2026-09-02,signal_close_then_next_daily_open,2026-09-02,0.5098905679055835,2,LONG,2026-09-01,33714746536,4ff281da61efe7407cc71bd15984ecb3707769041daae3c1d8ad6247c8c32371,Delta_LS_70_30_StopVol,XRP,0.1210284761761115,0.04627010251580217
0057a8874392f2912c84ab617f28cb1cb822d60fefa4c6f4df407b4d9e855007,2026-09-02,signal_close_then_next_daily_open,2026-09-02,-0.5439205151766013,2,SHORT,2026-09-01,33714746536,4ff281da61efe7407cc71bd15984ecb3707769041daae3c1d8ad6247c8c32371,Delta_LS_70_30_StopVol,OP,-0.05467299217391355,0.043897359639027154
16f1706c1507ce3154873a8c9d760bfb1f663ca32324ebf1d6b37dbc80822d34,2026-09-02,signal_close_then_next_daily_open,2026-09-02,-0.7287905416851332,2,SHORT,2026-09-01,33714746536,4ff281da61efe7407cc71bd15984ecb3707769041daae3c1d8ad6247c8c32371,Delta_LS_70_30_StopVol,SUI,-0.05800497837072335,0.041375758898848994
29ce2e14f031e4b0756c24a21b9cbcc67491de118447eaded1e04c47d88455dc,2026-09-02,signal_close_then_next_daily_open,2026-09-02,-1.0943514411969981,2,SHORT,2026-09-01,33714746536,4ff281da61efe7407cc71bd15984ecb3707769041daae3c1d8ad6247c8c32371,Delta_LS_70_30_StopVol,TRX,-0.06,0.010160148970339617
67c6f5754ecefc333a1605f7d90fa1e7dfcb840e4263120ba280d27b22333955,2026-09-02,signal_close_then_next_daily_open,2026-09-02,-1.1375313522394706,2,SHORT,2026-09-01,33714746536,4ff281da61efe7407cc71bd15984ecb3707769041daae3c1d8ad6247c8c32371,Delta_LS_70_30_StopVol,APT,-0.06,0.03972471128306367
60aa83b9d039ec54a83c52f1b173ca0765488691f93c3744c52da8e1a418ad34,2026-09-02,signal_close_then_next_daily_open,2026-09-02,1.6945098649532921,2,LONG,2026-09-01,33714746536,4ff281da61efe7407cc71bd15984ecb3707769041daae3c1d8ad6247c8c32371,Delta_LS_50_50,ARB,0.1,0.07094293509843871
15dd03f319f1b9e473117daee62cdfa09d3ea12b735c4ee07ceeecf5e6bd19f9,2026-09-02,signal_close_then_next_daily_open,2026-09-02,1.3192068971884838,2,LONG,2026-09-01,33714746536,4ff281da61efe7407cc71bd15984ecb3707769041daae3c1d8ad6247c8c32371,Delta_LS_50_50,AAVE,0.1,0.056307421377889244
720dc2167bdc8520885929fabde4045525d6f775010bc3d2d485a925abdd6745,2026-09-02,signal_close_then_next_daily_open,2026-09-02,1.0998528718349874,2,LONG,2026-09-01,33714746536,4ff281da61efe7407cc71bd15984ecb3707769041daae3c1d8ad6247c8c32371,Delta_LS_50_50,SOL,0.1,0.032857272897539945
885da154e21ad1b74732fdaed7134cc5a9048b0eda09e6dd4230d8f1f4439023,2026-09-02,signal_close_then_next_daily_open,2026-09-02,0.6442785942988147,2,LONG,2026-09-01,33714746536,4ff281da61efe7407cc71bd15984ecb3707769041daae3c1d8ad6247c8c32371,Delta_LS_50_50,ETH,0.1,0.03803860424517027
4096a822eeb2263ab241d713c7b1c9996a1a1e002dbbcfa072d7b5e7e3c71126,2026-09-02,signal_close_then_next_daily_open,2026-09-02,0.5098905679055835,2,LONG,2026-09-01,33714746536,4ff281da61efe7407cc71bd15984ecb3707769041daae3c1d8ad6247c8c32371,Delta_LS_50_50,XRP,0.1,0.04627010251580217
42807a385dc2682ae76fc4858f5c1a00052f98c708885cbc9dcb904d62028e9e,2026-09-02,signal_close_then_next_daily_open,2026-09-02,-0.5439205151766013,2,SHORT,2026-09-01,33714746536,4ff281da61efe7407cc71bd15984ecb3707769041daae3c1d8ad6247c8c32371,Delta_LS_50_50,OP,-0.1,0.043897359639027154
ce0a0c239b73db2829a093dde4a10733b5879397d15f92a4abd3320556ed7b9a,2026-09-02,signal_close_then_next_daily_open,2026-09-02,-0.7287905416851332,2,SHORT,2026-09-01,33714746536,4ff281da61efe7407cc71bd15984ecb3707769041daae3c1d8ad6247c8c32371,Delta_LS_50_50,SUI,-0.1,0.041375758898848994
b5aebe365e278250a81f4493ac189da4bb1e0631b2b1c146a0532a6f14ea3b3c,2026-09-02,signal_close_then_next_daily_open,2026-09-02,-1.0943514411969981,2,SHORT,2026-09-01,33714746536,4ff281da61efe7407cc71bd15984ecb3707769041daae3c1d8ad6247c8c32371,Delta_LS_50_50,TRX,-0.1,0.010160148970339617
247c6ec34125028568c21de2ff904ab8a0f5ff23a142f8364d476fd32f6e1e9d,2026-09-02,signal_close_then_next_daily_open,2026-09-02,-1.1375313522394706,2,SHORT,2026-09-01,33714746536,4ff281da61efe7407cc71bd15984ecb3707769041daae3c1d8ad6247c8c32371,Delta_LS_50_50,APT,-0.1,0.03972471128306367
66fc6aba160fbd4c3a1a9b8cb16365316de5ed7579ec0c53a6aaa237270a6af7,2026-09-02,signal_close_then_next_daily_open,2026-09-02,1.6945098649532921,2,LONG,2026-09-01,33714746536,4ff281da61efe7407cc71bd15984ecb3707769041daae3c1d8ad6247c8c32371,Delta_LS_50_50_StopVol,ARB,0.056383345211890326,0.07094293509843871
9b2c96402dbf0754eef7d48a52a19e19a916a6f93bab834c3c5836c7e213801b,2026-09-02,signal_close_then_next_daily_open,2026-09-02,1.3192068971884838,2,LONG,2026-09-01,33714746536,4ff281da61efe7407cc71bd15984ecb3707769041daae3c1d8ad6247c8c32371,Delta_LS_50_50_StopVol,AAVE,0.07103859317505022,0.056307421377889244
16d38506c4833f56ad76c9d3ae776feeb6b00e54d3b6e93e5ffa380154e746c1,2026-09-02,signal_close_then_next_daily_open,2026-09-02,1.0998528718349874,2,LONG,2026-09-01,33714746536,4ff281da61efe7407cc71bd15984ecb3707769041daae3c1d8ad6247c8c32371,Delta_LS_50_50_StopVol,SOL,0.1,0.032857272897539945
6db9cd1c5fc9e2b4c5c8b6c4bb418c4d45691240b67c4f27d2c7bcefaae4ba46,2026-09-02,signal_close_then_next_daily_open,2026-09-02,0.6442785942988147,2,LONG,2026-09-01,33714746536,4ff281da61efe7407cc71bd15984ecb3707769041daae3c1d8ad6247c8c32371,Delta_LS_50_50_StopVol,ETH,0.1,0.03803860424517027
ac6edc03d2148c05db5d90f1eae74695662f33ae6a9e8f2d48094376ecb34d2c,2026-09-02,signal_close_then_next_daily_open,2026-09-02,0.5098905679055835,2,LONG,2026-09-01,33714746536,4ff281da61efe7407cc71bd15984ecb3707769041daae3c1d8ad6247c8c32371,Delta_LS_50_50_StopVol,XRP,0.08644891155436536,0.04627010251580217
77deb749672a2c3854f5c069d9091715768839560207515b06493404b409d222,2026-09-02,signal_close_then_next_daily_open,2026-09-02,-0.5439205151766013,2,SHORT,2026-09-01,33714746536,4ff281da61efe7407cc71bd15984ecb3707769041daae3c1d8ad6247c8c32371,Delta_LS_50_50_StopVol,OP,-0.09112165362318925,0.043897359639027154
1d2af58fa781a64589e7e7176c42163ef3b0832dd78b4889dde56f8043a76d93,2026-09-02,signal_close_then_next_daily_open,2026-09-02,-0.7287905416851332,2,SHORT,2026-09-01,33714746536,4ff281da61efe7407cc71bd15984ecb3707769041daae3c1d8ad6247c8c32371,Delta_LS_50_50_StopVol,SUI,-0.09667496395120559,0.041375758898848994
323f72415a60153e142a985622c2239b2347bd3a9983fbd7d6ca5fad9982553e,2026-09-02,signal_close_then_next_daily_open,2026-09-02,-1.0943514411969981,2,SHORT,2026-09-01,33714746536,4ff281da61efe7407cc71bd15984ecb3707769041daae3c1d8ad6247c8c32371,Delta_LS_50_50_StopVol,TRX,-0.1,0.010160148970339617
2e2f32922ef36ba506d2ffba6d1261cff7c003700b4116d3ef1a258ae9886a9a,2026-09-02,signal_close_then_next_daily_open,2026-09-02,-1.1375313522394706,2,SHORT,2026-09-01,33714746536,4ff281da61efe7407cc71bd15984ecb3707769041daae3c1d8ad6247c8c32371,Delta_LS_50_50_StopVol,APT,-0.1,0.03972471128306367
39b91762ea60e23865e18b1d1330d0bda97938e63470eb742ea68a31425d8ad9,2026-09-03,signal_close_then_next_daily_open,2026-09-03,2.260653821990024,2,LONG,2026-09-02,33837068826,6da608dfa4bb6fc9b4a914a68ccee790a95753bf513698a2f34a767ce96b4af5,Delta_LS_70_30,ARB,0.13999999999999999,0.07378917032046776
d82c561dae7f38c397e743d82419a1e58c8b8cce2185000b0d72d73aaeb79dd9,2026-09-03,signal_close_then_next_daily_open,2026-09-03,1.1693276179262395,2,LONG,2026-09-02,33837068826,6da608dfa4bb6fc9b4a914a68ccee790a95753bf513698a2f34a767ce96b4af5,Delta_LS_70_30,AAVE,0.13999999999999999,0.056378097970500266
04ee8ecae3a48ab49779d144aea830c3118677c39ac14cc5cd3a0995a493311c,2026-09-03,signal_close_then_next_daily_open,2026-09-03,0.7879610482973435,2,LONG,2026-09-02,33837068826,6da608dfa4bb6fc9b4a914a68ccee790a95753bf513698a2f34a767ce96b4af5,Delta_LS_70_30,SOL,0.13999999999999999,0.032806323483625145
690c7c038583e260fd4a9871cbb5225e465890d1ff289fd3ee410967d3c762b6,2026-09-03,signal_close_then_next_daily_open,2026-09-03,0.4810176624487287,2,LONG,2026-09-02,33837068826,6da608dfa4bb6fc9b4a914a68ccee790a95753bf513698a2f34a767ce96b4af5,Delta_LS_70_30,XRP,0.13999999999999999,0.04616803454774695
b4ba8fe0cd2c4ebceb33a265429c9bb74719e49541b3613c3f3d86dd6e75ff33,2026-09-03,signal_close_then_next_daily_open,2026-09-03,-0.5387757371278906,2,SHORT,2026-09-02,33837068826,6da608dfa4bb6fc9b4a914a68ccee790a95753bf513698a2f34a767ce96b4af5,Delta_LS_70_30,SUI,-0.06,0.04177080064213915
e59574e7418838c11ea38983896f4b53c49bbcc9becb465b8e8c871768a80d26,2026-09-03,signal_close_then_next_daily_open,2026-09-03,-0.641566097275989,2,SHORT,2026-09-02,33837068826,6da608dfa4bb6fc9b4a914a68ccee790a95753bf513698a2f34a767ce96b4af5,Delta_LS_70_30,ADA,-0.06,0.04060499504563526
1975f6badfffdb3de173d6d3ecd071b114ad4a2c0d32b6a9d2507d9d98c34c53,2026-09-03,signal_close_then_next_daily_open,2026-09-03,-0.6875182477883185,2,SHORT,2026-09-02,33837068826,6da608dfa4bb6fc9b4a914a68ccee790a95753bf513698a2f34a767ce96b4af5,Delta_LS_70_30,APT,-0.06,0.041701120918914106
d8b61ed6aa8d46e568445c3f2ea053a93ffb1cd0c65b56d1f15d4923423d9981,2026-09-03,signal_close_then_next_daily_open,2026-09-03,-0.8960347272387481,2,SHORT,2026-09-02,33837068826,6da608dfa4bb6fc9b4a914a68ccee790a95753bf513698a2f34a767ce96b4af5,Delta_LS_70_30,TRX,-0.06,0.010258197887526797
915d100d4af2f34d19d9d67a109365c718fc7354b4255805927454b4b024eb37,2026-09-03,signal_close_then_next_daily_open,2026-09-03,2.260653821990024,2,LONG,2026-09-02,33837068826,6da608dfa4bb6fc9b4a914a68ccee790a95753bf513698a2f34a767ce96b4af5,Delta_LS_70_30_StopVol,ARB,0.07589189545944335,0.07378917032046776
695777a52420874a48b5da42e2d915715b27a182ea869813f5cce3cf0a8038ce,2026-09-03,signal_close_then_next_daily_open,2026-09-03,1.1693276179262395,2,LONG,2026-09-02,33837068826,6da608dfa4bb6fc9b4a914a68ccee790a95753bf513698a2f34a767ce96b4af5,Delta_LS_70_30_StopVol,AAVE,0.09932935309258197,0.056378097970500266
6c1d6e68d4cb6b1bad87221c0f18064993caf8a09651f5d53926b022c3d94968,2026-09-03,signal_close_then_next_daily_open,2026-09-03,0.7879610482973435,2,LONG,2026-09-02,33837068826,6da608dfa4bb6fc9b4a914a68ccee790a95753bf513698a2f34a767ce96b4af5,Delta_LS_70_30_StopVol,SOL,0.13999999999999999,0.032806323483625145
88afe197c4f51531a6076da5eda7595103febe73dd1d6003a9a6aa9c18057fe8,2026-09-03,signal_close_then_next_daily_open,2026-09-03,0.4810176624487287,2,LONG,2026-09-02,33837068826,6da608dfa4bb6fc9b4a914a68ccee790a95753bf513698a2f34a767ce96b4af5,Delta_LS_70_30_StopVol,XRP,0.12129604508523065,0.04616803454774695
032697c98079e34f4cf33b6932f2aad9f20c8263b3eecd1e60cd03d2b013c161,2026-09-03,signal_close_then_next_daily_open,2026-09-03,-0.5387757371278906,2,SHORT,2026-09-02,33837068826,6da608dfa4bb6fc9b4a914a68ccee790a95753bf513698a2f34a767ce96b4af5,Delta_LS_70_30_StopVol,SUI,-0.05745640406946942,0.04177080064213915
b4e4e6ced5382e71ad9cd58411e3b5ccb1d8525636b4f65a4809e951f313d511,2026-09-03,signal_close_then_next_daily_open,2026-09-03,-0.641566097275989,2,SHORT,2026-09-02,33837068826,6da608dfa4bb6fc9b4a914a68ccee790a95753bf513698a2f34a767ce96b4af5,Delta_LS_70_30_StopVol,ADA,-0.05910602863767576,0.04060499504563526
fa7554b1fa97b0a7872e1dd3f6f16163954e66945c707d19f288bf57c363d658,2026-09-03,signal_close_then_next_daily_open,2026-09-03,-0.6875182477883185,2,SHORT,2026-09-02,33837068826,6da608dfa4bb6fc9b4a914a68ccee790a95753bf513698a2f34a767ce96b4af5,Delta_LS_70_30_StopVol,APT,-0.05755240979413211,0.041701120918914106
fe15dde4953a17c9344ce572119b00b9c4cb06862ee769fd3592fac217953465,2026-09-03,signal_close_then_next_daily_open,2026-09-03,-0.8960347272387481,2,SHORT,2026-09-02,33837068826,6da608dfa4bb6fc9b4a914a68ccee790a95753bf513698a2f34a767ce96b4af5,Delta_LS_70_30_StopVol,TRX,-0.06,0.010258197887526797
5a1d01fea6c1879485e4c7f128901073e9586ef200eadc5f8e80e9dd44063ba9,2026-09-03,signal_close_then_next_daily_open,2026-09-03,2.260653821990024,2,LONG,2026-09-02,33837068826,6da608dfa4bb6fc9b4a914a68ccee790a95753bf513698a2f34a767ce96b4af5,Delta_LS_50_50,ARB,0.1,0.07378917032046776
e051912f87de1d9b62b1b7658e974cfc8877ca8dd16bcafa8ff71a29f1614261,2026-09-03,signal_close_then_next_daily_open,2026-09-03,1.1693276179262395,2,LONG,2026-09-02,33837068826,6da608dfa4bb6fc9b4a914a68ccee790a95753bf513698a2f34a767ce96b4af5,Delta_LS_50_50,AAVE,0.1,0.056378097970500266
2ffcd5c8bbe82b5819cf8f63f0e76e36581dfb4b340d9991b74a1361098809f1,2026-09-03,signal_close_then_next_daily_open,2026-09-03,0.7879610482973435,2,LONG,2026-09-02,33837068826,6da608dfa4bb6fc9b4a914a68ccee790a95753bf513698a2f34a767ce96b4af5,Delta_LS_50_50,SOL,0.1,0.032806323483625145
7bc7bc39c60b1e4a6fbafb6926eb6b2224187ff8e5359d30a34dfb1f6abc2f3f,2026-09-03,signal_close_then_next_daily_open,2026-09-03,0.4810176624487287,2,LONG,2026-09-02,33837068826,6da608dfa4bb6fc9b4a914a68ccee790a95753bf513698a2f34a767ce96b4af5,Delta_LS_50_50,XRP,0.1,0.04616803454774695
0db35bbceef79875687cdd250d0a9fcc0f80845d504891d9389e3a351f2d7577,2026-09-03,signal_close_then_next_daily_open,2026-09-03,-0.5387757371278906,2,SHORT,2026-09-02,33837068826,6da608dfa4bb6fc9b4a914a68ccee790a95753bf513698a2f34a767ce96b4af5,Delta_LS_50_50,SUI,-0.1,0.04177080064213915
8cc166dee8f44dd2248b6ef1cd8afd722de619b7ae9335fed4fe6820aa4589fa,2026-09-03,signal_close_then_next_daily_open,2026-09-03,-0.641566097275989,2,SHORT,2026-09-02,33837068826,6da608dfa4bb6fc9b4a914a68ccee790a95753bf513698a2f34a767ce96b4af5,Delta_LS_50_50,ADA,-0.1,0.04060499504563526
f34e31f3b3b89194460e5283b1de50ccf538d653d20efb9f285a855b00b2631b,2026-09-03,signal_close_then_next_daily_open,2026-09-03,-0.6875182477883185,2,SHORT,2026-09-02,33837068826,6da608dfa4bb6fc9b4a914a68ccee790a95753bf513698a2f34a767ce96b4af5,Delta_LS_50_50,APT,-0.1,0.041701120918914106
060dcb5ccdfaff913b515bf1f9efff8ddc1e02c6ff7642d13f4477484cbbc431,2026-09-03,signal_close_then_next_daily_open,2026-09-03,-0.8960347272387481,2,SHORT,2026-09-02,33837068826,6da608dfa4bb6fc9b4a914a68ccee790a95753bf513698a2f34a767ce96b4af5,Delta_LS_50_50,TRX,-0.1,0.010258197887526797
844510887cbcea312b243c04617bf066f1c995ebce0508d97832da4f56007e88,2026-09-03,signal_close_then_next_daily_open,2026-09-03,2.260653821990024,2,LONG,2026-09-02,33837068826,6da608dfa4bb6fc9b4a914a68ccee790a95753bf513698a2f34a767ce96b4af5,Delta_LS_50_50_StopVol,ARB,0.05420849675674525,0.07378917032046776
00fe810a82723574d81f16f68a1056d7079d58dd3cfe3c08529caf0e66b9c0c4,2026-09-03,signal_close_then_next_daily_open,2026-09-03,1.1693276179262395,2,LONG,2026-09-02,33837068826,6da608dfa4bb6fc9b4a914a68ccee790a95753bf513698a2f34a767ce96b4af5,Delta_LS_50_50_StopVol,AAVE,0.07094953792327284,0.056378097970500266
a553192b618d9b21007f1c9b8b4e3e8144150128e6b643675adddba5e2cee927,2026-09-03,signal_close_then_next_daily_open,2026-09-03,0.7879610482973435,2,LONG,2026-09-02,33837068826,6da608dfa4bb6fc9b4a914a68ccee790a95753bf513698a2f34a767ce96b4af5,Delta_LS_50_50_StopVol,SOL,0.1,0.032806323483625145
079e293a694b96d013b729048e8c80a6a53ab89566c6633da9b440d3fccdb6ab,2026-09-03,signal_close_then_next_daily_open,2026-09-03,0.4810176624487287,2,LONG,2026-09-02,33837068826,6da608dfa4bb6fc9b4a914a68ccee790a95753bf513698a2f34a767ce96b4af5,Delta_LS_50_50_StopVol,XRP,0.08664003220373619,0.04616803454774695
5b8394e18f8aef1de3fe775ad388e96819de59d1f3055196e30853e578435eac,2026-09-03,signal_close_then_next_daily_open,2026-09-03,-0.5387757371278906,2,SHORT,2026-09-02,33837068826,6da608dfa4bb6fc9b4a914a68ccee790a95753bf513698a2f34a767ce96b4af5,Delta_LS_50_50_StopVol,SUI,-0.09576067344911571,0.04177080064213915
200765164efb909e65dde01d2a5ab072c1e161e47755b88f28d3e8f456b9b8d8,2026-09-03,signal_close_then_next_daily_open,2026-09-03,-0.641566097275989,2,SHORT,2026-09-02,33837068826,6da608dfa4bb6fc9b4a914a68ccee790a95753bf513698a2f34a767ce96b4af5,Delta_LS_50_50_StopVol,ADA,-0.09851004772945961,0.04060499504563526
a53e752a327748ea33d8880e9c998402b4b434e4aa9c113b3779c97b8280d7ab,2026-09-03,signal_close_then_next_daily_open,2026-09-03,-0.6875182477883185,2,SHORT,2026-09-02,33837068826,6da608dfa4bb6fc9b4a914a68ccee790a95753bf513698a2f34a767ce96b4af5,Delta_LS_50_50_StopVol,APT,-0.0959206829902202,0.041701120918914106
b1a808d0f54b04c8e11fec4195ac0655539f7a03ea15d623d7c36a941440106e,2026-09-03,signal_close_then_next_daily_open,2026-09-03,-0.8960347272387481,2,SHORT,2026-09-02,33837068826,6da608dfa4bb6fc9b4a914a68ccee790a95753bf513698a2f34a767ce96b4af5,Delta_LS_50_50_StopVol,TRX,-0.1,0.010258197887526797
68887ee6a659cd5fbad444b6a15deefea9dc81a6be62b7bc0bea3135f155e4d4,2026-09-04,signal_close_then_next_daily_open,2026-09-04,2.737348323583576,2,LONG,2026-09-03,33944536398,9a37fbd1dcd2d434bff0185b1ee362568f5e7daf9d3b8aa5bd670f8b3c02ce26,Delta_LS_70_30,ARB,0.13999999999999999,0.07676274906585034
fb00a49fdb9caf5381a3b2f535c6fdae291989ddc7263665e8092508c59e8302,2026-09-04,signal_close_then_next_daily_open,2026-09-04,0.9748205869564328,2,LONG,2026-09-03,33944536398,9a37fbd1dcd2d434bff0185b1ee362568f5e7daf9d3b8aa5bd670f8b3c02ce26,Delta_LS_70_30,AAVE,0.13999999999999999,0.05631102285887192
0af4ab5c0f3c696b08375ae8565f76d700f9957a8e8cce3767da666f68949de8,2026-09-04,signal_close_then_next_daily_open,2026-09-04,0.5318164463345072,2,LONG,2026-09-03,33944536398,9a37fbd1dcd2d434bff0185b1ee362568f5e7daf9d3b8aa5bd670f8b3c02ce26,Delta_LS_70_30,SOL,0.13999999999999999,0.03305158155637428
f1bcdcd107fe2089e3e3c63b9f40158ddbd5b3b9eec0f12adfc4f72be3bd2ef5,2026-09-04,signal_close_then_next_daily_open,2026-09-04,0.25225492540217337,2,LONG,2026-09-03,33944536398,9a37fbd1dcd2d434bff0185b1ee362568f5e7daf9d3b8aa5bd670f8b3c02ce26,Delta_LS_70_30,XRP,0.13999999999999999,0.0476403781623629
89b5e001daa21d57895cab28b414ecaa5f0622b6ea2912a1be03d234de2b0c79,2026-09-04,signal_close_then_next_daily_open,2026-09-04,-0.619977992156469,2,SHORT,2026-09-03,33944536398,9a37fbd1dcd2d434bff0185b1ee362568f5e7daf9d3b8aa5bd670f8b3c02ce26,Delta_LS_70_30,APT,-0.06,0.04201738196054971
efac1dd2a88d947250146a1d6cb3dc49c8d4310832609c0834d2d4b64bc2c5f6,2026-09-04,signal_close_then_next_daily_open,2026-09-04,-0.7617042897049413,2,SHORT,2026-09-03,33944536398,9a37fbd1dcd2d434bff0185b1ee362568f5e7daf9d3b8aa5bd670f8b3c02ce26,Delta_LS_70_30,TRX,-0.06,0.010692381001695592
a8dde008d39c96074241caf32266299ecb47a3d2e7b705bc3c5f56115829d3af,2026-09-04,signal_close_then_next_daily_open,2026-09-04,2.737348323583576,2,LONG,2026-09-03,33944536398,9a37fbd1dcd2d434bff0185b1ee362568f5e7daf9d3b8aa5bd670f8b3c02ce26,Delta_LS_70_30_StopVol,ARB,0.07295205119863649,0.07676274906585034
65b8d63ab5e4252002bcc3c387a7fce0386920beddfb4f6a7c22f0b9706723c5,2026-09-04,signal_close_then_next_daily_open,2026-09-04,0.9748205869564328,2,LONG,2026-09-03,33944536398,9a37fbd1dcd2d434bff0185b1ee362568f5e7daf9d3b8aa5bd670f8b3c02ce26,Delta_LS_70_30_StopVol,AAVE,0.09944766966913136,0.05631102285887192
e64113af850092f695e2fe159380badb559f2a8ef61c836acc1f03f2c1a495f2,2026-09-04,signal_close_then_next_daily_open,2026-09-04,0.5318164463345072,2,LONG,2026-09-03,33944536398,9a37fbd1dcd2d434bff0185b1ee362568f5e7daf9d3b8aa5bd670f8b3c02ce26,Delta_LS_70_30_StopVol,SOL,0.13999999999999999,0.03305158155637428
e1f3885887a67f368ee2c68f34286545b0acd253a06f890c0b349921fb718128,2026-09-04,signal_close_then_next_daily_open,2026-09-04,0.25225492540217337,2,LONG,2026-09-03,33944536398,9a37fbd1dcd2d434bff0185b1ee362568f5e7daf9d3b8aa5bd670f8b3c02ce26,Delta_LS_70_30_StopVol,XRP,0.11754734567628056,0.0476403781623629
6bf7ef17b53effa6f1d3c759b2f0018e41f73f1559373108e6d2a352bc0dc5db,2026-09-04,signal_close_then_next_daily_open,2026-09-04,-0.619977992156469,2,SHORT,2026-09-03,33944536398,9a37fbd1dcd2d434bff0185b1ee362568f5e7daf9d3b8aa5bd670f8b3c02ce26,Delta_LS_70_30_StopVol,APT,-0.05711921800014503,0.04201738196054971
63cd457140142551f36a29c55d0765ccbdc8f00bd525918c730b978644814c2a,2026-09-04,signal_close_then_next_daily_open,2026-09-04,-0.7617042897049413,2,SHORT,2026-09-03,33944536398,9a37fbd1dcd2d434bff0185b1ee362568f5e7daf9d3b8aa5bd670f8b3c02ce26,Delta_LS_70_30_StopVol,TRX,-0.06,0.010692381001695592
bf2f47f3b8c4f085a82bee30a7d89bd63a8efb913eaa6e753c1acab276e8c28f,2026-09-04,signal_close_then_next_daily_open,2026-09-04,2.737348323583576,2,LONG,2026-09-03,33944536398,9a37fbd1dcd2d434bff0185b1ee362568f5e7daf9d3b8aa5bd670f8b3c02ce26,Delta_LS_50_50,ARB,0.1,0.07676274906585034
4178d5f9d05c7b2775531093b66695a4b3e825e5bf05e448800e7f519aacb22f,2026-09-04,signal_close_then_next_daily_open,2026-09-04,0.9748205869564328,2,LONG,2026-09-03,33944536398,9a37fbd1dcd2d434bff0185b1ee362568f5e7daf9d3b8aa5bd670f8b3c02ce26,Delta_LS_50_50,AAVE,0.1,0.05631102285887192
7cb6eaf8da3e120d4482641935318ac460cd204d0e9999fa0e8be38227906b24,2026-09-04,signal_close_then_next_daily_open,2026-09-04,0.5318164463345072,2,LONG,2026-09-03,33944536398,9a37fbd1dcd2d434bff0185b1ee362568f5e7daf9d3b8aa5bd670f8b3c02ce26,Delta_LS_50_50,SOL,0.1,0.03305158155637428
7137ae94f4304f4a6b8f9d6064588704456aba6fd641506247510a2ca43ef584,2026-09-04,signal_close_then_next_daily_open,2026-09-04,0.25225492540217337,2,LONG,2026-09-03,33944536398,9a37fbd1dcd2d434bff0185b1ee362568f5e7daf9d3b8aa5bd670f8b3c02ce26,Delta_LS_50_50,XRP,0.1,0.0476403781623629
ba7d615974101866dbb081888104c740664279001c2d71efc532efb8f6bbf5cc,2026-09-04,signal_close_then_next_daily_open,2026-09-04,-0.619977992156469,2,SHORT,2026-09-03,33944536398,9a37fbd1dcd2d434bff0185b1ee362568f5e7daf9d3b8aa5bd670f8b3c02ce26,Delta_LS_50_50,APT,-0.1,0.04201738196054971
5da3771b1c02dfc4ecca490bf3eeee882f98911db0b9433a6d1560586cafda5f,2026-09-04,signal_close_then_next_daily_open,2026-09-04,-0.7617042897049413,2,SHORT,2026-09-03,33944536398,9a37fbd1dcd2d434bff0185b1ee362568f5e7daf9d3b8aa5bd670f8b3c02ce26,Delta_LS_50_50,TRX,-0.1,0.010692381001695592
e198d17a267a85d74ee7298267a94c891fee1037bc8a0e9f7613781abb8b0253,2026-09-04,signal_close_then_next_daily_open,2026-09-04,2.737348323583576,2,LONG,2026-09-03,33944536398,9a37fbd1dcd2d434bff0185b1ee362568f5e7daf9d3b8aa5bd670f8b3c02ce26,Delta_LS_50_50_StopVol,ARB,0.05210860799902607,0.07676274906585034
28c196e193242744f8189b04cc32712a144c2dd21c6f1dc70c89c5ee1be53bb7,2026-09-04,signal_close_then_next_daily_open,2026-09-04,0.9748205869564328,2,LONG,2026-09-03,33944536398,9a37fbd1dcd2d434bff0185b1ee362568f5e7daf9d3b8aa5bd670f8b3c02ce26,Delta_LS_50_50_StopVol,AAVE,0.07103404976366527,0.05631102285887192
e02f845bf2a98ecfff5c0b61a8354e575e5afb2b8002c4ce487af40580abfe8a,2026-09-04,signal_close_then_next_daily_open,2026-09-04,0.5318164463345072,2,LONG,2026-09-03,33944536398,9a37fbd1dcd2d434bff0185b1ee362568f5e7daf9d3b8aa5bd670f8b3c02ce26,Delta_LS_50_50_StopVol,SOL,0.1,0.03305158155637428
00618cc6473bd2ec788af1759e77ea829da590cc9c449b9b2d09ed46d3b96252,2026-09-04,signal_close_then_next_daily_open,2026-09-04,0.25225492540217337,2,LONG,2026-09-03,33944536398,9a37fbd1dcd2d434bff0185b1ee362568f5e7daf9d3b8aa5bd670f8b3c02ce26,Delta_LS_50_50_StopVol,XRP,0.08396238976877185,0.0476403781623629
3f83913d8ed0c61d3bdfa11c8e50c891a3faf9e3ea87c03097197700d4aa615c,2026-09-04,signal_close_then_next_daily_open,2026-09-04,-0.619977992156469,2,SHORT,2026-09-03,33944536398,9a37fbd1dcd2d434bff0185b1ee362568f5e7daf9d3b8aa5bd670f8b3c02ce26,Delta_LS_50_50_StopVol,APT,-0.09519869666690839,0.04201738196054971
8c32477f405b7d95abc37331abe9429b4d22d89b316b4ed8f3166608de15cf7c,2026-09-04,signal_close_then_next_daily_open,2026-09-04,-0.7617042897049413,2,SHORT,2026-09-03,33944536398,9a37fbd1dcd2d434bff0185b1ee362568f5e7daf9d3b8aa5bd670f8b3c02ce26,Delta_LS_50_50_StopVol,TRX,-0.1,0.010692381001695592
17addf771b091cfd2e2d1c848a6429583e9d6b838e81155cc9b7e2d9ea5bdef3,2026-09-05,signal_close_then_next_daily_open,2026-09-05,2.603292114292053,2,LONG,2026-09-04,34011930549,e72411bef1a5d58aadb4e53b996827a55aa026681d8a391d2cda2f25d381afc9,Delta_LS_70_30,ARB,0.13999999999999999,0.07803499793469176
788647d9124cb0684b02f31feffed1742aca02c2f69ed3531ffc8e0dc1ff9d65,2026-09-05,signal_close_then_next_daily_open,2026-09-05,0.7084328245936883,2,LONG,2026-09-04,34011930549,e72411bef1a5d58aadb4e53b996827a55aa026681d8a391d2cda2f25d381afc9,Delta_LS_70_30,SOL,0.13999999999999999,0.033516911126883805
2336d151bdd87162cefd8497ee6ee8a7e22e1bff428e0a72cf70e106efff554d,2026-09-05,signal_close_then_next_daily_open,2026-09-05,0.6869454295277361,2,LONG,2026-09-04,34011930549,e72411bef1a5d58aadb4e53b996827a55aa026681d8a391d2cda2f25d381afc9,Delta_LS_70_30,AAVE,0.13999999999999999,0.05648920537663668
229eee1b3c62c5496382f2431ff2a5dfda42a57f489e9921ad23df81dfcc8135,2026-09-05,signal_close_then_next_daily_open,2026-09-05,0.3852743550865585,2,LONG,2026-09-04,34011930549,e72411bef1a5d58aadb4e53b996827a55aa026681d8a391d2cda2f25d381afc9,Delta_LS_70_30,LINK,0.13999999999999999,0.03740426922393359
1c0d4dbe39ed9f64dbcc94fcc6a1636f9244951d6e4abe49c177e43b6e736f96,2026-09-05,signal_close_then_next_daily_open,2026-09-05,-0.7899774027887545,2,SHORT,2026-09-04,34011930549,e72411bef1a5d58aadb4e53b996827a55aa026681d8a391d2cda2f25d381afc9,Delta_LS_70_30,APT,-0.06,0.04239327911286237
7cd1bf9fbc76b4ea5b9ca011804987252936b7200409dd1c2472854b696f90b4,2026-09-05,signal_close_then_next_daily_open,2026-09-05,2.603292114292053,2,LONG,2026-09-04,34011930549,e72411bef1a5d58aadb4e53b996827a55aa026681d8a391d2cda2f25d381afc9,Delta_LS_70_30_StopVol,ARB,0.07176267249582928,0.07803499793469176
0dd32e551ae4a88e74f713d820530c5f50fe2381679559dc29df5aeec369d73b,2026-09-05,signal_close_then_next_daily_open,2026-09-05,0.7084328245936883,2,LONG,2026-09-04,34011930549,e72411bef1a5d58aadb4e53b996827a55aa026681d8a391d2cda2f25d381afc9,Delta_LS_70_30_StopVol,SOL,0.13999999999999999,0.033516911126883805
3b44ebe37bb015f149f423e8b0a167b87149a49e0e29e7ecb5cb51e795d1a283,2026-09-05,signal_close_then_next_daily_open,2026-09-05,0.6869454295277361,2,LONG,2026-09-04,34011930549,e72411bef1a5d58aadb4e53b996827a55aa026681d8a391d2cda2f25d381afc9,Delta_LS_70_30_StopVol,AAVE,0.09913398431899519,0.05648920537663668
78617620996f28e05b61f3b9b70ccf0cc821c23ff89c70a68347a55aeb47f555,2026-09-05,signal_close_then_next_daily_open,2026-09-05,0.3852743550865585,2,LONG,2026-09-04,34011930549,e72411bef1a5d58aadb4e53b996827a55aa026681d8a391d2cda2f25d381afc9,Delta_LS_70_30_StopVol,LINK,0.13999999999999999,0.03740426922393359
d1c0d241e70c12b661d18d588b08639f15ab6e10910f79e6ac938ab07312e3d3,2026-09-05,signal_close_then_next_daily_open,2026-09-05,-0.7899774027887545,2,SHORT,2026-09-04,34011930549,e72411bef1a5d58aadb4e53b996827a55aa026681d8a391d2cda2f25d381afc9,Delta_LS_70_30_StopVol,APT,-0.056612747355790784,0.04239327911286237
1ed336ebe61b5f525e3f21493dffad6168eb633230f2983f5a5469509750260f,2026-09-05,signal_close_then_next_daily_open,2026-09-05,2.603292114292053,2,LONG,2026-09-04,34011930549,e72411bef1a5d58aadb4e53b996827a55aa026681d8a391d2cda2f25d381afc9,Delta_LS_50_50,ARB,0.1,0.07803499793469176
9b5aee5a6c4023cd2b4ab91514bff506f76ac697e5d21e093cb8c7fc53a60413,2026-09-05,signal_close_then_next_daily_open,2026-09-05,0.7084328245936883,2,LONG,2026-09-04,34011930549,e72411bef1a5d58aadb4e53b996827a55aa026681d8a391d2cda2f25d381afc9,Delta_LS_50_50,SOL,0.1,0.033516911126883805
19237874fd83a7786358085c5938d4a333e6bd72cb38efc8727e25bcc4b3a08b,2026-09-05,signal_close_then_next_daily_open,2026-09-05,0.6869454295277361,2,LONG,2026-09-04,34011930549,e72411bef1a5d58aadb4e53b996827a55aa026681d8a391d2cda2f25d381afc9,Delta_LS_50_50,AAVE,0.1,0.05648920537663668
09ee1788179e6a4ac040fc480087333d525aa86f88d5722fddb46feb65563003,2026-09-05,signal_close_then_next_daily_open,2026-09-05,0.3852743550865585,2,LONG,2026-09-04,34011930549,e72411bef1a5d58aadb4e53b996827a55aa026681d8a391d2cda2f25d381afc9,Delta_LS_50_50,LINK,0.1,0.03740426922393359
cda840783a62e2dcb608af20809a446e817df8d4d6101a27ce34cc1fae9a3a57,2026-09-05,signal_close_then_next_daily_open,2026-09-05,-0.7899774027887545,2,SHORT,2026-09-04,34011930549,e72411bef1a5d58aadb4e53b996827a55aa026681d8a391d2cda2f25d381afc9,Delta_LS_50_50,APT,-0.1,0.04239327911286237
22fe6001c7e6e749171f98a7f3df2685bb97ae8851c42a2c7f3e20511e67c92f,2026-09-05,signal_close_then_next_daily_open,2026-09-05,2.603292114292053,2,LONG,2026-09-04,34011930549,e72411bef1a5d58aadb4e53b996827a55aa026681d8a391d2cda2f25d381afc9,Delta_LS_50_50_StopVol,ARB,0.05125905178273521,0.07803499793469176
e0aab0330c34f2ed03e2d2dff6fc0ce96275335d90dea5c6fcdcee6b311ed997,2026-09-05,signal_close_then_next_daily_open,2026-09-05,0.7084328245936883,2,LONG,2026-09-04,34011930549,e72411bef1a5d58aadb4e53b996827a55aa026681d8a391d2cda2f25d381afc9,Delta_LS_50_50_StopVol,SOL,0.1,0.033516911126883805
fe439d644ca9c47d970618ed1dbd53c18005265bb81d301c8f461cdc3fa7ba1e,2026-09-05,signal_close_then_next_daily_open,2026-09-05,0.6869454295277361,2,LONG,2026-09-04,34011930549,e72411bef1a5d58aadb4e53b996827a55aa026681d8a391d2cda2f25d381afc9,Delta_LS_50_50_StopVol,AAVE,0.07080998879928228,0.05648920537663668
3e0ee5fd074e5226a6432c4aa280f1f97f89ecfaf69ef0ae339a5e47f6da8a3e,2026-09-05,signal_close_then_next_daily_open,2026-09-05,0.3852743550865585,2,LONG,2026-09-04,34011930549,e72411bef1a5d58aadb4e53b996827a55aa026681d8a391d2cda2f25d381afc9,Delta_LS_50_50_StopVol,LINK,0.1,0.03740426922393359
46e5577d7a362bd3910c0e1b59fcee9e36648d49ec2b392e70657877d817e9fe,2026-09-05,signal_close_then_next_daily_open,2026-09-05,-0.7899774027887545,2,SHORT,2026-09-04,34011930549,e72411bef1a5d58aadb4e53b996827a55aa026681d8a391d2cda2f25d381afc9,Delta_LS_50_50_StopVol,APT,-0.09435457892631799,0.04239327911286237
1e9322503d2b8c2fdec5899f82c592335f7a6175e597b811be742e73cac57266,2026-09-06,signal_close_then_next_daily_open,2026-09-06,3.2341164078169506,2,LONG,2026-09-05,34083879732,0027787286b5980406ed4f15f3a042fb58ba9f5c988aeecedc4e2ecbb5422d1a,Delta_LS_70_30,ARB,0.13999999999999999,0.0974348727492577
8f73f70a2e73492052b8dcde820858ec6e1a20c0fc63fb196b34134a21fe2b64,2026-09-06,signal_close_then_next_daily_open,2026-09-06,0.306787080802122,2,LONG,2026-09-05,34083879732,0027787286b5980406ed4f15f3a042fb58ba9f5c988aeecedc4e2ecbb5422d1a,Delta_LS_70_30,NEAR,0.13999999999999999,0.043704752300737455
5197950e3d3692e9113d97af71913391189ba946bb61f2adeb35a8832f49811d,2026-09-06,signal_close_then_next_daily_open,2026-09-06,0.27623123368962593,2,LONG,2026-09-05,34083879732,0027787286b5980406ed4f15f3a042fb58ba9f5c988aeecedc4e2ecbb5422d1a,Delta_LS_70_30,SOL,0.13999999999999999,0.03305101726366716
5c80c656e8fc6d3d89b12b06997ea6229a85b872043f06369e337dcc1e941d72,2026-09-06,signal_close_then_next_daily_open,2026-09-06,0.18095601514680706,2,LONG,2026-09-05,34083879732,0027787286b5980406ed4f15f3a042fb58ba9f5c988aeecedc4e2ecbb5422d1a,Delta_LS_70_30,LINK,0.13999999999999999,0.03760253764781033
ce3de04599e62d492cbef6d00489640e38c07533b7bbca66265a7265c3dfc8a2,2026-09-06,signal_close_then_next_daily_open,2026-09-06,0.16427269284445573,2,LONG,2026-09-05,34083879732,0027787286b5980406ed4f15f3a042fb58ba9f5c988aeecedc4e2ecbb5422d1a,Delta_LS_70_30,AAVE,0.13999999999999999,0.05650932746082202
83839d1dd1a6980da6167dbc9f7e25f1386348e3ab202530917bc9b13956e9ff,2026-09-06,signal_close_then_next_daily_open,2026-09-06,-0.4267024953476666,2,SHORT,2026-09-05,34083879732,0027787286b5980406ed4f15f3a042fb58ba9f5c988aeecedc4e2ecbb5422d1a,Delta_LS_70_30,ETC,-0.06,0.0464976611850583
b504976b598813a63831bf2c5c20fbb9bc2b3380d8259c2e30d4d4f363d0765a,2026-09-06,signal_close_then_next_daily_open,2026-09-06,-0.4934050111671016,2,SHORT,2026-09-05,34083879732,0027787286b5980406ed4f15f3a042fb58ba9f5c988aeecedc4e2ecbb5422d1a,Delta_LS_70_30,ADA,-0.06,0.044726049089141004
61f848a4281514e8e9fbf7e2dc01797c26ebec3b7243ec2dc0d65ea922a9b166,2026-09-06,signal_close_then_next_daily_open,2026-09-06,-0.5321006998730701,2,SHORT,2026-09-05,34083879732,0027787286b5980406ed4f15f3a042fb58ba9f5c988aeecedc4e2ecbb5422d1a,Delta_LS_70_30,APT,-0.06,0.043673383528369865
4dec21b0c56dbc927b72cff1237e1d9b6c816d346eb1273e2cb9e9a6d0956e62,2026-09-06,signal_close_then_next_daily_open,2026-09-06,-0.5500176885558741,2,SHORT,2026-09-05,34083879732,0027787286b5980406ed4f15f3a042fb58ba9f5c988aeecedc4e2ecbb5422d1a,Delta_LS_70_30,BCH,-0.06,0.05998405325861443
d23d145a352b789e1c709de5c8396a0e0b2983b58bea6c8c522a181f36b79307,2026-09-06,signal_close_then_next_daily_open,2026-09-06,3.2341164078169506,2,LONG,2026-09-05,34083879732,0027787286b5980406ed4f15f3a042fb58ba9f5c988aeecedc4e2ecbb5422d1a,Delta_LS_70_30_StopVol,ARB,0.05747428864007689,0.0974348727492577
07a286ea56dda0211ff16e712582b5b0615ee639a4dadf0a7738e0e64a84fa3a,2026-09-06,signal_close_then_next_daily_open,2026-09-06,0.306787080802122,2,LONG,2026-09-05,34083879732,0027787286b5980406ed4f15f3a042fb58ba9f5c988aeecedc4e2ecbb5422d1a,Delta_LS_70_30_StopVol,NEAR,0.12813251889555974,0.043704752300737455
792dcf402213ad7d012b2bac74250c33b97b50ffdf8b8627502387663fb0ca06,2026-09-06,signal_close_then_next_daily_open,2026-09-06,0.27623123368962593,2,LONG,2026-09-05,34083879732,0027787286b5980406ed4f15f3a042fb58ba9f5c988aeecedc4e2ecbb5422d1a,Delta_LS_70_30_StopVol,SOL,0.13999999999999999,0.03305101726366716
abb072a9f0ffc577a8c1daa615eb2718e3b712fd7d9c97bcd07372defac495a7,2026-09-06,signal_close_then_next_daily_open,2026-09-06,0.18095601514680706,2,LONG,2026-09-05,34083879732,0027787286b5980406ed4f15f3a042fb58ba9f5c988aeecedc4e2ecbb5422d1a,Delta_LS_70_30_StopVol,LINK,0.13999999999999999,0.03760253764781033
6716a5529f08753b95ea1d250479bfb9d43ab91641f2dff591b8a2426496c0eb,2026-09-06,signal_close_then_next_daily_open,2026-09-06,0.16427269284445573,2,LONG,2026-09-05,34083879732,0027787286b5980406ed4f15f3a042fb58ba9f5c988aeecedc4e2ecbb5422d1a,Delta_LS_70_30_StopVol,AAVE,0.09909868426380558,0.05650932746082202
383b80ce492bc06d652ef2279607ce68f1a2a83715d1d61e71cfff22ea2fcfb0,2026-09-06,signal_close_then_next_daily_open,2026-09-06,-0.4267024953476666,2,SHORT,2026-09-05,34083879732,0027787286b5980406ed4f15f3a042fb58ba9f5c988aeecedc4e2ecbb5422d1a,Delta_LS_70_30_StopVol,ETC,-0.05161549933550687,0.0464976611850583
9a2d65c51ba228eb9473a48497b7ebbb8d4753ef46894bbd864d312e6feb4430,2026-09-06,signal_close_then_next_daily_open,2026-09-06,-0.4934050111671016,2,SHORT,2026-09-05,34083879732,0027787286b5980406ed4f15f3a042fb58ba9f5c988aeecedc4e2ecbb5422d1a,Delta_LS_70_30_StopVol,ADA,-0.053660004603060134,0.044726049089141004
e883a66dc9f3830ab453708eb91ec34b5306d712ba1230d44749b9a4e1aa4282,2026-09-06,signal_close_then_next_daily_open,2026-09-06,-0.5321006998730701,2,SHORT,2026-09-05,34083879732,0027787286b5980406ed4f15f3a042fb58ba9f5c988aeecedc4e2ecbb5422d1a,Delta_LS_70_30_StopVol,APT,-0.05495337906303917,0.043673383528369865
5f6cf49e070571139de7625e08c8c70233ec5630de8568100cccdc541dfef393,2026-09-06,signal_close_then_next_daily_open,2026-09-06,-0.5500176885558741,2,SHORT,2026-09-05,34083879732,0027787286b5980406ed4f15f3a042fb58ba9f5c988aeecedc4e2ecbb5422d1a,Delta_LS_70_30_StopVol,BCH,-0.040010633987214446,0.05998405325861443
49de0afa8374240c8fba2daa525a13ca121f4ce2cb9530ec66083c58811a7d47,2026-09-06,signal_close_then_next_daily_open,2026-09-06,3.2341164078169506,2,LONG,2026-09-05,34083879732,0027787286b5980406ed4f15f3a042fb58ba9f5c988aeecedc4e2ecbb5422d1a,Delta_LS_50_50,ARB,0.1,0.0974348727492577
2e7a9071a9cb839123034864f5668bde62e9d759cc9a7473c9343bfe77d56ad7,2026-09-06,signal_close_then_next_daily_open,2026-09-06,0.306787080802122,2,LONG,2026-09-05,34083879732,0027787286b5980406ed4f15f3a042fb58ba9f5c988aeecedc4e2ecbb5422d1a,Delta_LS_50_50,NEAR,0.1,0.043704752300737455
b3e2426566a78f4102a0d621708a3bf2abee12f27900c4b087b6c4ee172619ef,2026-09-06,signal_close_then_next_daily_open,2026-09-06,0.27623123368962593,2,LONG,2026-09-05,34083879732,0027787286b5980406ed4f15f3a042fb58ba9f5c988aeecedc4e2ecbb5422d1a,Delta_LS_50_50,SOL,0.1,0.03305101726366716
4eaff07067d034a527e52f92a46c0d68fcbfa2a1c38bb873903031b2ea00d4b0,2026-09-06,signal_close_then_next_daily_open,2026-09-06,0.18095601514680706,2,LONG,2026-09-05,34083879732,0027787286b5980406ed4f15f3a042fb58ba9f5c988aeecedc4e2ecbb5422d1a,Delta_LS_50_50,LINK,0.1,0.03760253764781033
86f44dadeca999938e14beedc94a9f656a94ef2ea0266222a7f07a42527076a3,2026-09-06,signal_close_then_next_daily_open,2026-09-06,0.16427269284445573,2,LONG,2026-09-05,34083879732,0027787286b5980406ed4f15f3a042fb58ba9f5c988aeecedc4e2ecbb5422d1a,Delta_LS_50_50,AAVE,0.1,0.05650932746082202
2947903c4b3e6e1cc6059860f2198d68642f9062296d0654069e34fa383ddd61,2026-09-06,signal_close_then_next_daily_open,2026-09-06,-0.4267024953476666,2,SHORT,2026-09-05,34083879732,0027787286b5980406ed4f15f3a042fb58ba9f5c988aeecedc4e2ecbb5422d1a,Delta_LS_50_50,ETC,-0.1,0.0464976611850583
95a36ca31056cdc254cb6417b1a2a6b208e34f99596a0a21738d4d4a6cf70c69,2026-09-06,signal_close_then_next_daily_open,2026-09-06,-0.4934050111671016,2,SHORT,2026-09-05,34083879732,0027787286b5980406ed4f15f3a042fb58ba9f5c988aeecedc4e2ecbb5422d1a,Delta_LS_50_50,ADA,-0.1,0.044726049089141004
0d079b97c1464cec99ebe21db1231a3a84b54d5dd2b33e566c6090295ca0b846,2026-09-06,signal_close_then_next_daily_open,2026-09-06,-0.5321006998730701,2,SHORT,2026-09-05,34083879732,0027787286b5980406ed4f15f3a042fb58ba9f5c988aeecedc4e2ecbb5422d1a,Delta_LS_50_50,APT,-0.1,0.043673383528369865
d89da7355a22e688ecb57af9f5fa014bd9347c6bf8110c924633199deca31832,2026-09-06,signal_close_then_next_daily_open,2026-09-06,-0.5500176885558741,2,SHORT,2026-09-05,34083879732,0027787286b5980406ed4f15f3a042fb58ba9f5c988aeecedc4e2ecbb5422d1a,Delta_LS_50_50,BCH,-0.1,0.05998405325861443
ee59e4a28ce5067cb3eac57bc149c0576983f382eefc9b2506507c441e7ce1d4,2026-09-06,signal_close_then_next_daily_open,2026-09-06,3.2341164078169506,2,LONG,2026-09-05,34083879732,0027787286b5980406ed4f15f3a042fb58ba9f5c988aeecedc4e2ecbb5422d1a,Delta_LS_50_50_StopVol,ARB,0.041053063314340645,0.0974348727492577
9d076e3fcd0b5384c9fa6177da85c8ec6d7e166be3ee566c1c9ecb301c2abebd,2026-09-06,signal_close_then_next_daily_open,2026-09-06,0.306787080802122,2,LONG,2026-09-05,34083879732,0027787286b5980406ed4f15f3a042fb58ba9f5c988aeecedc4e2ecbb5422d1a,Delta_LS_50_50_StopVol,NEAR,0.09152322778254268,0.043704752300737455
92410f79ef60f20b9653caa95284f99509a6cc13e21d502330d5e053b084de7e,2026-09-06,signal_close_then_next_daily_open,2026-09-06,0.27623123368962593,2,LONG,2026-09-05,34083879732,0027787286b5980406ed4f15f3a042fb58ba9f5c988aeecedc4e2ecbb5422d1a,Delta_LS_50_50_StopVol,SOL,0.1,0.03305101726366716
176e3604ea6e51cb6b08fea3fd4bce0f752bdaed92c16c9132ee94a15e963df8,2026-09-06,signal_close_then_next_daily_open,2026-09-06,0.18095601514680706,2,LONG,2026-09-05,34083879732,0027787286b5980406ed4f15f3a042fb58ba9f5c988aeecedc4e2ecbb5422d1a,Delta_LS_50_50_StopVol,LINK,0.1,0.03760253764781033
c046fb3aaa46d9630f0a8d57c10a13701347420ee4abee08a28278cecb6907dd,2026-09-06,signal_close_then_next_daily_open,2026-09-06,0.16427269284445573,2,LONG,2026-09-05,34083879732,0027787286b5980406ed4f15f3a042fb58ba9f5c988aeecedc4e2ecbb5422d1a,Delta_LS_50_50_StopVol,AAVE,0.07078477447414686,0.05650932746082202
c456cca5df9463f1460726f4d345cafcdc5574ea1e84320131dc2752d24750ba,2026-09-06,signal_close_then_next_daily_open,2026-09-06,-0.4267024953476666,2,SHORT,2026-09-05,34083879732,0027787286b5980406ed4f15f3a042fb58ba9f5c988aeecedc4e2ecbb5422d1a,Delta_LS_50_50_StopVol,ETC,-0.08602583222584478,0.0464976611850583
734ade48154eeec9b053e00eaa1301392729fec3328825aebe6be31d9b006d62,2026-09-06,signal_close_then_next_daily_open,2026-09-06,-0.4934050111671016,2,SHORT,2026-09-05,34083879732,0027787286b5980406ed4f15f3a042fb58ba9f5c988aeecedc4e2ecbb5422d1a,Delta_LS_50_50_StopVol,ADA,-0.08943334100510024,0.044726049089141004
28bdfccee2e718bd3d8f78e9c83862dc051ecd981dbe1f8d486dcdcd6e744999,2026-09-06,signal_close_then_next_daily_open,2026-09-06,-0.5321006998730701,2,SHORT,2026-09-05,34083879732,0027787286b5980406ed4f15f3a042fb58ba9f5c988aeecedc4e2ecbb5422d1a,Delta_LS_50_50_StopVol,APT,-0.09158896510506528,0.043673383528369865
32b83276d3a68498ee02386a8378606693e32943b4cf9c90902702f1cbb203df,2026-09-06,signal_close_then_next_daily_open,2026-09-06,-0.5500176885558741,2,SHORT,2026-09-05,34083879732,0027787286b5980406ed4f15f3a042fb58ba9f5c988aeecedc4e2ecbb5422d1a,Delta_LS_50_50_StopVol,BCH,-0.06668438997869075,0.05998405325861443
47d96a50acb2773cd5938ea60db604d266b83285552fc9b499fc8c128e311218,2026-09-07,signal_close_then_next_daily_open,2026-09-07,3.2009640435192774,2,LONG,2026-09-06,34187408288,751aefd8bacf9343aa30d3689fbd2a745d5bc317b03b920988eb864b15636ea4,Delta_LS_70_30,ARB,0.13999999999999999,0.09757617479288297
fda913663a4b0f2abe8683b2738b9fc4b065ee36a536588688be9b00cdd46851,2026-09-07,signal_close_then_next_daily_open,2026-09-07,0.5829158150081721,2,LONG,2026-09-06,34187408288,751aefd8bacf9343aa30d3689fbd2a745d5bc317b03b920988eb864b15636ea4,Delta_LS_70_30,NEAR,0.13999999999999999,0.04647929761980706
22fec1ea87a2b6d64fdf7b967258259d4dcc898da21ded3855a5ba3e872b40ed,2026-09-07,signal_close_then_next_daily_open,2026-09-07,0.4972194057000335,2,LONG,2026-09-06,34187408288,751aefd8bacf9343aa30d3689fbd2a745d5bc317b03b920988eb864b15636ea4,Delta_LS_70_30,LINK,0.13999999999999999,0.04052552835620054
aecb05e3bc6b5c74f370422a9d44e72e55cda2b8fbb86b65e04d52e79d890ac0,2026-09-07,signal_close_then_next_daily_open,2026-09-07,0.2508963689070405,2,LONG,2026-09-06,34187408288,751aefd8bacf9343aa30d3689fbd2a745d5bc317b03b920988eb864b15636ea4,Delta_LS_70_30,SOL,0.13999999999999999,0.033262703074699244
e01057a5b999f2e9f431ce6ea1cda00b7665074d4aa9b8d0b148f121abe1acdb,2026-09-07,signal_close_then_next_daily_open,2026-09-07,-0.42968205039802904,2,SHORT,2026-09-06,34187408288,751aefd8bacf9343aa30d3689fbd2a745d5bc317b03b920988eb864b15636ea4,Delta_LS_70_30,ETC,-0.06,0.04649705157879766
9b028acd8bb93a3083193380170807348a7df95998e8c50581a0917a3f7ca499,2026-09-07,signal_close_then_next_daily_open,2026-09-07,-0.4580552548597157,2,SHORT,2026-09-06,34187408288,751aefd8bacf9343aa30d3689fbd2a745d5bc317b03b920988eb864b15636ea4,Delta_LS_70_30,ADA,-0.06,0.04486427330932617
3545e306df8fdc8e4a5559f67e40daa67f18ad149a6c361cc6cdb68a872f26b7,2026-09-07,signal_close_then_next_daily_open,2026-09-07,-0.5093681666327232,2,SHORT,2026-09-06,34187408288,751aefd8bacf9343aa30d3689fbd2a745d5bc317b03b920988eb864b15636ea4,Delta_LS_70_30,APT,-0.06,0.043563009909918786
5acf5fcdd26f1408751b68ae1635470ab976661dde308b3d3c81609069c3a05c,2026-09-07,signal_close_then_next_daily_open,2026-09-07,-0.5331166487196273,2,SHORT,2026-09-06,34187408288,751aefd8bacf9343aa30d3689fbd2a745d5bc317b03b920988eb864b15636ea4,Delta_LS_70_30,TRX,-0.06,0.010781079180793046
7db7bbd5b147fdf3b29bf6b5670363bb44239d556493981bc1b570a70644533a,2026-09-07,signal_close_then_next_daily_open,2026-09-07,-0.5563485236116528,2,SHORT,2026-09-06,34187408288,751aefd8bacf9343aa30d3689fbd2a745d5bc317b03b920988eb864b15636ea4,Delta_LS_70_30,BCH,-0.06,0.06001758673884072
c5ca152359302358ef2ef41f13795cddd28e4a23c6dbbdcb088b0aac28f6a0a5,2026-09-07,signal_close_then_next_daily_open,2026-09-07,3.2009640435192774,2,LONG,2026-09-06,34187408288,751aefd8bacf9343aa30d3689fbd2a745d5bc317b03b920988eb864b15636ea4,Delta_LS_70_30_StopVol,ARB,0.05739105895354748,0.09757617479288297
3936a997615c8db48029f522b3fd2ff17fd4edc2ef7bbdb867e751ad10f5d67f,2026-09-07,signal_close_then_next_daily_open,2026-09-07,0.5829158150081721,2,LONG,2026-09-06,34187408288,751aefd8bacf9343aa30d3689fbd2a745d5bc317b03b920988eb864b15636ea4,Delta_LS_70_30_StopVol,NEAR,0.12048374839497511,0.04647929761980706
e317e672fdbf0788fd644f248cc04968dd73c81bc1af13f183a1ca3430293c4a,2026-09-07,signal_close_then_next_daily_open,2026-09-07,0.4972194057000335,2,LONG,2026-09-06,34187408288,751aefd8bacf9343aa30d3689fbd2a745d5bc317b03b920988eb864b15636ea4,Delta_LS_70_30_StopVol,LINK,0.13818450313043681,0.04052552835620054
5e1d5de36947cb455ed4941bce206908e1d7d7b036fb125e1edc3a2e902e9649,2026-09-07,signal_close_then_next_daily_open,2026-09-07,0.2508963689070405,2,LONG,2026-09-06,34187408288,751aefd8bacf9343aa30d3689fbd2a745d5bc317b03b920988eb864b15636ea4,Delta_LS_70_30_StopVol,SOL,0.13999999999999999,0.033262703074699244
dd260e3fc6ccd0c943671fa97178afa5a00a393ab21378d893aba4395074c2d2,2026-09-07,signal_close_then_next_daily_open,2026-09-07,-0.42968205039802904,2,SHORT,2026-09-06,34187408288,751aefd8bacf9343aa30d3689fbd2a745d5bc317b03b920988eb864b15636ea4,Delta_LS_70_30_StopVol,ETC,-0.05161617604791061,0.04649705157879766
3995daa473b2f60cdb7a1a33a1ce7a5235ab3706290adb8300eb7236303d5678,2026-09-07,signal_close_then_next_daily_open,2026-09-07,-0.4580552548597157,2,SHORT,2026-09-06,34187408288,751aefd8bacf9343aa30d3689fbd2a745d5bc317b03b920988eb864b15636ea4,Delta_LS_70_30_StopVol,ADA,-0.05349468124564718,0.04486427330932617
f4f8d11c264a87e8ef91cef9cfcc8ff263d2894a5fb3471287e1d2b4212166c1,2026-09-07,signal_close_then_next_daily_open,2026-09-07,-0.5093681666327232,2,SHORT,2026-09-06,34187408288,751aefd8bacf9343aa30d3689fbd2a745d5bc317b03b920988eb864b15636ea4,Delta_LS_70_30_StopVol,APT,-0.055092611942168586,0.043563009909918786
8b616d40363efbd27acd4c6dd591b98219bb5a158acf426eeafc57580caa7343,2026-09-07,signal_close_then_next_daily_open,2026-09-07,-0.5331166487196273,2,SHORT,2026-09-06,34187408288,751aefd8bacf9343aa30d3689fbd2a745d5bc317b03b920988eb864b15636ea4,Delta_LS_70_30_StopVol,TRX,-0.06,0.010781079180793046
3c61d6b750dddc285dc09c9d4d0404a752c2259905eec255e093dbd00a8ee9fd,2026-09-07,signal_close_then_next_daily_open,2026-09-07,-0.5563485236116528,2,SHORT,2026-09-06,34187408288,751aefd8bacf9343aa30d3689fbd2a745d5bc317b03b920988eb864b15636ea4,Delta_LS_70_30_StopVol,BCH,-0.039988278943025646,0.06001758673884072
1b2579d74dc0c61d4fc041a43e7f98d5afea1bf2abb7dda35f9e4b466700b2d9,2026-09-07,signal_close_then_next_daily_open,2026-09-07,3.2009640435192774,2,LONG,2026-09-06,34187408288,751aefd8bacf9343aa30d3689fbd2a745d5bc317b03b920988eb864b15636ea4,Delta_LS_50_50,ARB,0.1,0.09757617479288297
d528158b03cbea4e24612ee8a95ae25df3974c76eda60295fd9b63ace37a561d,2026-09-07,signal_close_then_next_daily_open,2026-09-07,0.5829158150081721,2,LONG,2026-09-06,34187408288,751aefd8bacf9343aa30d3689fbd2a745d5bc317b03b920988eb864b15636ea4,Delta_LS_50_50,NEAR,0.1,0.04647929761980706
7dcc7eb7af66bc8584ec3264cb949e7a4e5bbdc07030649e4e0d3da6650e8fce,2026-09-07,signal_close_then_next_daily_open,2026-09-07,0.4972194057000335,2,LONG,2026-09-06,34187408288,751aefd8bacf9343aa30d3689fbd2a745d5bc317b03b920988eb864b15636ea4,Delta_LS_50_50,LINK,0.1,0.04052552835620054
2fcf439afe79c09f1ffb2d0cea51682187868ed96aeb36f94a6fc9f18f1f7ab1,2026-09-07,signal_close_then_next_daily_open,2026-09-07,0.2508963689070405,2,LONG,2026-09-06,34187408288,751aefd8bacf9343aa30d3689fbd2a745d5bc317b03b920988eb864b15636ea4,Delta_LS_50_50,SOL,0.1,0.033262703074699244
8ef99e688b2e9a7e88f5c9822ac3e3cadffcd0986d4085e256d9246f2f7e1416,2026-09-07,signal_close_then_next_daily_open,2026-09-07,-0.42968205039802904,2,SHORT,2026-09-06,34187408288,751aefd8bacf9343aa30d3689fbd2a745d5bc317b03b920988eb864b15636ea4,Delta_LS_50_50,ETC,-0.1,0.04649705157879766
181a7ca32147002f7ca8f4ceef2c85684ce67d78b472880d6cc34bc31109f3dd,2026-09-07,signal_close_then_next_daily_open,2026-09-07,-0.4580552548597157,2,SHORT,2026-09-06,34187408288,751aefd8bacf9343aa30d3689fbd2a745d5bc317b03b920988eb864b15636ea4,Delta_LS_50_50,ADA,-0.1,0.04486427330932617
29be151a7880beac731e5ae491972ffe7e979bb9bba4347332246fdd4715b7ef,2026-09-07,signal_close_then_next_daily_open,2026-09-07,-0.5093681666327232,2,SHORT,2026-09-06,34187408288,751aefd8bacf9343aa30d3689fbd2a745d5bc317b03b920988eb864b15636ea4,Delta_LS_50_50,APT,-0.1,0.043563009909918786
38ce4d867915ddaceb3599cbf94715c33cbbd1a4b5dba35c65a95126b246bcbd,2026-09-07,signal_close_then_next_daily_open,2026-09-07,-0.5331166487196273,2,SHORT,2026-09-06,34187408288,751aefd8bacf9343aa30d3689fbd2a745d5bc317b03b920988eb864b15636ea4,Delta_LS_50_50,TRX,-0.1,0.010781079180793046
84d8438bf91de90f7e929d68b6791a1a72ed01448a0460c811b9a934a0442144,2026-09-07,signal_close_then_next_daily_open,2026-09-07,-0.5563485236116528,2,SHORT,2026-09-06,34187408288,751aefd8bacf9343aa30d3689fbd2a745d5bc317b03b920988eb864b15636ea4,Delta_LS_50_50,BCH,-0.1,0.06001758673884072
accad6379cfeb5c9850b72de12f1c83f01ee879d861104aeaec083ea4b3124b3,2026-09-07,signal_close_then_next_daily_open,2026-09-07,3.2009640435192774,2,LONG,2026-09-06,34187408288,751aefd8bacf9343aa30d3689fbd2a745d5bc317b03b920988eb864b15636ea4,Delta_LS_50_50_StopVol,ARB,0.04099361353824821,0.09757617479288297
02c398400f2262753c886c761e2677ef3f2dde5cd01d3bd4d38e3d3a0f3b9ac6,2026-09-07,signal_close_then_next_daily_open,2026-09-07,0.5829158150081721,2,LONG,2026-09-06,34187408288,751aefd8bacf9343aa30d3689fbd2a745d5bc317b03b920988eb864b15636ea4,Delta_LS_50_50_StopVol,NEAR,0.0860598202821251,0.04647929761980706
a85bfa20db06559219a818f94a2332d4d3959e87d71579582c96bb2cd2477664,2026-09-07,signal_close_then_next_daily_open,2026-09-07,0.4972194057000335,2,LONG,2026-09-06,34187408288,751aefd8bacf9343aa30d3689fbd2a745d5bc317b03b920988eb864b15636ea4,Delta_LS_50_50_StopVol,LINK,0.0987032165217406,0.04052552835620054
453f9b27a5602c732c66cb0c7d61ccaaf2c61e72ed94179d5b07a8719792546e,2026-09-07,signal_close_then_next_daily_open,2026-09-07,0.2508963689070405,2,LONG,2026-09-06,34187408288,751aefd8bacf9343aa30d3689fbd2a745d5bc317b03b920988eb864b15636ea4,Delta_LS_50_50_StopVol,SOL,0.1,0.033262703074699244
6e4081ca6a8d29ba06c0adc504277b603108e21104eefd59d5ab111b0e2255c2,2026-09-07,signal_close_then_next_daily_open,2026-09-07,-0.42968205039802904,2,SHORT,2026-09-06,34187408288,751aefd8bacf9343aa30d3689fbd2a745d5bc317b03b920988eb864b15636ea4,Delta_LS_50_50_StopVol,ETC,-0.08602696007985103,0.04649705157879766
ce97a7a7f7bdeeaf7bf0c40b24b76192019a2286a09dbeafe2238a42a555e105,2026-09-07,signal_close_then_next_daily_open,2026-09-07,-0.4580552548597157,2,SHORT,2026-09-06,34187408288,751aefd8bacf9343aa30d3689fbd2a745d5bc317b03b920988eb864b15636ea4,Delta_LS_50_50_StopVol,ADA,-0.08915780207607864,0.04486427330932617
0c6365f74af87420a751637f4606ab6daff7f67c6383611831d964e599c01d4d,2026-09-07,signal_close_then_next_daily_open,2026-09-07,-0.5093681666327232,2,SHORT,2026-09-06,34187408288,751aefd8bacf9343aa30d3689fbd2a745d5bc317b03b920988eb864b15636ea4,Delta_LS_50_50_StopVol,APT,-0.09182101990361431,0.043563009909918786
5013a8ebc02555cf161527a1a7828b1dd145cb109a3150284041c4b4c2765859,2026-09-07,signal_close_then_next_daily_open,2026-09-07,-0.5331166487196273,2,SHORT,2026-09-06,34187408288,751aefd8bacf9343aa30d3689fbd2a745d5bc317b03b920988eb864b15636ea4,Delta_LS_50_50_StopVol,TRX,-0.1,0.010781079180793046
04bb5b192144659c93705a3a8f121b1ac6120b475e573beefc53904678f8d98a,2026-09-07,signal_close_then_next_daily_open,2026-09-07,-0.5563485236116528,2,SHORT,2026-09-06,34187408288,751aefd8bacf9343aa30d3689fbd2a745d5bc317b03b920988eb864b15636ea4,Delta_LS_50_50_StopVol,BCH,-0.06664713157170941,0.06001758673884072
6ed7543d3c9ee77f92f68ed141c439194ea279277a7f63922e49ae39eb682e1a,2026-09-08,signal_close_then_next_daily_open,2026-09-08,3.0556327761099276,2,LONG,2026-09-07,34323454513,cb684053e833bdb1f73da4caf7dcdafaed0da4e8c2cbb677a0e9d6ab2942ca94,Delta_LS_70_30,ARB,0.13999999999999999,0.10051824248373299
d9ef27ba7fb0b928f49b88334769f441d45abaf16f6084c045af070cc424f8e6,2026-09-08,signal_close_then_next_daily_open,2026-09-08,0.49163560637646925,2,LONG,2026-09-07,34323454513,cb684053e833bdb1f73da4caf7dcdafaed0da4e8c2cbb677a0e9d6ab2942ca94,Delta_LS_70_30,NEAR,0.13999999999999999,0.04816220536721062
d13cda6ce903b4ad4396bead142b15e0d3409060744edb6ac455bf9fb622bb53,2026-09-08,signal_close_then_next_daily_open,2026-09-08,0.39088941103436375,2,LONG,2026-09-07,34323454513,cb684053e833bdb1f73da4caf7dcdafaed0da4e8c2cbb677a0e9d6ab2942ca94,Delta_LS_70_30,LINK,0.13999999999999999,0.04168319486779262
63bb9efd7d4f07bd90de8ed21e6db168a566800e9a97aea2c872a51a672b26c4,2026-09-08,signal_close_then_next_daily_open,2026-09-08,-0.39580453836242413,2,SHORT,2026-09-07,34323454513,cb684053e833bdb1f73da4caf7dcdafaed0da4e8c2cbb677a0e9d6ab2942ca94,Delta_LS_70_30,ETC,-0.06,0.046495603301215264
ce7a59d11696369b87cf713d8e6f92402ba87ab12325a2104116b27785a04834,2026-09-08,signal_close_then_next_daily_open,2026-09-08,-0.5011010823534936,2,SHORT,2026-09-07,34323454513,cb684053e833bdb1f73da4caf7dcdafaed0da4e8c2cbb677a0e9d6ab2942ca94,Delta_LS_70_30,ADA,-0.06,0.04493490388275887
37472653080ee93882eea144fde7d82c42da782fc15544016d9893e03abc0523,2026-09-08,signal_close_then_next_daily_open,2026-09-08,-0.6506055171180998,2,SHORT,2026-09-07,34323454513,cb684053e833bdb1f73da4caf7dcdafaed0da4e8c2cbb677a0e9d6ab2942ca94,Delta_LS_70_30,BCH,-0.06,0.06008292588555902
3fc31a00fed6d61ff2fdc37aacd0ea9c8d1a95d735c950b95f6a7c34327496e0,2026-09-08,signal_close_then_next_daily_open,2026-09-08,-0.6918280439098183,2,SHORT,2026-09-07,34323454513,cb684053e833bdb1f73da4caf7dcdafaed0da4e8c2cbb677a0e9d6ab2942ca94,Delta_LS_70_30,TRX,-0.06,0.01076746046822446
467b0a5bd0ebfd2a25dd0e50c927925329928f6b1171399a56c3891edc26be61,2026-09-08,signal_close_then_next_daily_open,2026-09-08,3.0556327761099276,2,LONG,2026-09-07,34323454513,cb684053e833bdb1f73da4caf7dcdafaed0da4e8c2cbb677a0e9d6ab2942ca94,Delta_LS_70_30_StopVol,ARB,0.05571128047633996,0.10051824248373299
3eb5a1e836b681bda947b847b4ec4e0b59f884e83d7846b645780ef4e098380d,2026-09-08,signal_close_then_next_daily_open,2026-09-08,0.49163560637646925,2,LONG,2026-09-07,34323454513,cb684053e833bdb1f73da4caf7dcdafaed0da4e8c2cbb677a0e9d6ab2942ca94,Delta_LS_70_30_StopVol,NEAR,0.11627374530096879,0.04816220536721062
0632d048e1999f0d66589a705af5328083defaea3442ba30fdf6681bf91cc46b,2026-09-08,signal_close_then_next_daily_open,2026-09-08,0.39088941103436375,2,LONG,2026-09-07,34323454513,cb684053e833bdb1f73da4caf7dcdafaed0da4e8c2cbb677a0e9d6ab2942ca94,Delta_LS_70_30_StopVol,LINK,0.13434670777423913,0.04168319486779262
f279dcf7edf7b740a31c018ca3e0f12b239b306f41efc8cc495f7f7dfaeeb06a,2026-09-08,signal_close_then_next_daily_open,2026-09-08,-0.39580453836242413,2,SHORT,2026-09-07,34323454513,cb684053e833bdb1f73da4caf7dcdafaed0da4e8c2cbb677a0e9d6ab2942ca94,Delta_LS_70_30_StopVol,ETC,-0.051617783824675544,0.046495603301215264
d036bee48964e2d5b4d7fe2566c18256385de7df3bb42903686d28732589da81,2026-09-08,signal_close_then_next_daily_open,2026-09-08,-0.5011010823534936,2,SHORT,2026-09-07,34323454513,cb684053e833bdb1f73da4caf7dcdafaed0da4e8c2cbb677a0e9d6ab2942ca94,Delta_LS_70_30_StopVol,ADA,-0.053410596053836426,0.04493490388275887
f973d61bccbacc2abb0b4fd25400f10ed432d560197466c5ebd459bc91eeefc3,2026-09-08,signal_close_then_next_daily_open,2026-09-08,-0.6506055171180998,2,SHORT,2026-09-07,34323454513,cb684053e833bdb1f73da4caf7dcdafaed0da4e8c2cbb677a0e9d6ab2942ca94,Delta_LS_70_30_StopVol,BCH,-0.03994479237864217,0.06008292588555902
30a652ee756bcc36d0f229749571750d0dafb77a82ccf8cd53e36b0318afde42,2026-09-08,signal_close_then_next_daily_open,2026-09-08,-0.6918280439098183,2,SHORT,2026-09-07,34323454513,cb684053e833bdb1f73da4caf7dcdafaed0da4e8c2cbb677a0e9d6ab2942ca94,Delta_LS_70_30_StopVol,TRX,-0.06,0.01076746046822446
8daec21040383e584b2b61e1995127fe547eb621db947f536f2eb45eee1f5468,2026-09-08,signal_close_then_next_daily_open,2026-09-08,3.0556327761099276,2,LONG,2026-09-07,34323454513,cb684053e833bdb1f73da4caf7dcdafaed0da4e8c2cbb677a0e9d6ab2942ca94,Delta_LS_50_50,ARB,0.1,0.10051824248373299
223a8c28d7883602ba2c665d492c54c54e0d605b5951d8ed54f2f9e0e39426ac,2026-09-08,signal_close_then_next_daily_open,2026-09-08,0.49163560637646925,2,LONG,2026-09-07,34323454513,cb684053e833bdb1f73da4caf7dcdafaed0da4e8c2cbb677a0e9d6ab2942ca94,Delta_LS_50_50,NEAR,0.1,0.04816220536721062
ddedd5327596830bd6d204293a34f45ee2e4a68ac1880aec5672117bf44692fd,2026-09-08,signal_close_then_next_daily_open,2026-09-08,0.39088941103436375,2,LONG,2026-09-07,34323454513,cb684053e833bdb1f73da4caf7dcdafaed0da4e8c2cbb677a0e9d6ab2942ca94,Delta_LS_50_50,LINK,0.1,0.04168319486779262
382a606cd4872d6d6df5381dfd11e113d268d378fa4f798cb49e94eb529ea8e0,2026-09-08,signal_close_then_next_daily_open,2026-09-08,-0.39580453836242413,2,SHORT,2026-09-07,34323454513,cb684053e833bdb1f73da4caf7dcdafaed0da4e8c2cbb677a0e9d6ab2942ca94,Delta_LS_50_50,ETC,-0.1,0.046495603301215264
91d9f170152987f94ca103afd9a0dc3cd2166d11fdd3d6bd004c5be1049c8cea,2026-09-08,signal_close_then_next_daily_open,2026-09-08,-0.5011010823534936,2,SHORT,2026-09-07,34323454513,cb684053e833bdb1f73da4caf7dcdafaed0da4e8c2cbb677a0e9d6ab2942ca94,Delta_LS_50_50,ADA,-0.1,0.04493490388275887
c7e64745f6deab432234afcbe92a5469b103108d64145ff5475dfface099eaa4,2026-09-08,signal_close_then_next_daily_open,2026-09-08,-0.6506055171180998,2,SHORT,2026-09-07,34323454513,cb684053e833bdb1f73da4caf7dcdafaed0da4e8c2cbb677a0e9d6ab2942ca94,Delta_LS_50_50,BCH,-0.1,0.06008292588555902
105bffbd39465fa9783624c3aaf131df2cdc3010bbaf24ef06e06382fb510066,2026-09-08,signal_close_then_next_daily_open,2026-09-08,-0.6918280439098183,2,SHORT,2026-09-07,34323454513,cb684053e833bdb1f73da4caf7dcdafaed0da4e8c2cbb677a0e9d6ab2942ca94,Delta_LS_50_50,TRX,-0.1,0.01076746046822446
c1b95c09f7fdb1e4c9b780f9b6cf9bb8eefd850b02012292cf30dba41422e4fd,2026-09-08,signal_close_then_next_daily_open,2026-09-08,3.0556327761099276,2,LONG,2026-09-07,34323454513,cb684053e833bdb1f73da4caf7dcdafaed0da4e8c2cbb677a0e9d6ab2942ca94,Delta_LS_50_50_StopVol,ARB,0.03979377176881427,0.10051824248373299
118b66e053e1066774e2d82debf4cbbf0a5f76714c7c5afc5c379cac4acad746,2026-09-08,signal_close_then_next_daily_open,2026-09-08,0.49163560637646925,2,LONG,2026-09-07,34323454513,cb684053e833bdb1f73da4caf7dcdafaed0da4e8c2cbb677a0e9d6ab2942ca94,Delta_LS_50_50_StopVol,NEAR,0.08305267521497772,0.04816220536721062
9fc6f19561eebddbc4ebf47bc9181cb8a9f8b57cb52b23ccdb25755e9a9c3721,2026-09-08,signal_close_then_next_daily_open,2026-09-08,0.39088941103436375,2,LONG,2026-09-07,34323454513,cb684053e833bdb1f73da4caf7dcdafaed0da4e8c2cbb677a0e9d6ab2942ca94,Delta_LS_50_50_StopVol,LINK,0.09596193412445653,0.04168319486779262
4a4a33d67bf66b2d1cee457a94817e046cfac05ae982bc6f5807246bc51c2502,2026-09-08,signal_close_then_next_daily_open,2026-09-08,-0.39580453836242413,2,SHORT,2026-09-07,34323454513,cb684053e833bdb1f73da4caf7dcdafaed0da4e8c2cbb677a0e9d6ab2942ca94,Delta_LS_50_50_StopVol,ETC,-0.08602963970779258,0.046495603301215264
6ae71e6fcf0c45b136eb9ca9dbb11e0af2f53f42e30b008f5164dd41cd4ea225,2026-09-08,signal_close_then_next_daily_open,2026-09-08,-0.5011010823534936,2,SHORT,2026-09-07,34323454513,cb684053e833bdb1f73da4caf7dcdafaed0da4e8c2cbb677a0e9d6ab2942ca94,Delta_LS_50_50_StopVol,ADA,-0.08901766008972739,0.04493490388275887
32ccb76ab3b6ded483b475febb74f5b767f6554c70d0e5ffe76f6c93f1f2631b,2026-09-08,signal_close_then_next_daily_open,2026-09-08,-0.6506055171180998,2,SHORT,2026-09-07,34323454513,cb684053e833bdb1f73da4caf7dcdafaed0da4e8c2cbb677a0e9d6ab2942ca94,Delta_LS_50_50_StopVol,BCH,-0.06657465396440362,0.06008292588555902
1b2b051b8e28c8eb5f950f48385178c01132edb70de990c17f5e1b064e9fa0ee,2026-09-08,signal_close_then_next_daily_open,2026-09-08,-0.6918280439098183,2,SHORT,2026-09-07,34323454513,cb684053e833bdb1f73da4caf7dcdafaed0da4e8c2cbb677a0e9d6ab2942ca94,Delta_LS_50_50_StopVol,TRX,-0.1,0.01076746046822446
de1be838400727e5c10a7f998e324ac2ad1fa6313a9c519ea1c38f6644cc98bb,2026-09-09,signal_close_then_next_daily_open,2026-09-09,2.734006273704882,2,LONG,2026-09-08,34449199835,2d1400233bd220ab02fc8a4ac038ac871163feafefd93b04e691d3375b6e2eb6,Delta_LS_70_30,ARB,0.13999999999999999,0.1008319966496151
6dd893727778c8292da8c6c392d4d9f9de84c6aad4f83c3c9818afc45c82907f,2026-09-09,signal_close_then_next_daily_open,2026-09-09,1.4126347745463044,2,LONG,2026-09-08,34449199835,2d1400233bd220ab02fc8a4ac038ac871163feafefd93b04e691d3375b6e2eb6,Delta_LS_70_30,DOT,0.13999999999999999,0.04778488842851853
64d4f02e75cffcc4fe787595a715069c637642c1c0243c415af78f550e75cdca,2026-09-09,signal_close_then_next_daily_open,2026-09-09,0.53570624263314,2,LONG,2026-09-08,34449199835,2d1400233bd220ab02fc8a4ac038ac871163feafefd93b04e691d3375b6e2eb6,Delta_LS_70_30,NEAR,0.13999999999999999,0.04803627545576002
51e38efde2bae2783c7c1e595e4b89910f2794838462f2d1dc2480a7de50e136,2026-09-09,signal_close_then_next_daily_open,2026-09-09,0.2628722027932098,2,LONG,2026-09-08,34449199835,2d1400233bd220ab02fc8a4ac038ac871163feafefd93b04e691d3375b6e2eb6,Delta_LS_70_30,LINK,0.13999999999999999,0.0417735701364611
857d3a5560c37bb8c23fb75f72f8f9f4f885b5fb9da6a1c13a168299c7632ca1,2026-09-09,signal_close_then_next_daily_open,2026-09-09,-0.4812089144730386,2,SHORT,2026-09-08,34449199835,2d1400233bd220ab02fc8a4ac038ac871163feafefd93b04e691d3375b6e2eb6,Delta_LS_70_30,ADA,-0.06,0.04463413266256471
a2e971711fe6b7377d245093e0f7e64ec903ea769dfdc5e8edd8ba3c411b7907,2026-09-09,signal_close_then_next_daily_open,2026-09-09,-0.6464395053811375,2,SHORT,2026-09-08,34449199835,2d1400233bd220ab02fc8a4ac038ac871163feafefd93b04e691d3375b6e2eb6,Delta_LS_70_30,TRX,-0.06,0.01098823483773825
9926bd9b4e6f1e015e86b11585e18504bc03f14165c86b6ff771118875e689fb,2026-09-09,signal_close_then_next_daily_open,2026-09-09,-0.7187141294290201,2,SHORT,2026-09-08,34449199835,2d1400233bd220ab02fc8a4ac038ac871163feafefd93b04e691d3375b6e2eb6,Delta_LS_70_30,BCH,-0.06,0.06006116584327638
735726dd7065672c626e0504a7849f00a49e57aaf95dde98ac2e576df47631ee,2026-09-09,signal_close_then_next_daily_open,2026-09-09,2.734006273704882,2,LONG,2026-09-08,34449199835,2d1400233bd220ab02fc8a4ac038ac871163feafefd93b04e691d3375b6e2eb6,Delta_LS_70_30_StopVol,ARB,0.05553792631380345,0.1008319966496151
71db5e066abb31def6a6b3be44ec78e178802533657ceaf19a824d530e096c5b,2026-09-09,signal_close_then_next_daily_open,2026-09-09,1.4126347745463044,2,LONG,2026-09-08,34449199835,2d1400233bd220ab02fc8a4ac038ac871163feafefd93b04e691d3375b6e2eb6,Delta_LS_70_30_StopVol,DOT,0.11719186094526612,0.04778488842851853
e5def5c513d097300007d3e1fe27d7db7924a5accfa827e4d016f821b636b6d3,2026-09-09,signal_close_then_next_daily_open,2026-09-09,0.53570624263314,2,LONG,2026-09-08,34449199835,2d1400233bd220ab02fc8a4ac038ac871163feafefd93b04e691d3375b6e2eb6,Delta_LS_70_30_StopVol,NEAR,0.11657856373892753,0.04803627545576002
87ab9455641c47c0230bb56aa10dd5225cc237e6521bb0d52e62c3f363e5a7fa,2026-09-09,signal_close_then_next_daily_open,2026-09-09,0.2628722027932098,2,LONG,2026-09-08,34449199835,2d1400233bd220ab02fc8a4ac038ac871163feafefd93b04e691d3375b6e2eb6,Delta_LS_70_30_StopVol,LINK,0.13405605462273304,0.0417735701364611
e2920caf9bc655efceee4a33af24a30ddbc266805d941314eebd06bd5b72a1a3,2026-09-09,signal_close_then_next_daily_open,2026-09-09,-0.4812089144730386,2,SHORT,2026-09-08,34449199835,2d1400233bd220ab02fc8a4ac038ac871163feafefd93b04e691d3375b6e2eb6,Delta_LS_70_30_StopVol,ADA,-0.05377050828217201,0.04463413266256471
559f31233b631b0c5ad645d8fd07d142d660415343dda385cef0ebb462928e01,2026-09-09,signal_close_then_next_daily_open,2026-09-09,-0.6464395053811375,2,SHORT,2026-09-08,34449199835,2d1400233bd220ab02fc8a4ac038ac871163feafefd93b04e691d3375b6e2eb6,Delta_LS_70_30_StopVol,TRX,-0.06,0.01098823483773825
0488d8d8a240764ce75e3cd6661cac8a6aa098969a3f700baa348becc51eb72d,2026-09-09,signal_close_then_next_daily_open,2026-09-09,-0.7187141294290201,2,SHORT,2026-09-08,34449199835,2d1400233bd220ab02fc8a4ac038ac871163feafefd93b04e691d3375b6e2eb6,Delta_LS_70_30_StopVol,BCH,-0.039959264298374764,0.06006116584327638
59aa3f5cec8036e43bdb730858887315a3bb1b5059ae00f44aa32719f901ca42,2026-09-09,signal_close_then_next_daily_open,2026-09-09,2.734006273704882,2,LONG,2026-09-08,34449199835,2d1400233bd220ab02fc8a4ac038ac871163feafefd93b04e691d3375b6e2eb6,Delta_LS_50_50,ARB,0.1,0.1008319966496151
fac6de384b3a1e629dc9964556e0c73c4f53c1fffed8d164a63aa42960bb2fed,2026-09-09,signal_close_then_next_daily_open,2026-09-09,1.4126347745463044,2,LONG,2026-09-08,34449199835,2d1400233bd220ab02fc8a4ac038ac871163feafefd93b04e691d3375b6e2eb6,Delta_LS_50_50,DOT,0.1,0.04778488842851853
c605a47d7c8fa61ae8792811767f8dcefad697d54c119a31ad7ac1da3db3707e,2026-09-09,signal_close_then_next_daily_open,2026-09-09,0.53570624263314,2,LONG,2026-09-08,34449199835,2d1400233bd220ab02fc8a4ac038ac871163feafefd93b04e691d3375b6e2eb6,Delta_LS_50_50,NEAR,0.1,0.04803627545576002
cef28ff41839fb2d3638e1667087afcd1e9dae6aac86d4e87dcb19589b44d10e,2026-09-09,signal_close_then_next_daily_open,2026-09-09,0.2628722027932098,2,LONG,2026-09-08,34449199835,2d1400233bd220ab02fc8a4ac038ac871163feafefd93b04e691d3375b6e2eb6,Delta_LS_50_50,LINK,0.1,0.0417735701364611
3004f48cb80dab04a52221b1c746c44d2ccf2aa3e1a8bfbc81d047fea09404f8,2026-09-09,signal_close_then_next_daily_open,2026-09-09,-0.4812089144730386,2,SHORT,2026-09-08,34449199835,2d1400233bd220ab02fc8a4ac038ac871163feafefd93b04e691d3375b6e2eb6,Delta_LS_50_50,ADA,-0.1,0.04463413266256471
d8222762b7be679603b8b88a7e585ea48d9894cf1d933e48a2dabefc85a1f86d,2026-09-09,signal_close_then_next_daily_open,2026-09-09,-0.6464395053811375,2,SHORT,2026-09-08,34449199835,2d1400233bd220ab02fc8a4ac038ac871163feafefd93b04e691d3375b6e2eb6,Delta_LS_50_50,TRX,-0.1,0.01098823483773825
5185b67d1b82c16290de2a6d6b4e5837c961fbb3eb2cd78adae50be7251a604a,2026-09-09,signal_close_then_next_daily_open,2026-09-09,-0.7187141294290201,2,SHORT,2026-09-08,34449199835,2d1400233bd220ab02fc8a4ac038ac871163feafefd93b04e691d3375b6e2eb6,Delta_LS_50_50,BCH,-0.1,0.06006116584327638
dd38be790596ba8f7097a72d1241f21ede322466e0728276324a30daa9033bfc,2026-09-09,signal_close_then_next_daily_open,2026-09-09,2.734006273704882,2,LONG,2026-09-08,34449199835,2d1400233bd220ab02fc8a4ac038ac871163feafefd93b04e691d3375b6e2eb6,Delta_LS_50_50_StopVol,ARB,0.03966994736700247,0.1008319966496151
7567d0a406e0ed5d8e48d8302e464327484f0adaf4fead81a2f1407cb349f99e,2026-09-09,signal_close_then_next_daily_open,2026-09-09,1.4126347745463044,2,LONG,2026-09-08,34449199835,2d1400233bd220ab02fc8a4ac038ac871163feafefd93b04e691d3375b6e2eb6,Delta_LS_50_50_StopVol,DOT,0.08370847210376153,0.04778488842851853
d75e30c98625a5dcfaa98b58276e738df99294f26bf2897bda037e1d7e97a2b3,2026-09-09,signal_close_then_next_daily_open,2026-09-09,0.53570624263314,2,LONG,2026-09-08,34449199835,2d1400233bd220ab02fc8a4ac038ac871163feafefd93b04e691d3375b6e2eb6,Delta_LS_50_50_StopVol,NEAR,0.08327040267066253,0.04803627545576002
58cda7d11acf6a7eb145f2090090aba07f8259ad126a0da01fd76db7d989a3e6,2026-09-09,signal_close_then_next_daily_open,2026-09-09,0.2628722027932098,2,LONG,2026-09-08,34449199835,2d1400233bd220ab02fc8a4ac038ac871163feafefd93b04e691d3375b6e2eb6,Delta_LS_50_50_StopVol,LINK,0.09575432473052362,0.0417735701364611
f1b970d9c26ac95610a6fbdd53e39cd6dd7cc7da305b0cb254a077fa80fae2af,2026-09-09,signal_close_then_next_daily_open,2026-09-09,-0.4812089144730386,2,SHORT,2026-09-08,34449199835,2d1400233bd220ab02fc8a4ac038ac871163feafefd93b04e691d3375b6e2eb6,Delta_LS_50_50_StopVol,ADA,-0.08961751380362003,0.04463413266256471
10c5a0f066d69f28a4b3d303dbf1a70a8a4cab3c36bf4fbcf5af9c5970e846bd,2026-09-09,signal_close_then_next_daily_open,2026-09-09,-0.6464395053811375,2,SHORT,2026-09-08,34449199835,2d1400233bd220ab02fc8a4ac038ac871163feafefd93b04e691d3375b6e2eb6,Delta_LS_50_50_StopVol,TRX,-0.1,0.01098823483773825
fe0e03735b839c64532a2b39e3860a8ff8be1a5975f4439e84101c3611ee44a3,2026-09-09,signal_close_then_next_daily_open,2026-09-09,-0.7187141294290201,2,SHORT,2026-09-08,34449199835,2d1400233bd220ab02fc8a4ac038ac871163feafefd93b04e691d3375b6e2eb6,Delta_LS_50_50_StopVol,BCH,-0.06659877383062461,0.06006116584327638
87ac57262c72480dc9012151803e2fbb98f5beab3159b7dfc1387f9798d644d3,2026-09-10,signal_close_then_next_daily_open,2026-09-10,2.273754967288472,2,LONG,2026-09-09,34595758428,0de81a1cf2a69e6bbec58ac86bc1a308b19c8e9355fba8ff2ba55f8d6ac6e5f6,Delta_LS_70_30,ARB,0.13999999999999999,0.10333166488985654
37fbc1093e0f473f76dffe57b22c8fca19b8f9e5d45594668bef99931dc4e735,2026-09-10,signal_close_then_next_daily_open,2026-09-10,1.5395218456504778,2,LONG,2026-09-09,34595758428,0de81a1cf2a69e6bbec58ac86bc1a308b19c8e9355fba8ff2ba55f8d6ac6e5f6,Delta_LS_70_30,NEAR,0.13999999999999999,0.049098967963162814
f5eeb69d10f4573afd97b58c335267dd8314d253301cb54e41a3b299ac0c72a1,2026-09-10,signal_close_then_next_daily_open,2026-09-10,1.0926588726270605,2,LONG,2026-09-09,34595758428,0de81a1cf2a69e6bbec58ac86bc1a308b19c8e9355fba8ff2ba55f8d6ac6e5f6,Delta_LS_70_30,DOT,0.13999999999999999,0.05225692676001713
8d3376658d5d5df7a26f8ad205d4da2af6b495c92694f62c7817d405bcc75323,2026-09-10,signal_close_then_next_daily_open,2026-09-10,0.10174460653111557,2,LONG,2026-09-09,34595758428,0de81a1cf2a69e6bbec58ac86bc1a308b19c8e9355fba8ff2ba55f8d6ac6e5f6,Delta_LS_70_30,LINK,0.13999999999999999,0.043802332865423746
046e48d54bd9feb5061381ad0361d36a545464688bd060a943d77f6da7cd6935,2026-09-10,signal_close_then_next_daily_open,2026-09-10,-0.5331702846148578,2,SHORT,2026-09-09,34595758428,0de81a1cf2a69e6bbec58ac86bc1a308b19c8e9355fba8ff2ba55f8d6ac6e5f6,Delta_LS_70_30,TRX,-0.06,0.010982301383101049
77672f2e441905e15215bde30b230b766a88af943802fa45704b1f78868f8a7d,2026-09-10,signal_close_then_next_daily_open,2026-09-10,-0.5385574363371235,2,SHORT,2026-09-09,34595758428,0de81a1cf2a69e6bbec58ac86bc1a308b19c8e9355fba8ff2ba55f8d6ac6e5f6,Delta_LS_70_30,ADA,-0.06,0.045008958876062946
55b266d2f963295da77342d91d445d23ef568afa624e3cc362ee815fd2481542,2026-09-10,signal_close_then_next_daily_open,2026-09-10,-0.6968281233865506,2,SHORT,2026-09-09,34595758428,0de81a1cf2a69e6bbec58ac86bc1a308b19c8e9355fba8ff2ba55f8d6ac6e5f6,Delta_LS_70_30,BCH,-0.06,0.06029507155287774
241842d645e854f379d305a4afe98c5b84c9fd23d30d658afb425c3b6c3243e9,2026-09-10,signal_close_then_next_daily_open,2026-09-10,-0.7287082149763788,2,SHORT,2026-09-09,34595758428,0de81a1cf2a69e6bbec58ac86bc1a308b19c8e9355fba8ff2ba55f8d6ac6e5f6,Delta_LS_70_30,OP,-0.06,0.04932108093681698
ad66a5c0a32ec928a7025bd419a39c894de050d192a6dfae77ce21840482fa4a,2026-09-10,signal_close_then_next_daily_open,2026-09-10,2.273754967288472,2,LONG,2026-09-09,34595758428,0de81a1cf2a69e6bbec58ac86bc1a308b19c8e9355fba8ff2ba55f8d6ac6e5f6,Delta_LS_70_30_StopVol,ARB,0.05419442342257004,0.10333166488985654
be9345fe1a19bc0a74d51d3a266a590f65a105a18ff7bcdb5c59700a5442e5fe,2026-09-10,signal_close_then_next_daily_open,2026-09-10,1.5395218456504778,2,LONG,2026-09-09,34595758428,0de81a1cf2a69e6bbec58ac86bc1a308b19c8e9355fba8ff2ba55f8d6ac6e5f6,Delta_LS_70_30_StopVol,NEAR,0.11405535049538063,0.049098967963162814
9702698d1c4ced203b2f985bc85eb6f325b62824dd4da8f6d093cbb0501e9929,2026-09-10,signal_close_then_next_daily_open,2026-09-10,1.0926588726270605,2,LONG,2026-09-09,34595758428,0de81a1cf2a69e6bbec58ac86bc1a308b19c8e9355fba8ff2ba55f8d6ac6e5f6,Delta_LS_70_30_StopVol,DOT,0.10716282696296403,0.05225692676001713
5e7f731f75f906750e135313415c4a4ec08cb6ae90bbd3fff376b0f65e88692b,2026-09-10,signal_close_then_next_daily_open,2026-09-10,0.10174460653111557,2,LONG,2026-09-09,34595758428,0de81a1cf2a69e6bbec58ac86bc1a308b19c8e9355fba8ff2ba55f8d6ac6e5f6,Delta_LS_70_30_StopVol,LINK,0.12784707191749764,0.043802332865423746
3ac3b8ebd2a226e146e540b02a78811a6e1c16b5d9c0b153cfcbba89370d9d58,2026-09-10,signal_close_then_next_daily_open,2026-09-10,-0.5331702846148578,2,SHORT,2026-09-09,34595758428,0de81a1cf2a69e6bbec58ac86bc1a308b19c8e9355fba8ff2ba55f8d6ac6e5f6,Delta_LS_70_30_StopVol,TRX,-0.06,0.010982301383101049
41b6123a6e8acf7dd29fe3ee0751e3ad7086d8272fcded82c4fcacfbbee33385,2026-09-10,signal_close_then_next_daily_open,2026-09-10,-0.5385574363371235,2,SHORT,2026-09-09,34595758428,0de81a1cf2a69e6bbec58ac86bc1a308b19c8e9355fba8ff2ba55f8d6ac6e5f6,Delta_LS_70_30_StopVol,ADA,-0.053322717519608945,0.045008958876062946
9a61a8e588c5556d70ad5f1f882621d006131e9d4153f5bbe8964f09a6efdc86,2026-09-10,signal_close_then_next_daily_open,2026-09-10,-0.6968281233865506,2,SHORT,2026-09-09,34595758428,0de81a1cf2a69e6bbec58ac86bc1a308b19c8e9355fba8ff2ba55f8d6ac6e5f6,Delta_LS_70_30_StopVol,BCH,-0.039804248310664016,0.06029507155287774
8a82317e2520c5a72f9c9730170e306913df46ad4889c270f1445e6b3ac4f029,2026-09-10,signal_close_then_next_daily_open,2026-09-10,-0.7287082149763788,2,SHORT,2026-09-09,34595758428,0de81a1cf2a69e6bbec58ac86bc1a308b19c8e9355fba8ff2ba55f8d6ac6e5f6,Delta_LS_70_30_StopVol,OP,-0.048660733998805335,0.04932108093681698
1b0cd0b9ed2eac0732e8dbf501c87e4eb808ab68d6c229f8bdf1462285fb0596,2026-09-10,signal_close_then_next_daily_open,2026-09-10,2.273754967288472,2,LONG,2026-09-09,34595758428,0de81a1cf2a69e6bbec58ac86bc1a308b19c8e9355fba8ff2ba55f8d6ac6e5f6,Delta_LS_50_50,ARB,0.1,0.10333166488985654
32de62bca3399bfc9464a526bde84a12e99ede0bdbc7df81255386e7c5e39627,2026-09-10,signal_close_then_next_daily_open,2026-09-10,1.5395218456504778,2,LONG,2026-09-09,34595758428,0de81a1cf2a69e6bbec58ac86bc1a308b19c8e9355fba8ff2ba55f8d6ac6e5f6,Delta_LS_50_50,NEAR,0.1,0.049098967963162814
a357693bd5d1d3c3b6559a04747604146e20b849e839731b661b8b4a80030685,2026-09-10,signal_close_then_next_daily_open,2026-09-10,1.0926588726270605,2,LONG,2026-09-09,34595758428,0de81a1cf2a69e6bbec58ac86bc1a308b19c8e9355fba8ff2ba55f8d6ac6e5f6,Delta_LS_50_50,DOT,0.1,0.05225692676001713
59dba8455a78dc5aa2d51cf3d201790cbed14a22baf1e1c5309078262016aef4,2026-09-10,signal_close_then_next_daily_open,2026-09-10,0.10174460653111557,2,LONG,2026-09-09,34595758428,0de81a1cf2a69e6bbec58ac86bc1a308b19c8e9355fba8ff2ba55f8d6ac6e5f6,Delta_LS_50_50,LINK,0.1,0.043802332865423746
fa4254cc2b159aef01865623e7aaca52e3cf1621eff8847bac4db4d539fc6fdd,2026-09-10,signal_close_then_next_daily_open,2026-09-10,-0.5331702846148578,2,SHORT,2026-09-09,34595758428,0de81a1cf2a69e6bbec58ac86bc1a308b19c8e9355fba8ff2ba55f8d6ac6e5f6,Delta_LS_50_50,TRX,-0.1,0.010982301383101049
4f54a51bc08e65b613b8eb2054d9617f135d34ca91b8e2c9206e2f06aa9cadea,2026-09-10,signal_close_then_next_daily_open,2026-09-10,-0.5385574363371235,2,SHORT,2026-09-09,34595758428,0de81a1cf2a69e6bbec58ac86bc1a308b19c8e9355fba8ff2ba55f8d6ac6e5f6,Delta_LS_50_50,ADA,-0.1,0.045008958876062946
e5a143fdc968f45add3dd3a2cd7cd4ad8010a4f228bb5d6ce3c960ae96baedf0,2026-09-10,signal_close_then_next_daily_open,2026-09-10,-0.6968281233865506,2,SHORT,2026-09-09,34595758428,0de81a1cf2a69e6bbec58ac86bc1a308b19c8e9355fba8ff2ba55f8d6ac6e5f6,Delta_LS_50_50,BCH,-0.1,0.06029507155287774
a4136678b2edc43bf3a7bf492973ddb9064b67283e1061141ba11b6869bd3b40,2026-09-10,signal_close_then_next_daily_open,2026-09-10,-0.7287082149763788,2,SHORT,2026-09-09,34595758428,0de81a1cf2a69e6bbec58ac86bc1a308b19c8e9355fba8ff2ba55f8d6ac6e5f6,Delta_LS_50_50,OP,-0.1,0.04932108093681698
1fa348a9908dc2771f1f2c471df9594bec83347cbde5dcfb184fa0fbc50d845a,2026-09-10,signal_close_then_next_daily_open,2026-09-10,2.273754967288472,2,LONG,2026-09-09,34595758428,0de81a1cf2a69e6bbec58ac86bc1a308b19c8e9355fba8ff2ba55f8d6ac6e5f6,Delta_LS_50_50_StopVol,ARB,0.038710302444692896,0.10333166488985654
f85d6559de82e5d5c88312fa711ec3eb585ebaeeb25331e8acf133cb056a7f7e,2026-09-10,signal_close_then_next_daily_open,2026-09-10,1.5395218456504778,2,LONG,2026-09-09,34595758428,0de81a1cf2a69e6bbec58ac86bc1a308b19c8e9355fba8ff2ba55f8d6ac6e5f6,Delta_LS_50_50_StopVol,NEAR,0.08146810749670047,0.049098967963162814
f776b4b7c7cd1b9f1b323c4befcaae3f7d3503382ad9354bbbc50b25f429332d,2026-09-10,signal_close_then_next_daily_open,2026-09-10,1.0926588726270605,2,LONG,2026-09-09,34595758428,0de81a1cf2a69e6bbec58ac86bc1a308b19c8e9355fba8ff2ba55f8d6ac6e5f6,Delta_LS_50_50_StopVol,DOT,0.07654487640211717,0.05225692676001713
f151cab64109189a9b78dd001781965e0c31a1afdbd48270e3aa5d2d5e4d74d1,2026-09-10,signal_close_then_next_daily_open,2026-09-10,0.10174460653111557,2,LONG,2026-09-09,34595758428,0de81a1cf2a69e6bbec58ac86bc1a308b19c8e9355fba8ff2ba55f8d6ac6e5f6,Delta_LS_50_50_StopVol,LINK,0.0913193370839269,0.043802332865423746
ab580f6c97bcf905512a55f272a3c7ea424716726e19aac90412171e87fe306c,2026-09-10,signal_close_then_next_daily_open,2026-09-10,-0.5331702846148578,2,SHORT,2026-09-09,34595758428,0de81a1cf2a69e6bbec58ac86bc1a308b19c8e9355fba8ff2ba55f8d6ac6e5f6,Delta_LS_50_50_StopVol,TRX,-0.1,0.010982301383101049
7cae796dd7117bd4c21016cb2d2ec156323e31968d75fa553143a55a93c84739,2026-09-10,signal_close_then_next_daily_open,2026-09-10,-0.5385574363371235,2,SHORT,2026-09-09,34595758428,0de81a1cf2a69e6bbec58ac86bc1a308b19c8e9355fba8ff2ba55f8d6ac6e5f6,Delta_LS_50_50_StopVol,ADA,-0.08887119586601491,0.045008958876062946
e292e0d008b5d658765062679d79418c94050750b47119bdd7961ae763ecc79f,2026-09-10,signal_close_then_next_daily_open,2026-09-10,-0.6968281233865506,2,SHORT,2026-09-09,34595758428,0de81a1cf2a69e6bbec58ac86bc1a308b19c8e9355fba8ff2ba55f8d6ac6e5f6,Delta_LS_50_50_StopVol,BCH,-0.0663404138511067,0.06029507155287774
899ae41cbd5c7ea8346fa451eaf6914166a2bf9d7d8b278d34f301bba264b3a6,2026-09-10,signal_close_then_next_daily_open,2026-09-10,-0.7287082149763788,2,SHORT,2026-09-09,34595758428,0de81a1cf2a69e6bbec58ac86bc1a308b19c8e9355fba8ff2ba55f8d6ac6e5f6,Delta_LS_50_50_StopVol,OP,-0.08110122333134223,0.04932108093681698
8e84f6b2c8593b009bef92e83956693ebb20b0c728dc9ebdce19df0d7b1f89df,2026-09-11,signal_close_then_next_daily_open,2026-09-11,1.831193507994584,2,LONG,2026-09-10,34673266523,b44ba367aa232958f3cd6d2bfab14bb8a417e27c1b9aa00a1a2b6ff9a7b1124d,Delta_LS_70_30,ARB,0.13999999999999999,0.10457061577239098
4a10487d6fb6d0c9d22a86215f0a2cc40658590543e6bd29bb4cc298fa944bb3,2026-09-11,signal_close_then_next_daily_open,2026-09-11,1.6221444680068289,2,LONG,2026-09-10,34673266523,b44ba367aa232958f3cd6d2bfab14bb8a417e27c1b9aa00a1a2b6ff9a7b1124d,Delta_LS_70_30,NEAR,0.13999999999999999,0.04945358518784268
43f773310c3f852eaf967383f80cb4233e034888bf1e89a159deaa4f56adb2d0,2026-09-11,signal_close_then_next_daily_open,2026-09-11,1.2489333686522577,2,LONG,2026-09-10,34673266523,b44ba367aa232958f3cd6d2bfab14bb8a417e27c1b9aa00a1a2b6ff9a7b1124d,Delta_LS_70_30,DOT,0.13999999999999999,0.05233984153713627
fbbc474e5cbdb7570a44b2541c7a5ed2f4cd963efbc7c76aff8f7750255c3447,2026-09-11,signal_close_then_next_daily_open,2026-09-11,0.1330433752951329,2,LONG,2026-09-10,34673266523,b44ba367aa232958f3cd6d2bfab14bb8a417e27c1b9aa00a1a2b6ff9a7b1124d,Delta_LS_70_30,ETH,0.13999999999999999,0.039002105039615285
ce0cb66277411832e95affc7d574162bb1c2014c64509bddbe9b034afa645216,2026-09-11,signal_close_then_next_daily_open,2026-09-11,-0.5609605909882021,2,SHORT,2026-09-10,34673266523,b44ba367aa232958f3cd6d2bfab14bb8a417e27c1b9aa00a1a2b6ff9a7b1124d,Delta_LS_70_30,ADA,-0.06,0.04534391037465489
424f1bef1062a5673b8116324fdcd166dd48cbfcabd950b0d2eab02c9ecbcde3,2026-09-11,signal_close_then_next_daily_open,2026-09-11,-0.6826035306925858,2,SHORT,2026-09-10,34673266523,b44ba367aa232958f3cd6d2bfab14bb8a417e27c1b9aa00a1a2b6ff9a7b1124d,Delta_LS_70_30,SUI,-0.06,0.04612599194937259
8b33834eebf9c74ad38803592eedf3e23f8877f3358772b559b88c242a8ba7e6,2026-09-11,signal_close_then_next_daily_open,2026-09-11,-0.7319899702496135,2,SHORT,2026-09-10,34673266523,b44ba367aa232958f3cd6d2bfab14bb8a417e27c1b9aa00a1a2b6ff9a7b1124d,Delta_LS_70_30,OP,-0.06,0.05057954963854236
515956c3826e99d05b17e7e6c39df89f6f0958832af1753b3ff3716c850b2d36,2026-09-11,signal_close_then_next_daily_open,2026-09-11,-1.16898078280293,2,SHORT,2026-09-10,34673266523,b44ba367aa232958f3cd6d2bfab14bb8a417e27c1b9aa00a1a2b6ff9a7b1124d,Delta_LS_70_30,BCH,-0.06,0.0640566170082354
274fa3c4fb0bee7be6703579c4bc4b8b338df4980ba3952d320c7e34e8f2e7e8,2026-09-11,signal_close_then_next_daily_open,2026-09-11,1.831193507994584,2,LONG,2026-09-10,34673266523,b44ba367aa232958f3cd6d2bfab14bb8a417e27c1b9aa00a1a2b6ff9a7b1124d,Delta_LS_70_30_StopVol,ARB,0.053552328812799505,0.10457061577239098
d13427c075755a4b91c8ca578cf0d22d4baad5da23d61bca29a053105adf5ab7,2026-09-11,signal_close_then_next_daily_open,2026-09-11,1.6221444680068289,2,LONG,2026-09-10,34673266523,b44ba367aa232958f3cd6d2bfab14bb8a417e27c1b9aa00a1a2b6ff9a7b1124d,Delta_LS_70_30_StopVol,NEAR,0.11323749286789149,0.04945358518784268
40f6095b2caacbefaefe1af0e431312ce894f6b736b1a7d7b6017cf1075f1ba2,2026-09-11,signal_close_then_next_daily_open,2026-09-11,1.2489333686522577,2,LONG,2026-09-10,34673266523,b44ba367aa232958f3cd6d2bfab14bb8a417e27c1b9aa00a1a2b6ff9a7b1124d,Delta_LS_70_30_StopVol,DOT,0.10699306370705529,0.05233984153713627
9a09b6905875da4f45748efc1d893a0136ad26fd2ec542df9c0e92583e5d2c85,2026-09-11,signal_close_then_next_daily_open,2026-09-11,0.1330433752951329,2,LONG,2026-09-10,34673266523,b44ba367aa232958f3cd6d2bfab14bb8a417e27c1b9aa00a1a2b6ff9a7b1124d,Delta_LS_70_30_StopVol,ETH,0.13999999999999999,0.039002105039615285
fb28230ae01cc8f342d1f1f038aaa7c72fdb566796fd98823478856d3f462663,2026-09-11,signal_close_then_next_daily_open,2026-09-11,-0.5609605909882021,2,SHORT,2026-09-10,34673266523,b44ba367aa232958f3cd6d2bfab14bb8a417e27c1b9aa00a1a2b6ff9a7b1124d,Delta_LS_70_30_StopVol,ADA,-0.05292882727073946,0.04534391037465489
21042aea7056b0424da0c7b5f7c7c50d0770c54659fb274286f6678730c27336,2026-09-11,signal_close_then_next_daily_open,2026-09-11,-0.6826035306925858,2,SHORT,2026-09-10,34673266523,b44ba367aa232958f3cd6d2bfab14bb8a417e27c1b9aa00a1a2b6ff9a7b1124d,Delta_LS_70_30_StopVol,SUI,-0.05203140135466821,0.04612599194937259
39a6384ba22e324425197619d5c87f677a0ac71aae2b1c83e8aad55109a70bbf,2026-09-11,signal_close_then_next_daily_open,2026-09-11,-0.7319899702496135,2,SHORT,2026-09-10,34673266523,b44ba367aa232958f3cd6d2bfab14bb8a417e27c1b9aa00a1a2b6ff9a7b1124d,Delta_LS_70_30_StopVol,OP,-0.047450007308312704,0.05057954963854236
24b89c31faeb4eb6b0fcee557203c336c949c39c2314caf2debe91311e5bf910,2026-09-11,signal_close_then_next_daily_open,2026-09-11,-1.16898078280293,2,SHORT,2026-09-10,34673266523,b44ba367aa232958f3cd6d2bfab14bb8a417e27c1b9aa00a1a2b6ff9a7b1124d,Delta_LS_70_30_StopVol,BCH,-0.03746685529289574,0.0640566170082354
6f246c4c9a761f977aeec9eb9dc88dca2d8dd90163c8352f28e5d67ee348e830,2026-09-11,signal_close_then_next_daily_open,2026-09-11,1.831193507994584,2,LONG,2026-09-10,34673266523,b44ba367aa232958f3cd6d2bfab14bb8a417e27c1b9aa00a1a2b6ff9a7b1124d,Delta_LS_50_50,ARB,0.1,0.10457061577239098
c78fc6812e60ea68a75003d9d95cc9ad77a254f4535e00bb69a2a7997a66b640,2026-09-11,signal_close_then_next_daily_open,2026-09-11,1.6221444680068289,2,LONG,2026-09-10,34673266523,b44ba367aa232958f3cd6d2bfab14bb8a417e27c1b9aa00a1a2b6ff9a7b1124d,Delta_LS_50_50,NEAR,0.1,0.04945358518784268
8652f5bb0a5f1cecdd588acebd7aad92980ee9b8100eedee0a628b74b132eae1,2026-09-11,signal_close_then_next_daily_open,2026-09-11,1.2489333686522577,2,LONG,2026-09-10,34673266523,b44ba367aa232958f3cd6d2bfab14bb8a417e27c1b9aa00a1a2b6ff9a7b1124d,Delta_LS_50_50,DOT,0.1,0.05233984153713627
ceb54b8add360aed19eb86b8f938a78cc9ea1af651ccf57e6029c2633dae6a3e,2026-09-11,signal_close_then_next_daily_open,2026-09-11,0.1330433752951329,2,LONG,2026-09-10,34673266523,b44ba367aa232958f3cd6d2bfab14bb8a417e27c1b9aa00a1a2b6ff9a7b1124d,Delta_LS_50_50,ETH,0.1,0.039002105039615285
715402ddb55a0b226a0942067316fad6f182bbe82bb400857e0f9bc41c1383db,2026-09-11,signal_close_then_next_daily_open,2026-09-11,-0.5609605909882021,2,SHORT,2026-09-10,34673266523,b44ba367aa232958f3cd6d2bfab14bb8a417e27c1b9aa00a1a2b6ff9a7b1124d,Delta_LS_50_50,ADA,-0.1,0.04534391037465489
78022c34f2432a9638e2dafb6eb4f7ca584f671a88106217d10fe6e8946cdaa5,2026-09-11,signal_close_then_next_daily_open,2026-09-11,-0.6826035306925858,2,SHORT,2026-09-10,34673266523,b44ba367aa232958f3cd6d2bfab14bb8a417e27c1b9aa00a1a2b6ff9a7b1124d,Delta_LS_50_50,SUI,-0.1,0.04612599194937259
2629497a1b9af1701fe4ef3b38715eadaf1d44d5186f71d6ef20f4b43bcb15a3,2026-09-11,signal_close_then_next_daily_open,2026-09-11,-0.7319899702496135,2,SHORT,2026-09-10,34673266523,b44ba367aa232958f3cd6d2bfab14bb8a417e27c1b9aa00a1a2b6ff9a7b1124d,Delta_LS_50_50,OP,-0.1,0.05057954963854236
77b9cd950825056d197469930e951dea3bd23b2689638af18d77b8e301b791d1,2026-09-11,signal_close_then_next_daily_open,2026-09-11,-1.16898078280293,2,SHORT,2026-09-10,34673266523,b44ba367aa232958f3cd6d2bfab14bb8a417e27c1b9aa00a1a2b6ff9a7b1124d,Delta_LS_50_50,BCH,-0.1,0.0640566170082354
9eb399c98f55f61e7d9a5ac0866e1915ec4db7d2fde6f5cf88edcb4f2fad1ea2,2026-09-11,signal_close_then_next_daily_open,2026-09-11,1.831193507994584,2,LONG,2026-09-10,34673266523,b44ba367aa232958f3cd6d2bfab14bb8a417e27c1b9aa00a1a2b6ff9a7b1124d,Delta_LS_50_50_StopVol,ARB,0.03825166343771394,0.10457061577239098
d278dd731c0ef35e18ce9cde943a718e9f755e6658deed3176646290d13e7e90,2026-09-11,signal_close_then_next_daily_open,2026-09-11,1.6221444680068289,2,LONG,2026-09-10,34673266523,b44ba367aa232958f3cd6d2bfab14bb8a417e27c1b9aa00a1a2b6ff9a7b1124d,Delta_LS_50_50_StopVol,NEAR,0.08088392347706536,0.04945358518784268
7b57f228c0a56c3ef65149fb95837eacb8e5ca0abdd9e6f86cad0bda0118b2e2,2026-09-11,signal_close_then_next_daily_open,2026-09-11,1.2489333686522577,2,LONG,2026-09-10,34673266523,b44ba367aa232958f3cd6d2bfab14bb8a417e27c1b9aa00a1a2b6ff9a7b1124d,Delta_LS_50_50_StopVol,DOT,0.07642361693361094,0.05233984153713627
e6fb89d45271a34ec5c21225e089aabd1e6904a476aa2630b049079b40b2dd49,2026-09-11,signal_close_then_next_daily_open,2026-09-11,0.1330433752951329,2,LONG,2026-09-10,34673266523,b44ba367aa232958f3cd6d2bfab14bb8a417e27c1b9aa00a1a2b6ff9a7b1124d,Delta_LS_50_50_StopVol,ETH,0.1,0.039002105039615285
ccde68a393662ecf6a8b8c811d65b53f0595070ca9825e09f30a34b4ea191c5a,2026-09-11,signal_close_then_next_daily_open,2026-09-11,-0.5609605909882021,2,SHORT,2026-09-10,34673266523,b44ba367aa232958f3cd6d2bfab14bb8a417e27c1b9aa00a1a2b6ff9a7b1124d,Delta_LS_50_50_StopVol,ADA,-0.08821471211789911,0.04534391037465489
3632191af7609c1e4ca00d03dfaa80181431a3d2d038eb937c7ae94b150ae62c,2026-09-11,signal_close_then_next_daily_open,2026-09-11,-0.6826035306925858,2,SHORT,2026-09-10,34673266523,b44ba367aa232958f3cd6d2bfab14bb8a417e27c1b9aa00a1a2b6ff9a7b1124d,Delta_LS_50_50_StopVol,SUI,-0.08671900225778036,0.04612599194937259
4cc4d92220754e89d41cb0b40739a5df0ba03d3d19cb15365b820ce3539359e1,2026-09-11,signal_close_then_next_daily_open,2026-09-11,-0.7319899702496135,2,SHORT,2026-09-10,34673266523,b44ba367aa232958f3cd6d2bfab14bb8a417e27c1b9aa00a1a2b6ff9a7b1124d,Delta_LS_50_50_StopVol,OP,-0.07908334551385451,0.05057954963854236
6e2228bd0a46f35f4c5275cb104f58be6109cbefbc964f991e7b6f7fc246466b,2026-09-11,signal_close_then_next_daily_open,2026-09-11,-1.16898078280293,2,SHORT,2026-09-10,34673266523,b44ba367aa232958f3cd6d2bfab14bb8a417e27c1b9aa00a1a2b6ff9a7b1124d,Delta_LS_50_50_StopVol,BCH,-0.06244475882149291,0.0640566170082354
22458a73af85dd88062d94e0d2133555eec9f2f74d2b7432bffa222134412dbc,2026-09-12,signal_close_then_next_daily_open,2026-09-12,2.2572631696877465,2,LONG,2026-09-11,34738631912,d95f36020b7af7ae46aae04334e6f16efb97baef3833e180883e2f537b7260ee,Delta_LS_70_30,ARB,0.13999999999999999,0.1029659476703923
357e4cd9a252af146113626877301e3af6ad381ff075d364a8568453c9f03aa3,2026-09-12,signal_close_then_next_daily_open,2026-09-12,1.1452919562590618,2,LONG,2026-09-11,34738631912,d95f36020b7af7ae46aae04334e6f16efb97baef3833e180883e2f537b7260ee,Delta_LS_70_30,NEAR,0.13999999999999999,0.05017595389997345
950c098e716fa57151d728d36fe905ce560ce24897db51498cc370a004314727,2026-09-12,signal_close_then_next_daily_open,2026-09-12,1.017788937510186,2,LONG,2026-09-11,34738631912,d95f36020b7af7ae46aae04334e6f16efb97baef3833e180883e2f537b7260ee,Delta_LS_70_30,DOT,0.13999999999999999,0.05326823039714717
440de7c60ea10babd747741594446240cd8de9a5861a4f0c52b95397ce9ef0a6,2026-09-12,signal_close_then_next_daily_open,2026-09-12,0.26229110596249605,2,LONG,2026-09-11,34738631912,d95f36020b7af7ae46aae04334e6f16efb97baef3833e180883e2f537b7260ee,Delta_LS_70_30,ETH,0.13999999999999999,0.03916245609687846
b4b600f7cfb4bd3a392803f98f7af9319583983740f817b12a6198cfb7ccc29a,2026-09-12,signal_close_then_next_daily_open,2026-09-12,-0.5069599618108227,2,SHORT,2026-09-11,34738631912,d95f36020b7af7ae46aae04334e6f16efb97baef3833e180883e2f537b7260ee,Delta_LS_70_30,OP,-0.06,0.04938760604578395
26fd9557dc76416305dc2f0be5a3f2330beaba49544dad9438dddc65f5ddcd51,2026-09-12,signal_close_then_next_daily_open,2026-09-12,-0.5100776790514219,2,SHORT,2026-09-11,34738631912,d95f36020b7af7ae46aae04334e6f16efb97baef3833e180883e2f537b7260ee,Delta_LS_70_30,ADA,-0.06,0.04504868218103809
b3667b33f0662bbba7ec9d417db81c3972bff1b52c23a66215b9595c157296f6,2026-09-12,signal_close_then_next_daily_open,2026-09-12,-0.771035632572056,2,SHORT,2026-09-11,34738631912,d95f36020b7af7ae46aae04334e6f16efb97baef3833e180883e2f537b7260ee,Delta_LS_70_30,SUI,-0.06,0.04598701194707174
b0a425141ba9806336c5d1e97fcbfd264f4bbcfec472d41c27f272b072ac6152,2026-09-12,signal_close_then_next_daily_open,2026-09-12,-1.1833960654379467,2,SHORT,2026-09-11,34738631912,d95f36020b7af7ae46aae04334e6f16efb97baef3833e180883e2f537b7260ee,Delta_LS_70_30,BCH,-0.06,0.06410031691788833
592f1cbf299bd1f7b93f49abb793bd7a1a41e9c807481e6736d70d59bb2eebd8,2026-09-12,signal_close_then_next_daily_open,2026-09-12,2.2572631696877465,2,LONG,2026-09-11,34738631912,d95f36020b7af7ae46aae04334e6f16efb97baef3833e180883e2f537b7260ee,Delta_LS_70_30_StopVol,ARB,0.054386912631798866,0.1029659476703923
c31a7366c4a720cb514f0174d1e949f2c6bf7a2ea2d1c6728bf83fc48a928c3e,2026-09-12,signal_close_then_next_daily_open,2026-09-12,1.1452919562590618,2,LONG,2026-09-11,34738631912,d95f36020b7af7ae46aae04334e6f16efb97baef3833e180883e2f537b7260ee,Delta_LS_70_30_StopVol,NEAR,0.11160724539813807,0.05017595389997345
7c2dbf1247398f3501344b70271c744b96a5e6e7e578b08996b8b1cd9ef73adc,2026-09-12,signal_close_then_next_daily_open,2026-09-12,1.017788937510186,2,LONG,2026-09-11,34738631912,d95f36020b7af7ae46aae04334e6f16efb97baef3833e180883e2f537b7260ee,Delta_LS_70_30_StopVol,DOT,0.10512832805311123,0.05326823039714717
00f00cdf5b4f7f7346610443f2175772e160189b44fdb07aa1640691cd7c6da7,2026-09-12,signal_close_then_next_daily_open,2026-09-12,0.26229110596249605,2,LONG,2026-09-11,34738631912,d95f36020b7af7ae46aae04334e6f16efb97baef3833e180883e2f537b7260ee,Delta_LS_70_30_StopVol,ETH,0.13999999999999999,0.03916245609687846
d090fe053090d2591d124f1394264937a3613320ce9597c90b970d515289cccf,2026-09-12,signal_close_then_next_daily_open,2026-09-12,-0.5069599618108227,2,SHORT,2026-09-11,34738631912,d95f36020b7af7ae46aae04334e6f16efb97baef3833e180883e2f537b7260ee,Delta_LS_70_30_StopVol,OP,-0.04859518798653898,0.04938760604578395
283f7b7f517c834b46a25d2289daad0c948268ba3c1e19289129a43c8e6760ff,2026-09-12,signal_close_then_next_daily_open,2026-09-12,-0.5100776790514219,2,SHORT,2026-09-11,34738631912,d95f36020b7af7ae46aae04334e6f16efb97baef3833e180883e2f537b7260ee,Delta_LS_70_30_StopVol,ADA,-0.05327569828469275,0.04504868218103809
707a39e6b536d4163c76903163c4b2b8f4e23f24f933201c8c3463d9295bf37f,2026-09-12,signal_close_then_next_daily_open,2026-09-12,-0.771035632572056,2,SHORT,2026-09-11,34738631912,d95f36020b7af7ae46aae04334e6f16efb97baef3833e180883e2f537b7260ee,Delta_LS_70_30_StopVol,SUI,-0.052188648454964945,0.04598701194707174
42e9641f1472ee6fa95108184438eff9e9c67f460a71c4dfd994484402976eb3,2026-09-12,signal_close_then_next_daily_open,2026-09-12,-1.1833960654379467,2,SHORT,2026-09-11,34738631912,d95f36020b7af7ae46aae04334e6f16efb97baef3833e180883e2f537b7260ee,Delta_LS_70_30_StopVol,BCH,-0.03744131254568318,0.06410031691788833
e7c93d052cc6a636e76d96b8d33d810a8e1271a6282803d3dbaafbab85419ce7,2026-09-12,signal_close_then_next_daily_open,2026-09-12,2.2572631696877465,2,LONG,2026-09-11,34738631912,d95f36020b7af7ae46aae04334e6f16efb97baef3833e180883e2f537b7260ee,Delta_LS_50_50,ARB,0.1,0.1029659476703923
00997ddd8221bd2930c1a0a0b003b343a5b6656918a7d28b43e9be9a84ec00f2,2026-09-12,signal_close_then_next_daily_open,2026-09-12,1.1452919562590618,2,LONG,2026-09-11,34738631912,d95f36020b7af7ae46aae04334e6f16efb97baef3833e180883e2f537b7260ee,Delta_LS_50_50,NEAR,0.1,0.05017595389997345
9b3e32d559ea203d7de2c0eb2ec81b263f4e05aaf325edabc7b6cfa08406a387,2026-09-12,signal_close_then_next_daily_open,2026-09-12,1.017788937510186,2,LONG,2026-09-11,34738631912,d95f36020b7af7ae46aae04334e6f16efb97baef3833e180883e2f537b7260ee,Delta_LS_50_50,DOT,0.1,0.05326823039714717
d2a6a43af43c4ef8874fb861adde521e1d3fa66f378f810bc4f6efd0b387a7dd,2026-09-12,signal_close_then_next_daily_open,2026-09-12,0.26229110596249605,2,LONG,2026-09-11,34738631912,d95f36020b7af7ae46aae04334e6f16efb97baef3833e180883e2f537b7260ee,Delta_LS_50_50,ETH,0.1,0.03916245609687846
b178278bf5d78256a070e483c3137e453235a2beeb9ec43175aaa045d254066f,2026-09-12,signal_close_then_next_daily_open,2026-09-12,-0.5069599618108227,2,SHORT,2026-09-11,34738631912,d95f36020b7af7ae46aae04334e6f16efb97baef3833e180883e2f537b7260ee,Delta_LS_50_50,OP,-0.1,0.04938760604578395
a011975bb4e90b6c4a64017038224a4630c31698ce53ba8b8988611ed8e81911,2026-09-12,signal_close_then_next_daily_open,2026-09-12,-0.5100776790514219,2,SHORT,2026-09-11,34738631912,d95f36020b7af7ae46aae04334e6f16efb97baef3833e180883e2f537b7260ee,Delta_LS_50_50,ADA,-0.1,0.04504868218103809
15e50cc2158de468f7d7b44d268e24eb737462b7d6bb6ee58caf936449ddeea8,2026-09-12,signal_close_then_next_daily_open,2026-09-12,-0.771035632572056,2,SHORT,2026-09-11,34738631912,d95f36020b7af7ae46aae04334e6f16efb97baef3833e180883e2f537b7260ee,Delta_LS_50_50,SUI,-0.1,0.04598701194707174
80d2e033121e2e6e38455b8e38c081c396c8278795c8396d359c6e887f82285d,2026-09-12,signal_close_then_next_daily_open,2026-09-12,-1.1833960654379467,2,SHORT,2026-09-11,34738631912,d95f36020b7af7ae46aae04334e6f16efb97baef3833e180883e2f537b7260ee,Delta_LS_50_50,BCH,-0.1,0.06410031691788833
18b1a896d959107d0a5d274565f4f7a2d0e11c2fe8a99ffd2be0b181c744ecd2,2026-09-12,signal_close_then_next_daily_open,2026-09-12,2.2572631696877465,2,LONG,2026-09-11,34738631912,d95f36020b7af7ae46aae04334e6f16efb97baef3833e180883e2f537b7260ee,Delta_LS_50_50_StopVol,ARB,0.038847794736999196,0.1029659476703923
788b19a0e82871eeedebd00f45242023fd4d77bf66d3e14e61fec8b7e3d3e742,2026-09-12,signal_close_then_next_daily_open,2026-09-12,1.1452919562590618,2,LONG,2026-09-11,34738631912,d95f36020b7af7ae46aae04334e6f16efb97baef3833e180883e2f537b7260ee,Delta_LS_50_50_StopVol,NEAR,0.07971946099867006,0.05017595389997345
cb3e447c876898b37695c9e71e8293bf23b761d1c59a85e44b5307420527bf10,2026-09-12,signal_close_then_next_daily_open,2026-09-12,1.017788937510186,2,LONG,2026-09-11,34738631912,d95f36020b7af7ae46aae04334e6f16efb97baef3833e180883e2f537b7260ee,Delta_LS_50_50_StopVol,DOT,0.07509166289507946,0.05326823039714717
1fa652f1c667044b6d67b657bd5fdd32aee36e7a91f09769cd65d43d6766326a,2026-09-12,signal_close_then_next_daily_open,2026-09-12,0.26229110596249605,2,LONG,2026-09-11,34738631912,d95f36020b7af7ae46aae04334e6f16efb97baef3833e180883e2f537b7260ee,Delta_LS_50_50_StopVol,ETH,0.1,0.03916245609687846
9fb68e2345516b4417a2e9dcaa15a5e72a38820a6f375172e39bf2c8cf5ddd0c,2026-09-12,signal_close_then_next_daily_open,2026-09-12,-0.5069599618108227,2,SHORT,2026-09-11,34738631912,d95f36020b7af7ae46aae04334e6f16efb97baef3833e180883e2f537b7260ee,Delta_LS_50_50_StopVol,OP,-0.08099197997756497,0.04938760604578395
3d238bd563b9f99e763d7e63bd3407ff5d8ca7932bce495e631585a10427aab6,2026-09-12,signal_close_then_next_daily_open,2026-09-12,-0.5100776790514219,2,SHORT,2026-09-11,34738631912,d95f36020b7af7ae46aae04334e6f16efb97baef3833e180883e2f537b7260ee,Delta_LS_50_50_StopVol,ADA,-0.08879283047448794,0.04504868218103809
a91a6f8108929423d849f07f7db81f20f4edc9fb5882d843d45e9f5f701ac7f3,2026-09-12,signal_close_then_next_daily_open,2026-09-12,-0.771035632572056,2,SHORT,2026-09-11,34738631912,d95f36020b7af7ae46aae04334e6f16efb97baef3833e180883e2f537b7260ee,Delta_LS_50_50_StopVol,SUI,-0.08698108075827492,0.04598701194707174
73c7402fdcb6214dc45202508a8374a740095ba49bb08330a3d45a6692c97335,2026-09-12,signal_close_then_next_daily_open,2026-09-12,-1.1833960654379467,2,SHORT,2026-09-11,34738631912,d95f36020b7af7ae46aae04334e6f16efb97baef3833e180883e2f537b7260ee,Delta_LS_50_50_StopVol,BCH,-0.062402187576138635,0.06410031691788833
8480d495a24fd642969e49293f2886340edc858776591574dbc12671c1faa9d4,2026-09-13,signal_close_then_next_daily_open,2026-09-13,1.5763393089721032,2,LONG,2026-09-12,34807686971,1b4550c6bb16e95281320e085e40dbdd056d71e72f0142e7030a2a5f5dbcea58,Delta_LS_70_30,ARB,0.13999999999999999,0.10300709767636128
fedbe411a0d6b614167e36d8140afff6a5a52d4a5abe6e744769bd6150d29c56,2026-09-13,signal_close_then_next_daily_open,2026-09-13,1.1382378006464389,2,LONG,2026-09-12,34807686971,1b4550c6bb16e95281320e085e40dbdd056d71e72f0142e7030a2a5f5dbcea58,Delta_LS_70_30,NEAR,0.13999999999999999,0.050129941829558836
ff1f5206c6a0056e5a952db760c5b64df1bea1e48ef2d1920c7fea4af46de369,2026-09-13,signal_close_then_next_daily_open,2026-09-13,0.7952928407191645,2,LONG,2026-09-12,34807686971,1b4550c6bb16e95281320e085e40dbdd056d71e72f0142e7030a2a5f5dbcea58,Delta_LS_70_30,DOT,0.13999999999999999,0.053530558556523423
ac17624d1afb178765615bc0605144908b9ccf5bc279a21d55e1f6bf78a5e2d8,2026-09-13,signal_close_then_next_daily_open,2026-09-13,0.3721304631435732,2,LONG,2026-09-12,34807686971,1b4550c6bb16e95281320e085e40dbdd056d71e72f0142e7030a2a5f5dbcea58,Delta_LS_70_30,ETH,0.13999999999999999,0.03916039108126968
9f46d2fb2a26f265bf8d6a03c85e25f67183b5a1ac8b23dd7652de071670f28d,2026-09-13,signal_close_then_next_daily_open,2026-09-13,-0.31288674495234164,2,SHORT,2026-09-12,34807686971,1b4550c6bb16e95281320e085e40dbdd056d71e72f0142e7030a2a5f5dbcea58,Delta_LS_70_30,TRX,-0.06,0.010727125340771412
de77d313a5a9a235f71cc32fc76464d485d494fc995c7a60a1c77b333bd26c19,2026-09-13,signal_close_then_next_daily_open,2026-09-13,-0.3784636702765572,2,SHORT,2026-09-12,34807686971,1b4550c6bb16e95281320e085e40dbdd056d71e72f0142e7030a2a5f5dbcea58,Delta_LS_70_30,ADA,-0.06,0.04503147543317373
1d4e88de2b402ee5ad8cda1505432e0b772df60c419dd97493bdfd727fa52e94,2026-09-13,signal_close_then_next_daily_open,2026-09-13,-0.5984143468310579,2,SHORT,2026-09-12,34807686971,1b4550c6bb16e95281320e085e40dbdd056d71e72f0142e7030a2a5f5dbcea58,Delta_LS_70_30,OP,-0.06,0.04910697273668518
ae2e2d00c8b1619ac56587b6d41f5b4408e3025c75485d77203f65b46b1d97e5,2026-09-13,signal_close_then_next_daily_open,2026-09-13,-0.7612826988117186,2,SHORT,2026-09-12,34807686971,1b4550c6bb16e95281320e085e40dbdd056d71e72f0142e7030a2a5f5dbcea58,Delta_LS_70_30,SUI,-0.06,0.04596142352715608
2b1ae8c7f4464e93f3668f933d79dd1cabedcbf1bafed4257d035604d64d51e1,2026-09-13,signal_close_then_next_daily_open,2026-09-13,-1.0220326846075196,2,SHORT,2026-09-12,34807686971,1b4550c6bb16e95281320e085e40dbdd056d71e72f0142e7030a2a5f5dbcea58,Delta_LS_70_30,BCH,-0.06,0.06383344361881838
4cc5798ca997760c7e8623848c1970d9aac6efaf6c81f555ddea1e5dc7067d92,2026-09-13,signal_close_then_next_daily_open,2026-09-13,1.5763393089721032,2,LONG,2026-09-12,34807686971,1b4550c6bb16e95281320e085e40dbdd056d71e72f0142e7030a2a5f5dbcea58,Delta_LS_70_30_StopVol,ARB,0.05436518576219552,0.10300709767636128
2f9207d1d36a4254a77c65c880cf20a3c88663cb7342cbad024ca19a00487c08,2026-09-13,signal_close_then_next_daily_open,2026-09-13,1.1382378006464389,2,LONG,2026-09-12,34807686971,1b4550c6bb16e95281320e085e40dbdd056d71e72f0142e7030a2a5f5dbcea58,Delta_LS_70_30_StopVol,NEAR,0.11170968478359557,0.050129941829558836
2698e688c7f3e5d57b5eb99c92a244d3d1dad4fb3e88d01d77b25a1b0a803589,2026-09-13,signal_close_then_next_daily_open,2026-09-13,0.7952928407191645,2,LONG,2026-09-12,34807686971,1b4550c6bb16e95281320e085e40dbdd056d71e72f0142e7030a2a5f5dbcea58,Delta_LS_70_30_StopVol,DOT,0.10461314342698118,0.053530558556523423
b5492233ca0dcd3dedb88b70e3eb63be4d35348571ad70bc8286d3d3bf1c5e34,2026-09-13,signal_close_then_next_daily_open,2026-09-13,0.3721304631435732,2,LONG,2026-09-12,34807686971,1b4550c6bb16e95281320e085e40dbdd056d71e72f0142e7030a2a5f5dbcea58,Delta_LS_70_30_StopVol,ETH,0.13999999999999999,0.03916039108126968
423c8c98ccc4d500b27935875eaa72d12e0c08b9285903e316089f32723dafb1,2026-09-13,signal_close_then_next_daily_open,2026-09-13,-0.31288674495234164,2,SHORT,2026-09-12,34807686971,1b4550c6bb16e95281320e085e40dbdd056d71e72f0142e7030a2a5f5dbcea58,Delta_LS_70_30_StopVol,TRX,-0.06,0.010727125340771412
8e737ae77c592c233261a56ccbff694d0aa473134b4ae89d3ae5a22ba7b59d5a,2026-09-13,signal_close_then_next_daily_open,2026-09-13,-0.3784636702765572,2,SHORT,2026-09-12,34807686971,1b4550c6bb16e95281320e085e40dbdd056d71e72f0142e7030a2a5f5dbcea58,Delta_LS_70_30_StopVol,ADA,-0.05329605519058723,0.04503147543317373
1e1bfbc54c35f86df92c9e328de275dac0a83532522866b73b11901cee878a12,2026-09-13,signal_close_then_next_daily_open,2026-09-13,-0.5984143468310579,2,SHORT,2026-09-12,34807686971,1b4550c6bb16e95281320e085e40dbdd056d71e72f0142e7030a2a5f5dbcea58,Delta_LS_70_30_StopVol,OP,-0.04887289658169234,0.04910697273668518
be84f640b823638525bcd824fbbd729097fa874f5f6d7ba1cb2a6ffaf2b10542,2026-09-13,signal_close_then_next_daily_open,2026-09-13,-0.7612826988117186,2,SHORT,2026-09-12,34807686971,1b4550c6bb16e95281320e085e40dbdd056d71e72f0142e7030a2a5f5dbcea58,Delta_LS_70_30_StopVol,SUI,-0.052217703800709565,0.04596142352715608
46bf83c45e4328332e02aff284667e74930f70dcde160cf9bb234fe1d317d122,2026-09-13,signal_close_then_next_daily_open,2026-09-13,-1.0220326846075196,2,SHORT,2026-09-12,34807686971,1b4550c6bb16e95281320e085e40dbdd056d71e72f0142e7030a2a5f5dbcea58,Delta_LS_70_30_StopVol,BCH,-0.03759784626898101,0.06383344361881838
312e68b768820b585453f7e5933f2b62821114312dbdcb88f92af513d77ce8e5,2026-09-13,signal_close_then_next_daily_open,2026-09-13,1.5763393089721032,2,LONG,2026-09-12,34807686971,1b4550c6bb16e95281320e085e40dbdd056d71e72f0142e7030a2a5f5dbcea58,Delta_LS_50_50,ARB,0.1,0.10300709767636128
28a07353317aa2ebabae34c259ff4370a07853d15e19375e24a05bb3bc8968ff,2026-09-13,signal_close_then_next_daily_open,2026-09-13,1.1382378006464389,2,LONG,2026-09-12,34807686971,1b4550c6bb16e95281320e085e40dbdd056d71e72f0142e7030a2a5f5dbcea58,Delta_LS_50_50,NEAR,0.1,0.050129941829558836
b2ed481bd886311f7d4cd7b2b7e0b366e909ca99925fee4c0192b5632122548a,2026-09-13,signal_close_then_next_daily_open,2026-09-13,0.7952928407191645,2,LONG,2026-09-12,34807686971,1b4550c6bb16e95281320e085e40dbdd056d71e72f0142e7030a2a5f5dbcea58,Delta_LS_50_50,DOT,0.1,0.053530558556523423
6d2d2569a3489296b65bbd1da22db3cfde189d38242f63f228734e1ebb3a2075,2026-09-13,signal_close_then_next_daily_open,2026-09-13,0.3721304631435732,2,LONG,2026-09-12,34807686971,1b4550c6bb16e95281320e085e40dbdd056d71e72f0142e7030a2a5f5dbcea58,Delta_LS_50_50,ETH,0.1,0.03916039108126968
84a8452fd17291f51d04fa258f76863edcca2ca3e9ffc794661e5a768674e23e,2026-09-13,signal_close_then_next_daily_open,2026-09-13,-0.31288674495234164,2,SHORT,2026-09-12,34807686971,1b4550c6bb16e95281320e085e40dbdd056d71e72f0142e7030a2a5f5dbcea58,Delta_LS_50_50,TRX,-0.1,0.010727125340771412
4e2e5c36df5a3224a08cf3906a483f3fa0b1eee81d8f7826a303678a68fa89a8,2026-09-13,signal_close_then_next_daily_open,2026-09-13,-0.3784636702765572,2,SHORT,2026-09-12,34807686971,1b4550c6bb16e95281320e085e40dbdd056d71e72f0142e7030a2a5f5dbcea58,Delta_LS_50_50,ADA,-0.1,0.04503147543317373
d83fe9c8b95353ec66f658f5b7486faa2056a3de1e173dc2db2b4b59bd4d7489,2026-09-13,signal_close_then_next_daily_open,2026-09-13,-0.5984143468310579,2,SHORT,2026-09-12,34807686971,1b4550c6bb16e95281320e085e40dbdd056d71e72f0142e7030a2a5f5dbcea58,Delta_LS_50_50,OP,-0.1,0.04910697273668518
af0c7a006b3dd02ef762f12ee01bc88a62a029441d8b35f301ad377ffde34912,2026-09-13,signal_close_then_next_daily_open,2026-09-13,-0.7612826988117186,2,SHORT,2026-09-12,34807686971,1b4550c6bb16e95281320e085e40dbdd056d71e72f0142e7030a2a5f5dbcea58,Delta_LS_50_50,SUI,-0.1,0.04596142352715608
e8c6a8cec7ec16382bca13d51494d7aec455e6bd2a5c74e362c239d22a4db238,2026-09-13,signal_close_then_next_daily_open,2026-09-13,-1.0220326846075196,2,SHORT,2026-09-12,34807686971,1b4550c6bb16e95281320e085e40dbdd056d71e72f0142e7030a2a5f5dbcea58,Delta_LS_50_50,BCH,-0.1,0.06383344361881838
c06d0351858db3e6f759ccc214046838fed02f283073b5067b9ec1f8918ff88c,2026-09-13,signal_close_then_next_daily_open,2026-09-13,1.5763393089721032,2,LONG,2026-09-12,34807686971,1b4550c6bb16e95281320e085e40dbdd056d71e72f0142e7030a2a5f5dbcea58,Delta_LS_50_50_StopVol,ARB,0.03883227554442538,0.10300709767636128
4ec8596a7aba32f935c84dea70492fd3607962560a3c76265e97a3fda02ddafc,2026-09-13,signal_close_then_next_daily_open,2026-09-13,1.1382378006464389,2,LONG,2026-09-12,34807686971,1b4550c6bb16e95281320e085e40dbdd056d71e72f0142e7030a2a5f5dbcea58,Delta_LS_50_50_StopVol,NEAR,0.07979263198828257,0.050129941829558836
3f6ae01c4d1705b9cf004964b9e3b4f99485f8f682589af342ad317bcd079668,2026-09-13,signal_close_then_next_daily_open,2026-09-13,0.7952928407191645,2,LONG,2026-09-12,34807686971,1b4550c6bb16e95281320e085e40dbdd056d71e72f0142e7030a2a5f5dbcea58,Delta_LS_50_50_StopVol,DOT,0.07472367387641514,0.053530558556523423
07f5cf4708deb4bd1ea4e9c6f8992a49c1a95964d3151f336a46fd31aac6e4bd,2026-09-13,signal_close_then_next_daily_open,2026-09-13,0.3721304631435732,2,LONG,2026-09-12,34807686971,1b4550c6bb16e95281320e085e40dbdd056d71e72f0142e7030a2a5f5dbcea58,Delta_LS_50_50_StopVol,ETH,0.1,0.03916039108126968
0f2b4213e637142373a1bae1098a10996c016223320541e36822e80e16d7bf52,2026-09-13,signal_close_then_next_daily_open,2026-09-13,-0.31288674495234164,2,SHORT,2026-09-12,34807686971,1b4550c6bb16e95281320e085e40dbdd056d71e72f0142e7030a2a5f5dbcea58,Delta_LS_50_50_StopVol,TRX,-0.1,0.010727125340771412
0f413b8e875ac9d968e2d06966b2bd167763563dd956ee831772abdb51fadb42,2026-09-13,signal_close_then_next_daily_open,2026-09-13,-0.3784636702765572,2,SHORT,2026-09-12,34807686971,1b4550c6bb16e95281320e085e40dbdd056d71e72f0142e7030a2a5f5dbcea58,Delta_LS_50_50_StopVol,ADA,-0.08882675865097872,0.04503147543317373
46309fa6a32ed18d584b003d8dcfe5e445f26fbb47ca7ec86aa95cbb217a73f7,2026-09-13,signal_close_then_next_daily_open,2026-09-13,-0.5984143468310579,2,SHORT,2026-09-12,34807686971,1b4550c6bb16e95281320e085e40dbdd056d71e72f0142e7030a2a5f5dbcea58,Delta_LS_50_50_StopVol,OP,-0.08145482763615391,0.04910697273668518
efcfab2a0efe7806262598aba3b27927bd78de056fad23de3b9f31ef2083159a,2026-09-13,signal_close_then_next_daily_open,2026-09-13,-0.7612826988117186,2,SHORT,2026-09-12,34807686971,1b4550c6bb16e95281320e085e40dbdd056d71e72f0142e7030a2a5f5dbcea58,Delta_LS_50_50_StopVol,SUI,-0.08702950633451595,0.04596142352715608
bd210199327abb4b6d640c10c91ed485dccd9f2711040100405cd7815be18d8b,2026-09-13,signal_close_then_next_daily_open,2026-09-13,-1.0220326846075196,2,SHORT,2026-09-12,34807686971,1b4550c6bb16e95281320e085e40dbdd056d71e72f0142e7030a2a5f5dbcea58,Delta_LS_50_50_StopVol,BCH,-0.06266307711496835,0.06383344361881838
54e9adab0b105bd48b60a600a24e33ec484e6bfcdff7ad15d5903c79d92a860e,2026-09-14,signal_close_then_next_daily_open,2026-09-14,1.532823989308255,2,LONG,2026-09-13,34943084063,a40e0293fb03541c6dec3b1546e3da4b9c4ba580a801b6699c26c3577d8b0984,Delta_LS_70_30,FIL,0.13999999999999999,0.05812717095456988
c0e06006f363a509aef90c34aaaa5827a9309c6f89b9cc51419ed166c19b175f,2026-09-14,signal_close_then_next_daily_open,2026-09-14,1.3062939223188486,2,LONG,2026-09-13,34943084063,a40e0293fb03541c6dec3b1546e3da4b9c4ba580a801b6699c26c3577d8b0984,Delta_LS_70_30,ARB,0.13999999999999999,0.10383554177422699
4cc0bb097a9fcd254b7525ec59b98d777a9533deecf3b8231178454454a162f0,2026-09-14,signal_close_then_next_daily_open,2026-09-14,0.6729650565642998,2,LONG,2026-09-13,34943084063,a40e0293fb03541c6dec3b1546e3da4b9c4ba580a801b6699c26c3577d8b0984,Delta_LS_70_30,NEAR,0.13999999999999999,0.05072684267927095
f11e2d0b7e65023c32478ce788cc254a07c5e28488afa734b7eb2a94acec4465,2026-09-14,signal_close_then_next_daily_open,2026-09-14,0.5175441716105145,2,LONG,2026-09-13,34943084063,a40e0293fb03541c6dec3b1546e3da4b9c4ba580a801b6699c26c3577d8b0984,Delta_LS_70_30,DOT,0.13999999999999999,0.05369653363105121
89d055fb2bddae7cdb83f6580705bcf960f8bdd200e4daef0cfd1925181c0978,2026-09-14,signal_close_then_next_daily_open,2026-09-14,0.2723311350121952,2,LONG,2026-09-13,34943084063,a40e0293fb03541c6dec3b1546e3da4b9c4ba580a801b6699c26c3577d8b0984,Delta_LS_70_30,ETH,0.13999999999999999,0.039479306691312166
e970e518e8a1a9f23e04c88a9e12751261f14bff0cdbeabe509996d668c20954,2026-09-14,signal_close_then_next_daily_open,2026-09-14,-0.5076647578790634,2,SHORT,2026-09-13,34943084063,a40e0293fb03541c6dec3b1546e3da4b9c4ba580a801b6699c26c3577d8b0984,Delta_LS_70_30,OP,-0.06,0.04884756961120586
03c8e4db6ae11d6ead3085448283c5f66a1fe7e9967d3f1b7d1f3c6496eec017,2026-09-14,signal_close_then_next_daily_open,2026-09-14,-0.806717560318169,2,SHORT,2026-09-13,34943084063,a40e0293fb03541c6dec3b1546e3da4b9c4ba580a801b6699c26c3577d8b0984,Delta_LS_70_30,SUI,-0.06,0.04634857382448978
5bfba72724c0040b4f0a871ab3974f31a620d622d9b622444a07ed816d5caef6,2026-09-14,signal_close_then_next_daily_open,2026-09-14,-1.0449650803052806,2,SHORT,2026-09-13,34943084063,a40e0293fb03541c6dec3b1546e3da4b9c4ba580a801b6699c26c3577d8b0984,Delta_LS_70_30,BCH,-0.06,0.06402109786930509
0285f0896ab6ac79d32b8bcdad9a983dddb6d0f1c8a848bb90ac2b0f510dd964,2026-09-14,signal_close_then_next_daily_open,2026-09-14,1.532823989308255,2,LONG,2026-09-13,34943084063,a40e0293fb03541c6dec3b1546e3da4b9c4ba580a801b6699c26c3577d8b0984,Delta_LS_70_30_StopVol,FIL,0.09634048772779187,0.05812717095456988
605f702f2df761bd2b81a81b34f08ed998646b18a685741a92a725a98ba02e2b,2026-09-14,signal_close_then_next_daily_open,2026-09-14,1.3062939223188486,2,LONG,2026-09-13,34943084063,a40e0293fb03541c6dec3b1546e3da4b9c4ba580a801b6699c26c3577d8b0984,Delta_LS_70_30_StopVol,ARB,0.05393143719687293,0.10383554177422699
d13692939920da54557ea7487be7682089e3ae9701bd11595653f9ee5a2ea50f,2026-09-14,signal_close_then_next_daily_open,2026-09-14,0.6729650565642998,2,LONG,2026-09-13,34943084063,a40e0293fb03541c6dec3b1546e3da4b9c4ba580a801b6699c26c3577d8b0984,Delta_LS_70_30_StopVol,NEAR,0.11039520112471708,0.05072684267927095
fbbaa80221936a3bbf654801d68c8c6d28162c34b05cb9cf1e20e520c4df400f,2026-09-14,signal_close_then_next_daily_open,2026-09-14,0.5175441716105145,2,LONG,2026-09-13,34943084063,a40e0293fb03541c6dec3b1546e3da4b9c4ba580a801b6699c26c3577d8b0984,Delta_LS_70_30_StopVol,DOT,0.10428978597534042,0.05369653363105121
12130ef88848b012b2411ff0774fb2ff9a0f5a7598b6113ff412998a7bb8c739,2026-09-14,signal_close_then_next_daily_open,2026-09-14,0.2723311350121952,2,LONG,2026-09-13,34943084063,a40e0293fb03541c6dec3b1546e3da4b9c4ba580a801b6699c26c3577d8b0984,Delta_LS_70_30_StopVol,ETH,0.13999999999999999,0.039479306691312166
9102a9db912075c9d14bd6e288e330f4bce3d4d32137761767c82e7df6c21986,2026-09-14,signal_close_then_next_daily_open,2026-09-14,-0.5076647578790634,2,SHORT,2026-09-13,34943084063,a40e0293fb03541c6dec3b1546e3da4b9c4ba580a801b6699c26c3577d8b0984,Delta_LS_70_30_StopVol,OP,-0.04913243420506696,0.04884756961120586
1e4f0e52c9aac9ccc30ad7e2304e316154364f678f7d65697e5563ee3c60b181,2026-09-14,signal_close_then_next_daily_open,2026-09-14,-0.806717560318169,2,SHORT,2026-09-13,34943084063,a40e0293fb03541c6dec3b1546e3da4b9c4ba580a801b6699c26c3577d8b0984,Delta_LS_70_30_StopVol,SUI,-0.05178152857708605,0.04634857382448978
74a66129e388fe4d2b1cc9419b6491f25fafc8650b71e40b176def5447e2710b,2026-09-14,signal_close_then_next_daily_open,2026-09-14,-1.0449650803052806,2,SHORT,2026-09-13,34943084063,a40e0293fb03541c6dec3b1546e3da4b9c4ba580a801b6699c26c3577d8b0984,Delta_LS_70_30_StopVol,BCH,-0.03748764204105722,0.06402109786930509
fc7784db4bce2a1d29aaa402a73e724c5cd9f675e8de3c9aab7245a14abbd3bc,2026-09-14,signal_close_then_next_daily_open,2026-09-14,1.532823989308255,2,LONG,2026-09-13,34943084063,a40e0293fb03541c6dec3b1546e3da4b9c4ba580a801b6699c26c3577d8b0984,Delta_LS_50_50,FIL,0.1,0.05812717095456988
444eb643648be77d0afc059d5d805a58cce3250930cfa80a6e78895a82dd6f03,2026-09-14,signal_close_then_next_daily_open,2026-09-14,1.3062939223188486,2,LONG,2026-09-13,34943084063,a40e0293fb03541c6dec3b1546e3da4b9c4ba580a801b6699c26c3577d8b0984,Delta_LS_50_50,ARB,0.1,0.10383554177422699
71f60fa9eebc131c9281422e69fa09557d98a1df76e87a01917f9632469166fc,2026-09-14,signal_close_then_next_daily_open,2026-09-14,0.6729650565642998,2,LONG,2026-09-13,34943084063,a40e0293fb03541c6dec3b1546e3da4b9c4ba580a801b6699c26c3577d8b0984,Delta_LS_50_50,NEAR,0.1,0.05072684267927095
f194586a52346437fa86bc2f248f89fba5fe053adc4ff824e0bdabceecec1a8f,2026-09-14,signal_close_then_next_daily_open,2026-09-14,0.5175441716105145,2,LONG,2026-09-13,34943084063,a40e0293fb03541c6dec3b1546e3da4b9c4ba580a801b6699c26c3577d8b0984,Delta_LS_50_50,DOT,0.1,0.05369653363105121
59bc0d5bc0c494132d29a7893da3111eaa283a49fcdef735ecdcdcc72704af68,2026-09-14,signal_close_then_next_daily_open,2026-09-14,0.2723311350121952,2,LONG,2026-09-13,34943084063,a40e0293fb03541c6dec3b1546e3da4b9c4ba580a801b6699c26c3577d8b0984,Delta_LS_50_50,ETH,0.1,0.039479306691312166
55f617a9513174cc8d1ef2e7e14c31e2790b4bf5f102bd78aba56cbd9e1b0a41,2026-09-14,signal_close_then_next_daily_open,2026-09-14,-0.5076647578790634,2,SHORT,2026-09-13,34943084063,a40e0293fb03541c6dec3b1546e3da4b9c4ba580a801b6699c26c3577d8b0984,Delta_LS_50_50,OP,-0.1,0.04884756961120586
1c5588642f0a08402a07eff671262df99b5fee6f21e6d8d1145347520d9542ae,2026-09-14,signal_close_then_next_daily_open,2026-09-14,-0.806717560318169,2,SHORT,2026-09-13,34943084063,a40e0293fb03541c6dec3b1546e3da4b9c4ba580a801b6699c26c3577d8b0984,Delta_LS_50_50,SUI,-0.1,0.04634857382448978
ba95f28a3304c4f31c4b56eff43ddd5b0d40be0b97fcf034c87cd40569db031d,2026-09-14,signal_close_then_next_daily_open,2026-09-14,-1.0449650803052806,2,SHORT,2026-09-13,34943084063,a40e0293fb03541c6dec3b1546e3da4b9c4ba580a801b6699c26c3577d8b0984,Delta_LS_50_50,BCH,-0.1,0.06402109786930509
f917b64cbe3772e0630119ae2fc41e573466cc2839d68b61c60013752ba583a7,2026-09-14,signal_close_then_next_daily_open,2026-09-14,1.532823989308255,2,LONG,2026-09-13,34943084063,a40e0293fb03541c6dec3b1546e3da4b9c4ba580a801b6699c26c3577d8b0984,Delta_LS_50_50_StopVol,FIL,0.06881463409127991,0.05812717095456988
4629b6c105691a3947ca6ba5945582b45e1ddd38f7dcd3f08b12f00d5ab9a5cf,2026-09-14,signal_close_then_next_daily_open,2026-09-14,1.3062939223188486,2,LONG,2026-09-13,34943084063,a40e0293fb03541c6dec3b1546e3da4b9c4ba580a801b6699c26c3577d8b0984,Delta_LS_50_50_StopVol,ARB,0.03852245514062353,0.10383554177422699
ac3209bc0389cfc270113487d15ef6688b0fa39a5cc5b9c110a2e6e813f04132,2026-09-14,signal_close_then_next_daily_open,2026-09-14,0.6729650565642998,2,LONG,2026-09-13,34943084063,a40e0293fb03541c6dec3b1546e3da4b9c4ba580a801b6699c26c3577d8b0984,Delta_LS_50_50_StopVol,NEAR,0.07885371508908365,0.05072684267927095
5b1c248df9e7ca410c121a780ce341da56ca4a40ead97979d6b854497cdcae2d,2026-09-14,signal_close_then_next_daily_open,2026-09-14,0.5175441716105145,2,LONG,2026-09-13,34943084063,a40e0293fb03541c6dec3b1546e3da4b9c4ba580a801b6699c26c3577d8b0984,Delta_LS_50_50_StopVol,DOT,0.07449270426810031,0.05369653363105121
a4ea49073ec79933b8ec873c1d1b6c4b90352fb12ac8c1c4b8fa4c9077704b79,2026-09-14,signal_close_then_next_daily_open,2026-09-14,0.2723311350121952,2,LONG,2026-09-13,34943084063,a40e0293fb03541c6dec3b1546e3da4b9c4ba580a801b6699c26c3577d8b0984,Delta_LS_50_50_StopVol,ETH,0.1,0.039479306691312166
b89c3886ff961089afe77ff62ef6ced0e7d8ba1bedd05c827f6088cbe6f5320f,2026-09-14,signal_close_then_next_daily_open,2026-09-14,-0.5076647578790634,2,SHORT,2026-09-13,34943084063,a40e0293fb03541c6dec3b1546e3da4b9c4ba580a801b6699c26c3577d8b0984,Delta_LS_50_50_StopVol,OP,-0.08188739034177828,0.04884756961120586
003e64e3e7ae4a8cf66781c60f3bb41b9ac938d11a1b30b9bd51f7af8eab62fa,2026-09-14,signal_close_then_next_daily_open,2026-09-14,-0.806717560318169,2,SHORT,2026-09-13,34943084063,a40e0293fb03541c6dec3b1546e3da4b9c4ba580a801b6699c26c3577d8b0984,Delta_LS_50_50_StopVol,SUI,-0.08630254762847676,0.04634857382448978
95dd105f4497a4020ff679a71184940d3e03bbe973dc2330e749dffd544e7b54,2026-09-14,signal_close_then_next_daily_open,2026-09-14,-1.0449650803052806,2,SHORT,2026-09-13,34943084063,a40e0293fb03541c6dec3b1546e3da4b9c4ba580a801b6699c26c3577d8b0984,Delta_LS_50_50_StopVol,BCH,-0.062479403401762036,0.06402109786930509
d571a48cf416407b1fd036af6eca150ad3eca230fa7e4e7c303ab6f3000d488a,2026-09-15,signal_close_then_next_daily_open,2026-09-15,1.5248428605525015,2,LONG,2026-09-14,35056950076,067b90bc3b639e5e89903732bd93fe35f0f073897f9e799c4d0ef683b868bc12,Delta_LS_70_30,FIL,0.13999999999999999,0.05827283608545864
55023347f8179faeab5c29e9da6feaf5f8128d7b0aa2c465eb23e7344e1e7f19,2026-09-15,signal_close_then_next_daily_open,2026-09-15,1.4213694700421506,2,LONG,2026-09-14,35056950076,067b90bc3b639e5e89903732bd93fe35f0f073897f9e799c4d0ef683b868bc12,Delta_LS_70_30,NEAR,0.13999999999999999,0.0517082330106502
bf31cf1f07f4edd7fd6ceb3cfd8bc7f871e91e99630fee30b1b659f56f87bcb7,2026-09-15,signal_close_then_next_daily_open,2026-09-15,0.7513482587104143,2,LONG,2026-09-14,35056950076,067b90bc3b639e5e89903732bd93fe35f0f073897f9e799c4d0ef683b868bc12,Delta_LS_70_30,ARB,0.13999999999999999,0.10350666705050598
4420d21a3a158bfa9e7d7f288686e267b1b79084f15616688c8d2763ddb6c8b8,2026-09-15,signal_close_then_next_daily_open,2026-09-15,0.33839734237440067,2,LONG,2026-09-14,35056950076,067b90bc3b639e5e89903732bd93fe35f0f073897f9e799c4d0ef683b868bc12,Delta_LS_70_30,DOT,0.13999999999999999,0.053633153342268376
dd20b6f6860a7999a1f8dea02b40c4cf3e8b19653a8bb3b20c455b628781cbe4,2026-09-15,signal_close_then_next_daily_open,2026-09-15,-0.45094877898760577,2,SHORT,2026-09-14,35056950076,067b90bc3b639e5e89903732bd93fe35f0f073897f9e799c4d0ef683b868bc12,Delta_LS_70_30,LINK,-0.06,0.04313046600026064
cae562c7fd53b09301242a40a62d9f752f4f0af5b4bf7e6fbd0cd7114146d91b,2026-09-15,signal_close_then_next_daily_open,2026-09-15,-0.8841210105017159,2,SHORT,2026-09-14,35056950076,067b90bc3b639e5e89903732bd93fe35f0f073897f9e799c4d0ef683b868bc12,Delta_LS_70_30,SUI,-0.06,0.0465384267772245
1fc5a29084ef75e3c1dbd72ad9685d9d87daf339b893965ab86e167adfe5f1b8,2026-09-15,signal_close_then_next_daily_open,2026-09-15,-1.2866516911311103,2,SHORT,2026-09-14,35056950076,067b90bc3b639e5e89903732bd93fe35f0f073897f9e799c4d0ef683b868bc12,Delta_LS_70_30,BCH,-0.06,0.06400403118381726
58702990452faa15cd5eb7099810bfd9e25a06911b3ddde35fc385c534a9a482,2026-09-15,signal_close_then_next_daily_open,2026-09-15,1.5248428605525015,2,LONG,2026-09-14,35056950076,067b90bc3b639e5e89903732bd93fe35f0f073897f9e799c4d0ef683b868bc12,Delta_LS_70_30_StopVol,FIL,0.09609966454674443,0.05827283608545864
b55315ddb139363c02015b678dcb0fec240870a99003661b36354959ed813e14,2026-09-15,signal_close_then_next_daily_open,2026-09-15,1.4213694700421506,2,LONG,2026-09-14,35056950076,067b90bc3b639e5e89903732bd93fe35f0f073897f9e799c4d0ef683b868bc12,Delta_LS_70_30_StopVol,NEAR,0.10829996837924404,0.0517082330106502
56e9e9856dfe592bf40b9b1f493151c2f91ce54fbf6a7ccfc4fd43595a4a2499,2026-09-15,signal_close_then_next_daily_open,2026-09-15,0.7513482587104143,2,LONG,2026-09-14,35056950076,067b90bc3b639e5e89903732bd93fe35f0f073897f9e799c4d0ef683b868bc12,Delta_LS_70_30_StopVol,ARB,0.05410279511045877,0.10350666705050598
e646302b2d25a82fe59e7675107d552defcdcde95dccf47d70654697d398cba8,2026-09-15,signal_close_then_next_daily_open,2026-09-15,0.33839734237440067,2,LONG,2026-09-14,35056950076,067b90bc3b639e5e89903732bd93fe35f0f073897f9e799c4d0ef683b868bc12,Delta_LS_70_30_StopVol,DOT,0.10441302908786142,0.053633153342268376
16dce87595cca7f1fc599a4b6229cca003c4fca51a1180e2e7ea852daa317da7,2026-09-15,signal_close_then_next_daily_open,2026-09-15,-0.45094877898760577,2,SHORT,2026-09-14,35056950076,067b90bc3b639e5e89903732bd93fe35f0f073897f9e799c4d0ef683b868bc12,Delta_LS_70_30_StopVol,LINK,-0.05564512101458622,0.04313046600026064
2bc29855775e3c79cd80cc9c15e3e27da1a2736389f4cf48096cb8e12727ef58,2026-09-15,signal_close_then_next_daily_open,2026-09-15,-0.8841210105017159,2,SHORT,2026-09-14,35056950076,067b90bc3b639e5e89903732bd93fe35f0f073897f9e799c4d0ef683b868bc12,Delta_LS_70_30_StopVol,SUI,-0.051570286453570854,0.0465384267772245
108e27154716def80e2c9e4dc2d0685420cacddf4e230678a732d3e9a293d017,2026-09-15,signal_close_then_next_daily_open,2026-09-15,-1.2866516911311103,2,SHORT,2026-09-14,35056950076,067b90bc3b639e5e89903732bd93fe35f0f073897f9e799c4d0ef683b868bc12,Delta_LS_70_30_StopVol,BCH,-0.03749763812699995,0.06400403118381726
5a0d483b03a94cd9fdd21cdebdc30349ffa4791d4c0239accd27453c2cd1ccd7,2026-09-15,signal_close_then_next_daily_open,2026-09-15,1.5248428605525015,2,LONG,2026-09-14,35056950076,067b90bc3b639e5e89903732bd93fe35f0f073897f9e799c4d0ef683b868bc12,Delta_LS_50_50,FIL,0.1,0.05827283608545864
4f0e8c795deaae6eb3216200422f9181c2ddcf2f2adcfde0919e8a32cfab6b58,2026-09-15,signal_close_then_next_daily_open,2026-09-15,1.4213694700421506,2,LONG,2026-09-14,35056950076,067b90bc3b639e5e89903732bd93fe35f0f073897f9e799c4d0ef683b868bc12,Delta_LS_50_50,NEAR,0.1,0.0517082330106502
971986ea5588215e1de0de0b45b838938dd5fefb8e631c64fdb9478ad67e3971,2026-09-15,signal_close_then_next_daily_open,2026-09-15,0.7513482587104143,2,LONG,2026-09-14,35056950076,067b90bc3b639e5e89903732bd93fe35f0f073897f9e799c4d0ef683b868bc12,Delta_LS_50_50,ARB,0.1,0.10350666705050598
c62299e008488053fcd309defff6c10892a0f4c539c97dba0a2e8a96fa2036f5,2026-09-15,signal_close_then_next_daily_open,2026-09-15,0.33839734237440067,2,LONG,2026-09-14,35056950076,067b90bc3b639e5e89903732bd93fe35f0f073897f9e799c4d0ef683b868bc12,Delta_LS_50_50,DOT,0.1,0.053633153342268376
b1d65db63345b4c3b28b466d144b98d49bdad3bf0a4e9275c0bb79e99adf8981,2026-09-15,signal_close_then_next_daily_open,2026-09-15,-0.45094877898760577,2,SHORT,2026-09-14,35056950076,067b90bc3b639e5e89903732bd93fe35f0f073897f9e799c4d0ef683b868bc12,Delta_LS_50_50,LINK,-0.1,0.04313046600026064
8af3871f56b31af59f995929dd173fd76fd28f3e74ffe611ca35f3f233fe7901,2026-09-15,signal_close_then_next_daily_open,2026-09-15,-0.8841210105017159,2,SHORT,2026-09-14,35056950076,067b90bc3b639e5e89903732bd93fe35f0f073897f9e799c4d0ef683b868bc12,Delta_LS_50_50,SUI,-0.1,0.0465384267772245
2a5005ed8b7d61aef2dc93a96900f9cf242a07e6a43b6b621b96d16ff2a7eaa5,2026-09-15,signal_close_then_next_daily_open,2026-09-15,-1.2866516911311103,2,SHORT,2026-09-14,35056950076,067b90bc3b639e5e89903732bd93fe35f0f073897f9e799c4d0ef683b868bc12,Delta_LS_50_50,BCH,-0.1,0.06400403118381726
d22e53d5bcd6a99706d92296370b24648d5e14052265b6f575d46be7f815ab12,2026-09-15,signal_close_then_next_daily_open,2026-09-15,1.5248428605525015,2,LONG,2026-09-14,35056950076,067b90bc3b639e5e89903732bd93fe35f0f073897f9e799c4d0ef683b868bc12,Delta_LS_50_50_StopVol,FIL,0.06864261753338889,0.05827283608545864
5462513eaab9b83ea8fc127707c0b4f6eae4278a88a13cea95919a475861fc4a,2026-09-15,signal_close_then_next_daily_open,2026-09-15,1.4213694700421506,2,LONG,2026-09-14,35056950076,067b90bc3b639e5e89903732bd93fe35f0f073897f9e799c4d0ef683b868bc12,Delta_LS_50_50_StopVol,NEAR,0.0773571202708886,0.0517082330106502
cc15dd8b368adf0ae79c11d3e73120ceb511dc6be004e4692aa7d300c70f720d,2026-09-15,signal_close_then_next_daily_open,2026-09-15,0.7513482587104143,2,LONG,2026-09-14,35056950076,067b90bc3b639e5e89903732bd93fe35f0f073897f9e799c4d0ef683b868bc12,Delta_LS_50_50_StopVol,ARB,0.0386448536503277,0.10350666705050598
ccb9e82ebd24a4d897ee62312894b6f47a3b94351d18453fec6e09eb7e096136,2026-09-15,signal_close_then_next_daily_open,2026-09-15,0.33839734237440067,2,LONG,2026-09-14,35056950076,067b90bc3b639e5e89903732bd93fe35f0f073897f9e799c4d0ef683b868bc12,Delta_LS_50_50_StopVol,DOT,0.07458073506275817,0.053633153342268376
9c62c52d440f21e71b34ff065283ee0d605706dc193ce1cdbd62ba632f226870,2026-09-15,signal_close_then_next_daily_open,2026-09-15,-0.45094877898760577,2,SHORT,2026-09-14,35056950076,067b90bc3b639e5e89903732bd93fe35f0f073897f9e799c4d0ef683b868bc12,Delta_LS_50_50_StopVol,LINK,-0.09274186835764371,0.04313046600026064
cbf1a23ec7cd8d382b29a53330db9f4202569957d2164b3ded96417ac119b2b6,2026-09-15,signal_close_then_next_daily_open,2026-09-15,-0.8841210105017159,2,SHORT,2026-09-14,35056950076,067b90bc3b639e5e89903732bd93fe35f0f073897f9e799c4d0ef683b868bc12,Delta_LS_50_50_StopVol,SUI,-0.0859504774226181,0.0465384267772245
18310073896cf3460697a0ed736c79f5b0fef1988169a83f150315ef17d6a157,2026-09-15,signal_close_then_next_daily_open,2026-09-15,-1.2866516911311103,2,SHORT,2026-09-14,35056950076,067b90bc3b639e5e89903732bd93fe35f0f073897f9e799c4d0ef683b868bc12,Delta_LS_50_50_StopVol,BCH,-0.062496063544999925,0.06400403118381726
ce54667ce21946d883aab775e8fa74cbf9bee6f0c2562e09ab6f511d814165b1,2026-09-16,signal_close_then_next_daily_open,2026-09-16,2.2129711541502703,2,LONG,2026-09-15,35183449047,a4b3d15beb515fe84a76fd353938c082f9c88f8ade693841fbc7cec3bb412a71,Delta_LS_70_30,ARB,0.13999999999999999,0.10536083351071247
0ab7cdef32c88135d347e7e690c7538eaa08e216c78a4b888a30d4bb6ae71998,2026-09-16,signal_close_then_next_daily_open,2026-09-16,1.387146273467473,2,LONG,2026-09-15,35183449047,a4b3d15beb515fe84a76fd353938c082f9c88f8ade693841fbc7cec3bb412a71,Delta_LS_70_30,NEAR,0.13999999999999999,0.05303049455781286
2c4e460b0c91bb01e535fab35838335bfc5a2ff0826fa9ab2b3f70c20c9be7cd,2026-09-16,signal_close_then_next_daily_open,2026-09-16,0.17786274473589064,2,LONG,2026-09-15,35183449047,a4b3d15beb515fe84a76fd353938c082f9c88f8ade693841fbc7cec3bb412a71,Delta_LS_70_30,FIL,0.13999999999999999,0.06354389129388796
89f1a7202fd9563e48d1c3d80e7878c4c260559d9d19b053c1f48598e032a49e,2026-09-16,signal_close_then_next_daily_open,2026-09-16,-0.5777216432697444,2,SHORT,2026-09-15,35183449047,a4b3d15beb515fe84a76fd353938c082f9c88f8ade693841fbc7cec3bb412a71,Delta_LS_70_30,APT,-0.06,0.0462181916511681
4f4ef1dfe5ea4fc52cb143e5eaa052ce79505e4ae7890449f2203a5e1e76b8d3,2026-09-16,signal_close_then_next_daily_open,2026-09-16,-0.744230248875708,2,SHORT,2026-09-15,35183449047,a4b3d15beb515fe84a76fd353938c082f9c88f8ade693841fbc7cec3bb412a71,Delta_LS_70_30,SUI,-0.06,0.04740384714566287
9cf0e151a1b1ac3614d94843180f7a56a4f4a0bd792e0914ee7e22a8f6e771ec,2026-09-16,signal_close_then_next_daily_open,2026-09-16,-1.0613848782071575,2,SHORT,2026-09-15,35183449047,a4b3d15beb515fe84a76fd353938c082f9c88f8ade693841fbc7cec3bb412a71,Delta_LS_70_30,BCH,-0.06,0.06430374264024696
ab1a84c5aeb5f3894ad7d393b13eefe3b2ea4cfbade992631a73f2d1351d6d83,2026-09-16,signal_close_then_next_daily_open,2026-09-16,2.2129711541502703,2,LONG,2026-09-15,35183449047,a4b3d15beb515fe84a76fd353938c082f9c88f8ade693841fbc7cec3bb412a71,Delta_LS_70_30_StopVol,ARB,0.0531506805081475,0.10536083351071247
422b28fedf1168df51ced72216af19d3f5311c349345df5bbfb2f1a7eb56b1dd,2026-09-16,signal_close_then_next_daily_open,2026-09-16,1.387146273467473,2,LONG,2026-09-15,35183449047,a4b3d15beb515fe84a76fd353938c082f9c88f8ade693841fbc7cec3bb412a71,Delta_LS_70_30_StopVol,NEAR,0.10559961860991102,0.05303049455781286
4c7d3409b47979e81a3a89280ce35112e80ebebf083b9f53d482cbd196406003,2026-09-16,signal_close_then_next_daily_open,2026-09-16,0.17786274473589064,2,LONG,2026-09-15,35183449047,a4b3d15beb515fe84a76fd353938c082f9c88f8ade693841fbc7cec3bb412a71,Delta_LS_70_30_StopVol,FIL,0.08812806213110594,0.06354389129388796
414d22656f3d57bd318c9c70148bb47824abf0897dd6e95dd95c02b6a19e9296,2026-09-16,signal_close_then_next_daily_open,2026-09-16,-0.5777216432697444,2,SHORT,2026-09-15,35183449047,a4b3d15beb515fe84a76fd353938c082f9c88f8ade693841fbc7cec3bb412a71,Delta_LS_70_30_StopVol,APT,-0.051927605002679574,0.0462181916511681
e17746bfe1dbf7b629af60905dfe15ad6803b7e035ab0c8bdf4b8189a9e70e55,2026-09-16,signal_close_then_next_daily_open,2026-09-16,-0.744230248875708,2,SHORT,2026-09-15,35183449047,a4b3d15beb515fe84a76fd353938c082f9c88f8ade693841fbc7cec3bb412a71,Delta_LS_70_30_StopVol,SUI,-0.05062880218614458,0.04740384714566287
6160b42de13756a02c91d1e8d129b249bddc7b1fce47d124b925f0f10936c6a0,2026-09-16,signal_close_then_next_daily_open,2026-09-16,-1.0613848782071575,2,SHORT,2026-09-15,35183449047,a4b3d15beb515fe84a76fd353938c082f9c88f8ade693841fbc7cec3bb412a71,Delta_LS_70_30_StopVol,BCH,-0.03732286646870641,0.06430374264024696
473719388c57d1fedc71abf595dee9527cfddec7aba408ac400873203cfa9b9b,2026-09-16,signal_close_then_next_daily_open,2026-09-16,2.2129711541502703,2,LONG,2026-09-15,35183449047,a4b3d15beb515fe84a76fd353938c082f9c88f8ade693841fbc7cec3bb412a71,Delta_LS_50_50,ARB,0.1,0.10536083351071247
ad1aa84e4a2b658b32084cd59d180bc72295ed3cbbadafccc15dca006b861142,2026-09-16,signal_close_then_next_daily_open,2026-09-16,1.387146273467473,2,LONG,2026-09-15,35183449047,a4b3d15beb515fe84a76fd353938c082f9c88f8ade693841fbc7cec3bb412a71,Delta_LS_50_50,NEAR,0.1,0.05303049455781286
3a8d31bb3dce4d83de2c982a6d8644c2be149b760d60f9598e9802a94f006ff3,2026-09-16,signal_close_then_next_daily_open,2026-09-16,0.17786274473589064,2,LONG,2026-09-15,35183449047,a4b3d15beb515fe84a76fd353938c082f9c88f8ade693841fbc7cec3bb412a71,Delta_LS_50_50,FIL,0.1,0.06354389129388796
9e26a25292a6d58544e2afea5445ceaf96cf327da15c7eeecbd4c4f73c1f7aa0,2026-09-16,signal_close_then_next_daily_open,2026-09-16,-0.5777216432697444,2,SHORT,2026-09-15,35183449047,a4b3d15beb515fe84a76fd353938c082f9c88f8ade693841fbc7cec3bb412a71,Delta_LS_50_50,APT,-0.1,0.0462181916511681
a2b7653af8b3d0c6e296e78f85ddeddeaf575b9601419f141daa307a47a9288a,2026-09-16,signal_close_then_next_daily_open,2026-09-16,-0.744230248875708,2,SHORT,2026-09-15,35183449047,a4b3d15beb515fe84a76fd353938c082f9c88f8ade693841fbc7cec3bb412a71,Delta_LS_50_50,SUI,-0.1,0.04740384714566287
b1aab8d76429d428f380944b464b00bdf1b753525a7de0f18dd52d54b744ef0b,2026-09-16,signal_close_then_next_daily_open,2026-09-16,-1.0613848782071575,2,SHORT,2026-09-15,35183449047,a4b3d15beb515fe84a76fd353938c082f9c88f8ade693841fbc7cec3bb412a71,Delta_LS_50_50,BCH,-0.1,0.06430374264024696
c71b8849461845b3ae15d0b824efa5c98c9a66280882e08d123ecff2d9cc4407,2026-09-16,signal_close_then_next_daily_open,2026-09-16,2.2129711541502703,2,LONG,2026-09-15,35183449047,a4b3d15beb515fe84a76fd353938c082f9c88f8ade693841fbc7cec3bb412a71,Delta_LS_50_50_StopVol,ARB,0.03796477179153394,0.10536083351071247
c6afe8ebf9c00101a5fce51d825f8e50b23421003b3bbb9030531e223e0f18b5,2026-09-16,signal_close_then_next_daily_open,2026-09-16,1.387146273467473,2,LONG,2026-09-15,35183449047,a4b3d15beb515fe84a76fd353938c082f9c88f8ade693841fbc7cec3bb412a71,Delta_LS_50_50_StopVol,NEAR,0.07542829900707931,0.05303049455781286
537eb9ef3155d5279d5fbad7dee67618d96f784f56671801a3cca2c05239b124,2026-09-16,signal_close_then_next_daily_open,2026-09-16,0.17786274473589064,2,LONG,2026-09-15,35183449047,a4b3d15beb515fe84a76fd353938c082f9c88f8ade693841fbc7cec3bb412a71,Delta_LS_50_50_StopVol,FIL,0.06294861580793282,0.06354389129388796
5f7544e41f23e0156e2fb6731d3ffff5510dd7de2fb1b92da7a9020d7b11e8f7,2026-09-16,signal_close_then_next_daily_open,2026-09-16,-0.5777216432697444,2,SHORT,2026-09-15,35183449047,a4b3d15beb515fe84a76fd353938c082f9c88f8ade693841fbc7cec3bb412a71,Delta_LS_50_50_StopVol,APT,-0.0865460083377993,0.0462181916511681
9b718b207c2a600d39a25506e3c46eee0618498bf48c1a720cd9ea8d4d4cd743,2026-09-16,signal_close_then_next_daily_open,2026-09-16,-0.744230248875708,2,SHORT,2026-09-15,35183449047,a4b3d15beb515fe84a76fd353938c082f9c88f8ade693841fbc7cec3bb412a71,Delta_LS_50_50_StopVol,SUI,-0.08438133697690764,0.04740384714566287
35ba5d3c43e328d1261969d7aad7bbd567aa22b0d36a62d4389458f3e928a5e1,2026-09-16,signal_close_then_next_daily_open,2026-09-16,-1.0613848782071575,2,SHORT,2026-09-15,35183449047,a4b3d15beb515fe84a76fd353938c082f9c88f8ade693841fbc7cec3bb412a71,Delta_LS_50_50_StopVol,BCH,-0.06220477744784402,0.06430374264024696
659cd534e1dce47cb9e015ac7f703e5c4ed68e28a79cdcf89004776fd0bd6c58,2026-09-17,signal_close_then_next_daily_open,2026-09-17,2.53516796746062,2,LONG,2026-09-16,35307914124,f72ba8db6fc88cb10385e9af5b2ae8780cc700023eb22370e5216b267eccf2a7,Delta_LS_70_30,ARB,0.13999999999999999,0.1063384160552153
57db91a2d00326d53c8ce67054fd8e4604a8261a62b932504ea9ae9763d63f8a,2026-09-17,signal_close_then_next_daily_open,2026-09-17,1.7781402990576154,2,LONG,2026-09-16,35307914124,f72ba8db6fc88cb10385e9af5b2ae8780cc700023eb22370e5216b267eccf2a7,Delta_LS_70_30,NEAR,0.13999999999999999,0.05658034991685614
c98d2282018c53643813427446aa160bd3cd152e14eedc47417e6a070cb45118,2026-09-17,signal_close_then_next_daily_open,2026-09-17,0.190703295279187,2,LONG,2026-09-16,35307914124,f72ba8db6fc88cb10385e9af5b2ae8780cc700023eb22370e5216b267eccf2a7,Delta_LS_70_30,ETH,0.13999999999999999,0.04068331050128378
666531463d38129ce9f63815c79327dbf5e91a5f53b12561b58208b011e3ce34,2026-09-17,signal_close_then_next_daily_open,2026-09-17,-0.39361521755945417,2,SHORT,2026-09-16,35307914124,f72ba8db6fc88cb10385e9af5b2ae8780cc700023eb22370e5216b267eccf2a7,Delta_LS_70_30,OP,-0.06,0.05308639223820621
9a56aed31bbf4abe8ee5eea4457f8f26b67a8637e7332f06d0b23dfc69da848a,2026-09-17,signal_close_then_next_daily_open,2026-09-17,-0.5926928356563682,2,SHORT,2026-09-16,35307914124,f72ba8db6fc88cb10385e9af5b2ae8780cc700023eb22370e5216b267eccf2a7,Delta_LS_70_30,SUI,-0.06,0.047889773847627264
622ca5be501806080ee5af826527fb68a24255033e5d326dec73f86dc992f440,2026-09-17,signal_close_then_next_daily_open,2026-09-17,-0.838622270722932,2,SHORT,2026-09-16,35307914124,f72ba8db6fc88cb10385e9af5b2ae8780cc700023eb22370e5216b267eccf2a7,Delta_LS_70_30,APT,-0.06,0.04605880899938724
cf5d09412b733d94eb2cb3fc05b0d3cea78d152a5499e83f3a92cada870b7330,2026-09-17,signal_close_then_next_daily_open,2026-09-17,-0.9985842876979644,2,SHORT,2026-09-16,35307914124,f72ba8db6fc88cb10385e9af5b2ae8780cc700023eb22370e5216b267eccf2a7,Delta_LS_70_30,BCH,-0.06,0.06437249742151412
9bca0744e4d940b76876be999e328b26bcbb2f7059bfb361c64c76540c079a7c,2026-09-17,signal_close_then_next_daily_open,2026-09-17,2.53516796746062,2,LONG,2026-09-16,35307914124,f72ba8db6fc88cb10385e9af5b2ae8780cc700023eb22370e5216b267eccf2a7,Delta_LS_70_30_StopVol,ARB,0.05266205956173213,0.1063384160552153
ddcf891d3abd0824208920e81013c84b0dc1c728dcc6dda3bb223b32290ed24a,2026-09-17,signal_close_then_next_daily_open,2026-09-17,1.7781402990576154,2,LONG,2026-09-16,35307914124,f72ba8db6fc88cb10385e9af5b2ae8780cc700023eb22370e5216b267eccf2a7,Delta_LS_70_30_StopVol,NEAR,0.0989742906897731,0.05658034991685614
eaa8c44cea682a76ff7a1082b14b16e15debd5d2da8a1b362832de9b1035ac7c,2026-09-17,signal_close_then_next_daily_open,2026-09-17,0.190703295279187,2,LONG,2026-09-16,35307914124,f72ba8db6fc88cb10385e9af5b2ae8780cc700023eb22370e5216b267eccf2a7,Delta_LS_70_30_StopVol,ETH,0.13764858196147262,0.04068331050128378
5823b0b346bd6ee331c594e300db148b7842b25e2b112d57a069929893985550,2026-09-17,signal_close_then_next_daily_open,2026-09-17,-0.39361521755945417,2,SHORT,2026-09-16,35307914124,f72ba8db6fc88cb10385e9af5b2ae8780cc700023eb22370e5216b267eccf2a7,Delta_LS_70_30_StopVol,OP,-0.04520932575773577,0.05308639223820621
2579709db4963309909e4079f70026c8bd3f31c0ff51e39beb64bcb1301b86fd,2026-09-17,signal_close_then_next_daily_open,2026-09-17,-0.5926928356563682,2,SHORT,2026-09-16,35307914124,f72ba8db6fc88cb10385e9af5b2ae8780cc700023eb22370e5216b267eccf2a7,Delta_LS_70_30_StopVol,SUI,-0.050115083183231816,0.047889773847627264
020bde981e685d80043afbceb88718b943a6e1d69ed543ab77f71eb94c8df6fc,2026-09-17,signal_close_then_next_daily_open,2026-09-17,-0.838622270722932,2,SHORT,2026-09-16,35307914124,f72ba8db6fc88cb10385e9af5b2ae8780cc700023eb22370e5216b267eccf2a7,Delta_LS_70_30_StopVol,APT,-0.05210729613160273,0.04605880899938724
4c5d677782e24911bf524c1fb4493134be968fca5b29dd05cbeb69184c7af46e,2026-09-17,signal_close_then_next_daily_open,2026-09-17,-0.9985842876979644,2,SHORT,2026-09-16,35307914124,f72ba8db6fc88cb10385e9af5b2ae8780cc700023eb22370e5216b267eccf2a7,Delta_LS_70_30_StopVol,BCH,-0.037283002775000136,0.06437249742151412
1a69899f2a0954e4b10c9cdf4d9685fab3ab7c2d31a6123c529357f9b0bfe323,2026-09-17,signal_close_then_next_daily_open,2026-09-17,2.53516796746062,2,LONG,2026-09-16,35307914124,f72ba8db6fc88cb10385e9af5b2ae8780cc700023eb22370e5216b267eccf2a7,Delta_LS_50_50,ARB,0.1,0.1063384160552153
02c9afb2d02af241e8f560347f388fa847fee9a2d8db679a217dbcce02f0fe20,2026-09-17,signal_close_then_next_daily_open,2026-09-17,1.7781402990576154,2,LONG,2026-09-16,35307914124,f72ba8db6fc88cb10385e9af5b2ae8780cc700023eb22370e5216b267eccf2a7,Delta_LS_50_50,NEAR,0.1,0.05658034991685614
389468e2a58f525eeb74c7f866049068a346d1e89921a35f87c5269df61265f4,2026-09-17,signal_close_then_next_daily_open,2026-09-17,0.190703295279187,2,LONG,2026-09-16,35307914124,f72ba8db6fc88cb10385e9af5b2ae8780cc700023eb22370e5216b267eccf2a7,Delta_LS_50_50,ETH,0.1,0.04068331050128378
526faa1d7f6fb304cd7a76180001fdb1e443a81d9a5ad97cb6abf49a55d6572a,2026-09-17,signal_close_then_next_daily_open,2026-09-17,-0.39361521755945417,2,SHORT,2026-09-16,35307914124,f72ba8db6fc88cb10385e9af5b2ae8780cc700023eb22370e5216b267eccf2a7,Delta_LS_50_50,OP,-0.1,0.05308639223820621
ef8bfe7914c9e074c73b7bf33d228bc6d8afd13835245c3d77554b860533a709,2026-09-17,signal_close_then_next_daily_open,2026-09-17,-0.5926928356563682,2,SHORT,2026-09-16,35307914124,f72ba8db6fc88cb10385e9af5b2ae8780cc700023eb22370e5216b267eccf2a7,Delta_LS_50_50,SUI,-0.1,0.047889773847627264
4d90f3a2cc9bf3c3f83d5c4f66112fb60768f5bad553b34b1833584a6f41734f,2026-09-17,signal_close_then_next_daily_open,2026-09-17,-0.838622270722932,2,SHORT,2026-09-16,35307914124,f72ba8db6fc88cb10385e9af5b2ae8780cc700023eb22370e5216b267eccf2a7,Delta_LS_50_50,APT,-0.1,0.04605880899938724
f4538b780408220ca4b015ffb17e584c46abce13a602a71db74a69ad757a8d38,2026-09-17,signal_close_then_next_daily_open,2026-09-17,-0.9985842876979644,2,SHORT,2026-09-16,35307914124,f72ba8db6fc88cb10385e9af5b2ae8780cc700023eb22370e5216b267eccf2a7,Delta_LS_50_50,BCH,-0.1,0.06437249742151412
afb811c963158eddeabf89438466d11d6f498826d1be54c78f6ddf0a6d4740e9,2026-09-17,signal_close_then_next_daily_open,2026-09-17,2.53516796746062,2,LONG,2026-09-16,35307914124,f72ba8db6fc88cb10385e9af5b2ae8780cc700023eb22370e5216b267eccf2a7,Delta_LS_50_50_StopVol,ARB,0.037615756829808666,0.1063384160552153
18150d8f27e380654b6548c50b5c340a2df3991126b6c082ecf2530b6243c778,2026-09-17,signal_close_then_next_daily_open,2026-09-17,1.7781402990576154,2,LONG,2026-09-16,35307914124,f72ba8db6fc88cb10385e9af5b2ae8780cc700023eb22370e5216b267eccf2a7,Delta_LS_50_50_StopVol,NEAR,0.07069592192126652,0.05658034991685614
aa55d749fa37f1affa8ac679c02e3d8d5e11319ad8426443dbedcc31ebb61ef3,2026-09-17,signal_close_then_next_daily_open,2026-09-17,0.190703295279187,2,LONG,2026-09-16,35307914124,f72ba8db6fc88cb10385e9af5b2ae8780cc700023eb22370e5216b267eccf2a7,Delta_LS_50_50_StopVol,ETH,0.09832041568676617,0.04068331050128378
b094d324d23a70f050b54d8e5fc0bfaace90479a1d120fe9d8cb25ea1129da24,2026-09-17,signal_close_then_next_daily_open,2026-09-17,-0.39361521755945417,2,SHORT,2026-09-16,35307914124,f72ba8db6fc88cb10385e9af5b2ae8780cc700023eb22370e5216b267eccf2a7,Delta_LS_50_50_StopVol,OP,-0.07534887626289295,0.05308639223820621
1eab6dc6c3590f4a7afc18854b7afdb5be9eaba0a1e0f7cc68608dbc7986568c,2026-09-17,signal_close_then_next_daily_open,2026-09-17,-0.5926928356563682,2,SHORT,2026-09-16,35307914124,f72ba8db6fc88cb10385e9af5b2ae8780cc700023eb22370e5216b267eccf2a7,Delta_LS_50_50_StopVol,SUI,-0.0835251386387197,0.047889773847627264
e4c2fa5ad702c75906e4825dbf9f8c1cdbc8efb4d276e4d865e99937447681f3,2026-09-17,signal_close_then_next_daily_open,2026-09-17,-0.838622270722932,2,SHORT,2026-09-16,35307914124,f72ba8db6fc88cb10385e9af5b2ae8780cc700023eb22370e5216b267eccf2a7,Delta_LS_50_50_StopVol,APT,-0.08684549355267124,0.04605880899938724
37342d803e04c5646fa20affeebe5dc53de8968ca65e93c0aabd9849fbe2d339,2026-09-17,signal_close_then_next_daily_open,2026-09-17,-0.9985842876979644,2,SHORT,2026-09-16,35307914124,f72ba8db6fc88cb10385e9af5b2ae8780cc700023eb22370e5216b267eccf2a7,Delta_LS_50_50_StopVol,BCH,-0.06213833795833357,0.06437249742151412
e815f0d128ee0070e13ed1193be2031955271cee95f2bb078d1f6bbe6203ebe2,2026-09-18,signal_close_then_next_daily_open,2026-09-18,2.5082303143739555,2,LONG,2026-09-17,35445869089,d962105ad75fc522b79d8f0a8de5fbcd5efc497d0ed53711020d8818dd467a50,Delta_LS_70_30,NEAR,0.13999999999999999,0.0649707400515901
49c1f1993561eb567f733e04bc5b6c2142ad2064668c40315c0fac0ded430dce,2026-09-18,signal_close_then_next_daily_open,2026-09-18,1.9091038996031315,2,LONG,2026-09-17,35445869089,d962105ad75fc522b79d8f0a8de5fbcd5efc497d0ed53711020d8818dd467a50,Delta_LS_70_30,ARB,0.13999999999999999,0.10625568274337203
f48ee4b8dcb0fa3740dacf125f16d868b1dff8cc319d803022a7a2dd934331aa,2026-09-18,signal_close_then_next_daily_open,2026-09-18,0.332354415292198,2,LONG,2026-09-17,35445869089,d962105ad75fc522b79d8f0a8de5fbcd5efc497d0ed53711020d8818dd467a50,Delta_LS_70_30,DOT,0.13999999999999999,0.056983655661938346
d485a4f6bf67e9ea507dcf5ea8d7da496e3dbf324627b3a5b959b8e338520f73,2026-09-18,signal_close_then_next_daily_open,2026-09-18,-0.5432691741360649,2,SHORT,2026-09-17,35445869089,d962105ad75fc522b79d8f0a8de5fbcd5efc497d0ed53711020d8818dd467a50,Delta_LS_70_30,ADA,-0.06,0.04695539955754402
8cc393341f611a1707d7c3e13c5e649c8e35f820e2b6351c7cd8c4a3111101b6,2026-09-18,signal_close_then_next_daily_open,2026-09-18,-0.5505603033182402,2,SHORT,2026-09-17,35445869089,d962105ad75fc522b79d8f0a8de5fbcd5efc497d0ed53711020d8818dd467a50,Delta_LS_70_30,BCH,-0.06,0.06505823581977134
791d7e4842b9e9ff02f88bacf3e86e9f63e1a00f9659639dd8045f966095df87,2026-09-18,signal_close_then_next_daily_open,2026-09-18,-0.5934898735096472,2,SHORT,2026-09-17,35445869089,d962105ad75fc522b79d8f0a8de5fbcd5efc497d0ed53711020d8818dd467a50,Delta_LS_70_30,APT,-0.06,0.0481158815159152
cb6937e6739bf6b017413a8e47d0bba1f44106171089abe5d1e514c1d071ab92,2026-09-18,signal_close_then_next_daily_open,2026-09-18,2.5082303143739555,2,LONG,2026-09-17,35445869089,d962105ad75fc522b79d8f0a8de5fbcd5efc497d0ed53711020d8818dd467a50,Delta_LS_70_30_StopVol,NEAR,0.0861926460365591,0.0649707400515901
dd350fec6b3a30701ac0aafb12b3fdbabbbc664d8a6c8b0bd8070716219b7272,2026-09-18,signal_close_then_next_daily_open,2026-09-18,1.9091038996031315,2,LONG,2026-09-17,35445869089,d962105ad75fc522b79d8f0a8de5fbcd5efc497d0ed53711020d8818dd467a50,Delta_LS_70_30_StopVol,ARB,0.05270306354837585,0.10625568274337203
7820ebe6319501a55b4b5233ad846cf9895e866484d91e86b6c3c89fc3441c2f,2026-09-18,signal_close_then_next_daily_open,2026-09-18,0.332354415292198,2,LONG,2026-09-17,35445869089,d962105ad75fc522b79d8f0a8de5fbcd5efc497d0ed53711020d8818dd467a50,Delta_LS_70_30_StopVol,DOT,0.09827379333510299,0.056983655661938346
68cf8330c479dd74ff9ab3fa6e1876fb8e096d58d93acb96f4def096cfdeabf0,2026-09-18,signal_close_then_next_daily_open,2026-09-18,-0.5432691741360649,2,SHORT,2026-09-17,35445869089,d962105ad75fc522b79d8f0a8de5fbcd5efc497d0ed53711020d8818dd467a50,Delta_LS_70_30_StopVol,ADA,-0.0511123326095605,0.04695539955754402
0245a694ff6ba7a29aaeff8b94e667a89db035ce46e711b06f90a97130364cc1,2026-09-18,signal_close_then_next_daily_open,2026-09-18,-0.5505603033182402,2,SHORT,2026-09-17,35445869089,d962105ad75fc522b79d8f0a8de5fbcd5efc497d0ed53711020d8818dd467a50,Delta_LS_70_30_StopVol,BCH,-0.03689002583237332,0.06505823581977134
fd0f78c8b9b11f92517a68752711964f5d3855b14d3c478752bec36c68c80276,2026-09-18,signal_close_then_next_daily_open,2026-09-18,-0.5934898735096472,2,SHORT,2026-09-17,35445869089,d962105ad75fc522b79d8f0a8de5fbcd5efc497d0ed53711020d8818dd467a50,Delta_LS_70_30_StopVol,APT,-0.04987958080340181,0.0481158815159152
c99dec1b8e6c0843006a0036ba03ff753955277bce64ddfadbad6423c774ee01,2026-09-18,signal_close_then_next_daily_open,2026-09-18,2.5082303143739555,2,LONG,2026-09-17,35445869089,d962105ad75fc522b79d8f0a8de5fbcd5efc497d0ed53711020d8818dd467a50,Delta_LS_50_50,NEAR,0.1,0.0649707400515901
b98641d66fe07dbc2db4c122494b56577f394155a56e3b22b9e36dda34b065a2,2026-09-18,signal_close_then_next_daily_open,2026-09-18,1.9091038996031315,2,LONG,2026-09-17,35445869089,d962105ad75fc522b79d8f0a8de5fbcd5efc497d0ed53711020d8818dd467a50,Delta_LS_50_50,ARB,0.1,0.10625568274337203
94ddaf6a59bd930e84993b6f9db4e88cda94990bbbe619e74cd0a0d0560586ce,2026-09-18,signal_close_then_next_daily_open,2026-09-18,0.332354415292198,2,LONG,2026-09-17,35445869089,d962105ad75fc522b79d8f0a8de5fbcd5efc497d0ed53711020d8818dd467a50,Delta_LS_50_50,DOT,0.1,0.056983655661938346
5cd283a7b310d7a8dc5b365766bdb4abe70794b4e6fe7d08e996aab4c052366d,2026-09-18,signal_close_then_next_daily_open,2026-09-18,-0.5432691741360649,2,SHORT,2026-09-17,35445869089,d962105ad75fc522b79d8f0a8de5fbcd5efc497d0ed53711020d8818dd467a50,Delta_LS_50_50,ADA,-0.1,0.04695539955754402
a225b6a2542c0265bbe4cceec05d61f0b1e73355d35f69835e1aed156237a9ce,2026-09-18,signal_close_then_next_daily_open,2026-09-18,-0.5505603033182402,2,SHORT,2026-09-17,35445869089,d962105ad75fc522b79d8f0a8de5fbcd5efc497d0ed53711020d8818dd467a50,Delta_LS_50_50,BCH,-0.1,0.06505823581977134
3ce2109315206b4df23db5779755cdb0603952d131d665243ae67287b8cf4a1c,2026-09-18,signal_close_then_next_daily_open,2026-09-18,-0.5934898735096472,2,SHORT,2026-09-17,35445869089,d962105ad75fc522b79d8f0a8de5fbcd5efc497d0ed53711020d8818dd467a50,Delta_LS_50_50,APT,-0.1,0.0481158815159152
373097f7bab748880a2b5927927ba1dcddb372824f756dd4f978ed44c10121bb,2026-09-18,signal_close_then_next_daily_open,2026-09-18,2.5082303143739555,2,LONG,2026-09-17,35445869089,d962105ad75fc522b79d8f0a8de5fbcd5efc497d0ed53711020d8818dd467a50,Delta_LS_50_50_StopVol,NEAR,0.06156617574039937,0.0649707400515901
993b559ddb2c36f80220e5b4d9e5bf94058f04abe342c69db7e0cbf6b4e13f89,2026-09-18,signal_close_then_next_daily_open,2026-09-18,1.9091038996031315,2,LONG,2026-09-17,35445869089,d962105ad75fc522b79d8f0a8de5fbcd5efc497d0ed53711020d8818dd467a50,Delta_LS_50_50_StopVol,ARB,0.037645045391697045,0.10625568274337203
9ab67f6cf745778c668a23baf1b05ac1d2e90a3bee71dbe12df6fae947c4f721,2026-09-18,signal_close_then_next_daily_open,2026-09-18,0.332354415292198,2,LONG,2026-09-17,35445869089,d962105ad75fc522b79d8f0a8de5fbcd5efc497d0ed53711020d8818dd467a50,Delta_LS_50_50_StopVol,DOT,0.07019556666793071,0.056983655661938346
12d9ee451dcb0fbca29a5cd521c4d11e30e2b228651c4bb1cc611727ce2f0eda,2026-09-18,signal_close_then_next_daily_open,2026-09-18,-0.5432691741360649,2,SHORT,2026-09-17,35445869089,d962105ad75fc522b79d8f0a8de5fbcd5efc497d0ed53711020d8818dd467a50,Delta_LS_50_50_StopVol,ADA,-0.08518722101593418,0.04695539955754402
a241e07bb93ff8ee810e349bdbc30c2f07d743a8c6718b6cd15761fe8e699b50,2026-09-18,signal_close_then_next_daily_open,2026-09-18,-0.5505603033182402,2,SHORT,2026-09-17,35445869089,d962105ad75fc522b79d8f0a8de5fbcd5efc497d0ed53711020d8818dd467a50,Delta_LS_50_50_StopVol,BCH,-0.061483376387288874,0.06505823581977134
08686dc28308a8c2b7af0dd8abc00e31377cf83f3cc3efac60843ed0b8ee9d75,2026-09-18,signal_close_then_next_daily_open,2026-09-18,-0.5934898735096472,2,SHORT,2026-09-17,35445869089,d962105ad75fc522b79d8f0a8de5fbcd5efc497d0ed53711020d8818dd467a50,Delta_LS_50_50_StopVol,APT,-0.08313263467233636,0.0481158815159152
b7ec569895616ea806d244c10e77c4185511f478f7e153d76e1fc2b4f65f8537,2026-09-19,signal_close_then_next_daily_open,2026-09-19,2.3245797022615915,2,LONG,2026-09-18,35669466550,ab577b6a8faf085dc9267f11ad196edb0d1f22c3af2dd37a47c154e4877ebba4,Delta_LS_70_30,ARB,0.13999999999999999,0.10971855180391671
dc60f14c59deedd71f20e11223ecffb8157188f47a737eb04da29596875b2d6a,2026-09-19,signal_close_then_next_daily_open,2026-09-19,2.2929861811419974,2,LONG,2026-09-18,35669466550,ab577b6a8faf085dc9267f11ad196edb0d1f22c3af2dd37a47c154e4877ebba4,Delta_LS_70_30,NEAR,0.13999999999999999,0.07113694510296481
8f0f1b89d83c771923e89cdf5c01dacedd71f6ff9fea1ae07ece44ba850d3af2,2026-09-19,signal_close_then_next_daily_open,2026-09-19,0.1680835328643836,2,LONG,2026-09-18,35669466550,ab577b6a8faf085dc9267f11ad196edb0d1f22c3af2dd37a47c154e4877ebba4,Delta_LS_70_30,FIL,0.13999999999999999,0.06501981074176678
c23b58bd8da16839c89020ddd6aac33b319350611df49ec0e25c6ad7de8fd674,2026-09-19,signal_close_then_next_daily_open,2026-09-19,0.11818554457056961,2,LONG,2026-09-18,35669466550,ab577b6a8faf085dc9267f11ad196edb0d1f22c3af2dd37a47c154e4877ebba4,Delta_LS_70_30,DOT,0.13999999999999999,0.05698755047590609
87605d479b5c5ef1a47d40a316f99dd7e445a34ad61c066c0d2854398ed41e23,2026-09-19,signal_close_then_next_daily_open,2026-09-19,-0.48970082077840715,2,SHORT,2026-09-18,35669466550,ab577b6a8faf085dc9267f11ad196edb0d1f22c3af2dd37a47c154e4877ebba4,Delta_LS_70_30,DOGE,-0.06,0.04299939393428523
b14d5ee99fd8a38666298aeacadb0f79863de3d34915936cc07b2602bb28bae3,2026-09-19,signal_close_then_next_daily_open,2026-09-19,-0.4982510764990451,2,SHORT,2026-09-18,35669466550,ab577b6a8faf085dc9267f11ad196edb0d1f22c3af2dd37a47c154e4877ebba4,Delta_LS_70_30,XRP,-0.06,0.05202226449470453
2fc98bca65b0b8443b0ad099e85a1b799750950945e1e9f37bea0533286a4b1f,2026-09-19,signal_close_then_next_daily_open,2026-09-19,-0.5356183474889014,2,SHORT,2026-09-18,35669466550,ab577b6a8faf085dc9267f11ad196edb0d1f22c3af2dd37a47c154e4877ebba4,Delta_LS_70_30,BCH,-0.06,0.06649099013657227
faac153cbc73ac98992ebefc36d1c708064f97018fad96ccd32ed02992f285a4,2026-09-19,signal_close_then_next_daily_open,2026-09-19,2.3245797022615915,2,LONG,2026-09-18,35669466550,ab577b6a8faf085dc9267f11ad196edb0d1f22c3af2dd37a47c154e4877ebba4,Delta_LS_70_30_StopVol,ARB,0.051039682058582295,0.10971855180391671
9c715fd364b64da572274d6044765c287573c356d71a8c3ae03df14c1c580ffe,2026-09-19,signal_close_then_next_daily_open,2026-09-19,2.2929861811419974,2,LONG,2026-09-18,35669466550,ab577b6a8faf085dc9267f11ad196edb0d1f22c3af2dd37a47c154e4877ebba4,Delta_LS_70_30_StopVol,NEAR,0.07872140126195278,0.07113694510296481
f1179cdd24a3e2fc04c474fc97ba94f461ce90090a0f6686aa3ecdd9b4ca9f04,2026-09-19,signal_close_then_next_daily_open,2026-09-19,0.1680835328643836,2,LONG,2026-09-18,35669466550,ab577b6a8faf085dc9267f11ad196edb0d1f22c3af2dd37a47c154e4877ebba4,Delta_LS_70_30_StopVol,FIL,0.08612759612975505,0.06501981074176678
19138bf7cf77afecdabf3e59a3e60900be89e16411a228fa33149ae9114275d8,2026-09-19,signal_close_then_next_daily_open,2026-09-19,0.11818554457056961,2,LONG,2026-09-18,35669466550,ab577b6a8faf085dc9267f11ad196edb0d1f22c3af2dd37a47c154e4877ebba4,Delta_LS_70_30_StopVol,DOT,0.09826707681298985,0.05698755047590609
16227344717d9005d7edd7481953409ee9403a0e2d9b49923971d116834101ba,2026-09-19,signal_close_then_next_daily_open,2026-09-19,-0.48970082077840715,2,SHORT,2026-09-18,35669466550,ab577b6a8faf085dc9267f11ad196edb0d1f22c3af2dd37a47c154e4877ebba4,Delta_LS_70_30_StopVol,DOGE,-0.05581474017210226,0.04299939393428523
feee10ccb4786f343a2431063e80d6687c134db1ba55cca7f698190ac69b8ce0,2026-09-19,signal_close_then_next_daily_open,2026-09-19,-0.4982510764990451,2,SHORT,2026-09-18,35669466550,ab577b6a8faf085dc9267f11ad196edb0d1f22c3af2dd37a47c154e4877ebba4,Delta_LS_70_30_StopVol,XRP,-0.046134093225493895,0.05202226449470453
8091b591108ea92d633cd666f327cfdc1a2a4ea3e27d22ffddfa78702a4fab1c,2026-09-19,signal_close_then_next_daily_open,2026-09-19,-0.5356183474889014,2,SHORT,2026-09-18,35669466550,ab577b6a8faf085dc9267f11ad196edb0d1f22c3af2dd37a47c154e4877ebba4,Delta_LS_70_30_StopVol,BCH,-0.03609511597090686,0.06649099013657227
b24fccd682d45634b23b4f33f7ad0e35399489058bc96331c102099ce87bbfac,2026-09-19,signal_close_then_next_daily_open,2026-09-19,2.3245797022615915,2,LONG,2026-09-18,35669466550,ab577b6a8faf085dc9267f11ad196edb0d1f22c3af2dd37a47c154e4877ebba4,Delta_LS_50_50,ARB,0.1,0.10971855180391671
3ae72d0c361da89acd6595e2ce93a49507c3bfc0f42c586202fe2cb2e1fd7294,2026-09-19,signal_close_then_next_daily_open,2026-09-19,2.2929861811419974,2,LONG,2026-09-18,35669466550,ab577b6a8faf085dc9267f11ad196edb0d1f22c3af2dd37a47c154e4877ebba4,Delta_LS_50_50,NEAR,0.1,0.07113694510296481
fca361a34065014c68f75581fd31f8e815fa517c9317997535141f1f057b3433,2026-09-19,signal_close_then_next_daily_open,2026-09-19,0.1680835328643836,2,LONG,2026-09-18,35669466550,ab577b6a8faf085dc9267f11ad196edb0d1f22c3af2dd37a47c154e4877ebba4,Delta_LS_50_50,FIL,0.1,0.06501981074176678
b1311aacf035219a979b2c937bef5cb2aa935870008462a9463a1c8130d6596a,2026-09-19,signal_close_then_next_daily_open,2026-09-19,0.11818554457056961,2,LONG,2026-09-18,35669466550,ab577b6a8faf085dc9267f11ad196edb0d1f22c3af2dd37a47c154e4877ebba4,Delta_LS_50_50,DOT,0.1,0.05698755047590609
64b562fc687b8313c80a23498f0b36081b13d04044aadd66ff27b10513aa68c9,2026-09-19,signal_close_then_next_daily_open,2026-09-19,-0.48970082077840715,2,SHORT,2026-09-18,35669466550,ab577b6a8faf085dc9267f11ad196edb0d1f22c3af2dd37a47c154e4877ebba4,Delta_LS_50_50,DOGE,-0.1,0.04299939393428523
58cb621f1459a4dd14bf806d09e744532f3cfc01cde41d1de58a0924a7b4dba3,2026-09-19,signal_close_then_next_daily_open,2026-09-19,-0.4982510764990451,2,SHORT,2026-09-18,35669466550,ab577b6a8faf085dc9267f11ad196edb0d1f22c3af2dd37a47c154e4877ebba4,Delta_LS_50_50,XRP,-0.1,0.05202226449470453
65f7d8fbccb43f60bc6d35868f4313a66c44081668c2251ed22418d8a981e0d8,2026-09-19,signal_close_then_next_daily_open,2026-09-19,-0.5356183474889014,2,SHORT,2026-09-18,35669466550,ab577b6a8faf085dc9267f11ad196edb0d1f22c3af2dd37a47c154e4877ebba4,Delta_LS_50_50,BCH,-0.1,0.06649099013657227
31d1ffd8e5d522f04d1532e1f339350abe2931668415c0081957d0bf679cdac9,2026-09-19,signal_close_then_next_daily_open,2026-09-19,2.3245797022615915,2,LONG,2026-09-18,35669466550,ab577b6a8faf085dc9267f11ad196edb0d1f22c3af2dd37a47c154e4877ebba4,Delta_LS_50_50_StopVol,ARB,0.03645691575613021,0.10971855180391671
2e76328c43030eaeb1902f57a6a007b2a94096712793eb07616b5f8a974f40a3,2026-09-19,signal_close_then_next_daily_open,2026-09-19,2.2929861811419974,2,LONG,2026-09-18,35669466550,ab577b6a8faf085dc9267f11ad196edb0d1f22c3af2dd37a47c154e4877ebba4,Delta_LS_50_50_StopVol,NEAR,0.056229572329966275,0.07113694510296481
97de3366c67befce976dddff9f696aca3d9994200b5c69d25ec857260bfef379,2026-09-19,signal_close_then_next_daily_open,2026-09-19,0.1680835328643836,2,LONG,2026-09-18,35669466550,ab577b6a8faf085dc9267f11ad196edb0d1f22c3af2dd37a47c154e4877ebba4,Delta_LS_50_50_StopVol,FIL,0.06151971152125362,0.06501981074176678
e54a29f03a8bc67586a594f32690f0d5cbf1cd30a8d3e58ccda64ef9a2b62341,2026-09-19,signal_close_then_next_daily_open,2026-09-19,0.11818554457056961,2,LONG,2026-09-18,35669466550,ab577b6a8faf085dc9267f11ad196edb0d1f22c3af2dd37a47c154e4877ebba4,Delta_LS_50_50_StopVol,DOT,0.07019076915213561,0.05698755047590609
09d46f0a7eaca13bb27e844645628420543e965d44400b5719f73d608a76a0ae,2026-09-19,signal_close_then_next_daily_open,2026-09-19,-0.48970082077840715,2,SHORT,2026-09-18,35669466550,ab577b6a8faf085dc9267f11ad196edb0d1f22c3af2dd37a47c154e4877ebba4,Delta_LS_50_50_StopVol,DOGE,-0.09302456695350377,0.04299939393428523
c7f2ab065a8d9712d2414d286ac0e4d9e7a7ecef7f0429f052373acdc9654cc3,2026-09-19,signal_close_then_next_daily_open,2026-09-19,-0.4982510764990451,2,SHORT,2026-09-18,35669466550,ab577b6a8faf085dc9267f11ad196edb0d1f22c3af2dd37a47c154e4877ebba4,Delta_LS_50_50_StopVol,XRP,-0.07689015537582317,0.05202226449470453
465e250488a02aaf5ab9323af47c2f33d8b6e0cc98c0f6a9814200f71926c38d,2026-09-19,signal_close_then_next_daily_open,2026-09-19,-0.5356183474889014,2,SHORT,2026-09-18,35669466550,ab577b6a8faf085dc9267f11ad196edb0d1f22c3af2dd37a47c154e4877ebba4,Delta_LS_50_50_StopVol,BCH,-0.0601585266181781,0.06649099013657227
126879de5883da384ea0523f922889be6750f502ae488bdcc3594cc6b896440f,2026-09-20,signal_close_then_next_daily_open,2026-09-20,2.467381735965977,2,LONG,2026-09-19,35670077532,4f03c35bec293149c11c6cf4215db14e50a85ab91d827a238d524f39b9c48293,Delta_LS_70_30,NEAR,0.13999999999999999,0.0724407811364494
295dd0ea2b3611f183f5813400efe56ebd5634ba78482138347f0188ba3d903c,2026-09-20,signal_close_then_next_daily_open,2026-09-20,1.3755763746949263,2,LONG,2026-09-19,35670077532,4f03c35bec293149c11c6cf4215db14e50a85ab91d827a238d524f39b9c48293,Delta_LS_70_30,ARB,0.13999999999999999,0.11131909819640078
e4083b00b128b5fb00f1be7454c54af5741af4fba727c571e7d4a10d3970b820,2026-09-20,signal_close_then_next_daily_open,2026-09-20,0.23542173427115778,2,LONG,2026-09-19,35670077532,4f03c35bec293149c11c6cf4215db14e50a85ab91d827a238d524f39b9c48293,Delta_LS_70_30,FIL,0.13999999999999999,0.06335385243716532
d47ce14f2583f9171bd8b9a7eb86e40b8f07de4599b5dc468421b9ba11098d92,2026-09-20,signal_close_then_next_daily_open,2026-09-20,0.14055999620473164,2,LONG,2026-09-19,35670077532,4f03c35bec293149c11c6cf4215db14e50a85ab91d827a238d524f39b9c48293,Delta_LS_70_30,DOT,0.13999999999999999,0.05593417502651223
80e439e46e30d6fabd286e9e80fb836eaf34a767cdc876b9e79f7f0c2b4450ec,2026-09-20,signal_close_then_next_daily_open,2026-09-20,-0.46256555626998286,2,SHORT,2026-09-19,35670077532,4f03c35bec293149c11c6cf4215db14e50a85ab91d827a238d524f39b9c48293,Delta_LS_70_30,LINK,-0.06,0.04256981411473219
cd67b3e54efde8d827dcd28cdccacc2b8e028a4247ccaa88218e4be7ec99cc57,2026-09-20,signal_close_then_next_daily_open,2026-09-20,-0.617365169494994,2,SHORT,2026-09-19,35670077532,4f03c35bec293149c11c6cf4215db14e50a85ab91d827a238d524f39b9c48293,Delta_LS_70_30,XRP,-0.06,0.045095420942148176
3448f7836b5911434b52f3bf8820772f83ad6cb3d2dbfa5b9016eddf89d59343,2026-09-20,signal_close_then_next_daily_open,2026-09-20,-0.6295874843550396,2,SHORT,2026-09-19,35670077532,4f03c35bec293149c11c6cf4215db14e50a85ab91d827a238d524f39b9c48293,Delta_LS_70_30,BCH,-0.06,0.06614191446486624
fb0f8fa245a1df398dad039c0031ae4decd4837af968e72974a662ff661fcf0e,2026-09-20,signal_close_then_next_daily_open,2026-09-20,-0.678289106274593,2,SHORT,2026-09-19,35670077532,4f03c35bec293149c11c6cf4215db14e50a85ab91d827a238d524f39b9c48293,Delta_LS_70_30,DOGE,-0.06,0.041146126049467886
52d96acecf1b310f9e0bb5aa28fd250914b18b5d4b5ec7a996c55ac2da65471e,2026-09-20,signal_close_then_next_daily_open,2026-09-20,-0.6821634624426945,2,SHORT,2026-09-19,35670077532,4f03c35bec293149c11c6cf4215db14e50a85ab91d827a238d524f39b9c48293,Delta_LS_70_30,TRX,-0.06,0.011157598304546575
c74e9db961e67c8cd8568526b67cf161f7739ff3bfc5b7c8a01af57b0e5e6d56,2026-09-20,signal_close_then_next_daily_open,2026-09-20,2.467381735965977,2,LONG,2026-09-19,35670077532,4f03c35bec293149c11c6cf4215db14e50a85ab91d827a238d524f39b9c48293,Delta_LS_70_30_StopVol,NEAR,0.07730452256515352,0.0724407811364494
bbb3c2e1eda53cb6d6da1e53afbab1a3f23511adc07a661e50f61681082cac3f,2026-09-20,signal_close_then_next_daily_open,2026-09-20,1.3755763746949263,2,LONG,2026-09-19,35670077532,4f03c35bec293149c11c6cf4215db14e50a85ab91d827a238d524f39b9c48293,Delta_LS_70_30_StopVol,ARB,0.05030583332717891,0.11131909819640078
b9251cd25bf624be09991a6c61dc9f56ea8f8535b906cbb9e4cf969575cc70fd,2026-09-20,signal_close_then_next_daily_open,2026-09-20,0.23542173427115778,2,LONG,2026-09-19,35670077532,4f03c35bec293149c11c6cf4215db14e50a85ab91d827a238d524f39b9c48293,Delta_LS_70_30_StopVol,FIL,0.08839241473995775,0.06335385243716532
f206cfe0fe17f596ea0cb6ec7e45246d7cf2497da224e8800b5467aa870082f0,2026-09-20,signal_close_then_next_daily_open,2026-09-20,0.14055999620473164,2,LONG,2026-09-19,35670077532,4f03c35bec293149c11c6cf4215db14e50a85ab91d827a238d524f39b9c48293,Delta_LS_70_30_StopVol,DOT,0.10011768292543255,0.05593417502651223
fcd19b18ecf34a8e57f15668c639ee5a071eb69d480f15328c5bd240cfcf4bc9,2026-09-20,signal_close_then_next_daily_open,2026-09-20,-0.46256555626998286,2,SHORT,2026-09-19,35670077532,4f03c35bec293149c11c6cf4215db14e50a85ab91d827a238d524f39b9c48293,Delta_LS_70_30_StopVol,LINK,-0.05637797697522547,0.04256981411473219
c535e99dce14f6e22d85f5c3086da0e643fa1432490241c25415a694062b7e88,2026-09-20,signal_close_then_next_daily_open,2026-09-20,-0.617365169494994,2,SHORT,2026-09-19,35670077532,4f03c35bec293149c11c6cf4215db14e50a85ab91d827a238d524f39b9c48293,Delta_LS_70_30_StopVol,XRP,-0.05322048114550038,0.045095420942148176
44c34eecb06889450176f6fa5b2357d7fc3471aacf6aaabf7a43931e67e13b09,2026-09-20,signal_close_then_next_daily_open,2026-09-20,-0.6295874843550396,2,SHORT,2026-09-19,35670077532,4f03c35bec293149c11c6cf4215db14e50a85ab91d827a238d524f39b9c48293,Delta_LS_70_30_StopVol,BCH,-0.03628561434028115,0.06614191446486624
b67b06a1bd7f98e25f18c67a6ec0459985c2adf98854d8bf0cf791f41655b586,2026-09-20,signal_close_then_next_daily_open,2026-09-20,-0.678289106274593,2,SHORT,2026-09-19,35670077532,4f03c35bec293149c11c6cf4215db14e50a85ab91d827a238d524f39b9c48293,Delta_LS_70_30_StopVol,DOGE,-0.05832869896705713,0.041146126049467886
4651174f5bab25e0ef2bcab12edbefeaa2f86e4a70dc3ce8bac81fd0d2dcd30a,2026-09-20,signal_close_then_next_daily_open,2026-09-20,-0.6821634624426945,2,SHORT,2026-09-19,35670077532,4f03c35bec293149c11c6cf4215db14e50a85ab91d827a238d524f39b9c48293,Delta_LS_70_30_StopVol,TRX,-0.06,0.011157598304546575
e76b2cbbf28bc24608b976b7c29dbee55315ddf9f7737d3e3828bfc7070eeab5,2026-09-20,signal_close_then_next_daily_open,2026-09-20,2.467381735965977,2,LONG,2026-09-19,35670077532,4f03c35bec293149c11c6cf4215db14e50a85ab91d827a238d524f39b9c48293,Delta_LS_50_50,NEAR,0.1,0.0724407811364494
58e6370f40f0ef3a292bb22624b451064a30b1c9b7b653e7d242af8bfc2b304a,2026-09-20,signal_close_then_next_daily_open,2026-09-20,1.3755763746949263,2,LONG,2026-09-19,35670077532,4f03c35bec293149c11c6cf4215db14e50a85ab91d827a238d524f39b9c48293,Delta_LS_50_50,ARB,0.1,0.11131909819640078
9b8399dae1ad30a839a8841b36dbebabb5a1a23986aa0fb963f69a3e0a3daadf,2026-09-20,signal_close_then_next_daily_open,2026-09-20,0.23542173427115778,2,LONG,2026-09-19,35670077532,4f03c35bec293149c11c6cf4215db14e50a85ab91d827a238d524f39b9c48293,Delta_LS_50_50,FIL,0.1,0.06335385243716532
e31d7b75455e10873e7d3e979ae06957b1ae1f4c791761d8b4f60276f4bd3d28,2026-09-20,signal_close_then_next_daily_open,2026-09-20,0.14055999620473164,2,LONG,2026-09-19,35670077532,4f03c35bec293149c11c6cf4215db14e50a85ab91d827a238d524f39b9c48293,Delta_LS_50_50,DOT,0.1,0.05593417502651223
70cdceabb8e4e9797945c0385cd8e8dfd559ba83e193f7586bbeb29c37d12dc8,2026-09-20,signal_close_then_next_daily_open,2026-09-20,-0.46256555626998286,2,SHORT,2026-09-19,35670077532,4f03c35bec293149c11c6cf4215db14e50a85ab91d827a238d524f39b9c48293,Delta_LS_50_50,LINK,-0.1,0.04256981411473219
07267c50af16ab2b6087bb3687c39e4e4e134d867906273f0cf3be8e76c87ba4,2026-09-20,signal_close_then_next_daily_open,2026-09-20,-0.617365169494994,2,SHORT,2026-09-19,35670077532,4f03c35bec293149c11c6cf4215db14e50a85ab91d827a238d524f39b9c48293,Delta_LS_50_50,XRP,-0.1,0.045095420942148176
927b8490024fdc37f04f0ce553684ba88980105fae2f2d6f94142180a9e270fa,2026-09-20,signal_close_then_next_daily_open,2026-09-20,-0.6295874843550396,2,SHORT,2026-09-19,35670077532,4f03c35bec293149c11c6cf4215db14e50a85ab91d827a238d524f39b9c48293,Delta_LS_50_50,BCH,-0.1,0.06614191446486624
5793925349c53cfabef2b958009f41e526789b897c019a2623ff8d60bc699f45,2026-09-20,signal_close_then_next_daily_open,2026-09-20,-0.678289106274593,2,SHORT,2026-09-19,35670077532,4f03c35bec293149c11c6cf4215db14e50a85ab91d827a238d524f39b9c48293,Delta_LS_50_50,DOGE,-0.1,0.041146126049467886
7cbf9b1b8cb8742a815cacdad17347798a602c2c8170a6e0f8209a9d93147ada,2026-09-20,signal_close_then_next_daily_open,2026-09-20,-0.6821634624426945,2,SHORT,2026-09-19,35670077532,4f03c35bec293149c11c6cf4215db14e50a85ab91d827a238d524f39b9c48293,Delta_LS_50_50,TRX,-0.1,0.011157598304546575
d3215d2305bad27e4842c522453e7cea0e2e73feeddc68a10988420c7bf33f1e,2026-09-20,signal_close_then_next_daily_open,2026-09-20,2.467381735965977,2,LONG,2026-09-19,35670077532,4f03c35bec293149c11c6cf4215db14e50a85ab91d827a238d524f39b9c48293,Delta_LS_50_50_StopVol,NEAR,0.055217516117966804,0.0724407811364494
d0efb6a6e2d6b6d3c24fc36796f515c45d14e0961712625486aede15ba080192,2026-09-20,signal_close_then_next_daily_open,2026-09-20,1.3755763746949263,2,LONG,2026-09-19,35670077532,4f03c35bec293149c11c6cf4215db14e50a85ab91d827a238d524f39b9c48293,Delta_LS_50_50_StopVol,ARB,0.03593273809084208,0.11131909819640078
cd3e466c2d9e828627391419066a69618fc01406a7b55ca58ee8bb4daf2796d2,2026-09-20,signal_close_then_next_daily_open,2026-09-20,0.23542173427115778,2,LONG,2026-09-19,35670077532,4f03c35bec293149c11c6cf4215db14e50a85ab91d827a238d524f39b9c48293,Delta_LS_50_50_StopVol,FIL,0.06313743909996983,0.06335385243716532
7740afcd0cb6b5817d17ba5c60f050a088dd23f2ea991cd1bf5d6aa326136c16,2026-09-20,signal_close_then_next_daily_open,2026-09-20,0.14055999620473164,2,LONG,2026-09-19,35670077532,4f03c35bec293149c11c6cf4215db14e50a85ab91d827a238d524f39b9c48293,Delta_LS_50_50_StopVol,DOT,0.07151263066102326,0.05593417502651223
9431883e5a320a4eb66e2a2f8af32f21266229ccd92df2894481776a47b78ca6,2026-09-20,signal_close_then_next_daily_open,2026-09-20,-0.46256555626998286,2,SHORT,2026-09-19,35670077532,4f03c35bec293149c11c6cf4215db14e50a85ab91d827a238d524f39b9c48293,Delta_LS_50_50_StopVol,LINK,-0.09396329495870913,0.04256981411473219
ac675d56d79957f18dfe6eabb35529abd5b41315e455bb8a94c2d10b787a4ea8,2026-09-20,signal_close_then_next_daily_open,2026-09-20,-0.617365169494994,2,SHORT,2026-09-19,35670077532,4f03c35bec293149c11c6cf4215db14e50a85ab91d827a238d524f39b9c48293,Delta_LS_50_50_StopVol,XRP,-0.0887008019091673,0.045095420942148176
5645d91cb4fa07d9b38c5891991041210f0d687ae1545ffaf995b4913dcfd4ec,2026-09-20,signal_close_then_next_daily_open,2026-09-20,-0.6295874843550396,2,SHORT,2026-09-19,35670077532,4f03c35bec293149c11c6cf4215db14e50a85ab91d827a238d524f39b9c48293,Delta_LS_50_50_StopVol,BCH,-0.06047602390046859,0.06614191446486624
6772ef3aa55b602d3426b30d1d7ef48e9bedd89e097028554a08d5ec7acd81b4,2026-09-20,signal_close_then_next_daily_open,2026-09-20,-0.678289106274593,2,SHORT,2026-09-19,35670077532,4f03c35bec293149c11c6cf4215db14e50a85ab91d827a238d524f39b9c48293,Delta_LS_50_50_StopVol,DOGE,-0.09721449827842855,0.041146126049467886
9098ec22bf9f010a8e672b6c2a1bb2be04234c82f9613bf34e1ec30069e41622,2026-09-20,signal_close_then_next_daily_open,2026-09-20,-0.6821634624426945,2,SHORT,2026-09-19,35670077532,4f03c35bec293149c11c6cf4215db14e50a85ab91d827a238d524f39b9c48293,Delta_LS_50_50_StopVol,TRX,-0.1,0.011157598304546575
bf5b143b7d128a7e3ada2fc56e7287769bc713ea7e4125af8b2c388843d7ecaf,2026-09-21,signal_close_then_next_daily_open,2026-09-21,2.565629516748423,2,LONG,2026-09-20,35670707670,838be6adfdb1d433f17a82c4ffb759db57b3bd77469c15315daf4f0d1864a87f,Delta_LS_70_30,NEAR,0.13999999999999999,0.07493092667126164
764b9b1c81bb96f542af75882ada38d0e074229a8510d28e459448a486589ed0,2026-09-21,signal_close_then_next_daily_open,2026-09-21,1.2206319831782382,2,LONG,2026-09-20,35670707670,838be6adfdb1d433f17a82c4ffb759db57b3bd77469c15315daf4f0d1864a87f,Delta_LS_70_30,ARB,0.13999999999999999,0.11104691048707481
e48d14d94ba70ae7d9481f96fd4d7fe0ae0c427d69a12cea89bb12c7be8dd116,2026-09-21,signal_close_then_next_daily_open,2026-09-21,1.135284185382314,2,LONG,2026-09-20,35670707670,838be6adfdb1d433f17a82c4ffb759db57b3bd77469c15315daf4f0d1864a87f,Delta_LS_70_30,AVAX,0.13999999999999999,0.05461688352624199
e2f94078cfb230ae1ea909ae93d50e15e510567fb7bb2374eb1436011dabf11f,2026-09-21,signal_close_then_next_daily_open,2026-09-21,-0.4582295944488787,2,SHORT,2026-09-20,35670707670,838be6adfdb1d433f17a82c4ffb759db57b3bd77469c15315daf4f0d1864a87f,Delta_LS_70_30,TRX,-0.06,0.010697287766962608
ded887b776155df054e752f3ece8052ae460eac6adc539843b7dd517a558856a,2026-09-21,signal_close_then_next_daily_open,2026-09-21,-0.5242669446103768,2,SHORT,2026-09-20,35670707670,838be6adfdb1d433f17a82c4ffb759db57b3bd77469c15315daf4f0d1864a87f,Delta_LS_70_30,XRP,-0.06,0.03620389088795304
45550acbf0f2a83ddc111de2d674705257ff19896bd71cfc50182e0a3d395b0f,2026-09-21,signal_close_then_next_daily_open,2026-09-21,-0.5393949102711885,2,SHORT,2026-09-20,35670707670,838be6adfdb1d433f17a82c4ffb759db57b3bd77469c15315daf4f0d1864a87f,Delta_LS_70_30,LINK,-0.06,0.03649761297192127
f9cac0966010d7788b02337d450b890cff5966f3c48c7c9b60c32ca434288bcd,2026-09-21,signal_close_then_next_daily_open,2026-09-21,-0.5863692585919614,2,SHORT,2026-09-20,35670707670,838be6adfdb1d433f17a82c4ffb759db57b3bd77469c15315daf4f0d1864a87f,Delta_LS_70_30,DOGE,-0.06,0.03236246848655577
5ddbbf0f93dc3b7fb3d03823a6e669caff4acea218b4a95b88a22fb343449d57,2026-09-21,signal_close_then_next_daily_open,2026-09-21,-0.6557675446821949,2,SHORT,2026-09-20,35670707670,838be6adfdb1d433f17a82c4ffb759db57b3bd77469c15315daf4f0d1864a87f,Delta_LS_70_30,BCH,-0.06,0.037810970114439076
35a1ab8b05d6fde333d647acf8108a8e54da5bc00e13fa1974c2a5e602a96ea8,2026-09-21,signal_close_then_next_daily_open,2026-09-21,2.565629516748423,2,LONG,2026-09-20,35670707670,838be6adfdb1d433f17a82c4ffb759db57b3bd77469c15315daf4f0d1864a87f,Delta_LS_70_30_StopVol,NEAR,0.07473549639347747,0.07493092667126164
83c531ad489c50ed18892603133865546a150a55beaf382f858b9815abd6fa4f,2026-09-21,signal_close_then_next_daily_open,2026-09-21,1.2206319831782382,2,LONG,2026-09-20,35670707670,838be6adfdb1d433f17a82c4ffb759db57b3bd77469c15315daf4f0d1864a87f,Delta_LS_70_30_StopVol,ARB,0.05042913823930118,0.11104691048707481
4adca55a038fb874aafe0fce3ac0339ba18579f57eda47ee9fd72de724cf24a1,2026-09-21,signal_close_then_next_daily_open,2026-09-21,1.135284185382314,2,LONG,2026-09-20,35670707670,838be6adfdb1d433f17a82c4ffb759db57b3bd77469c15315daf4f0d1864a87f,Delta_LS_70_30_StopVol,AVAX,0.10253239728168204,0.05461688352624199
530365a787342fcb2a271d2f978d562dad0e14d96ac68a75efb41084ee6d3a5a,2026-09-21,signal_close_then_next_daily_open,2026-09-21,-0.4582295944488787,2,SHORT,2026-09-20,35670707670,838be6adfdb1d433f17a82c4ffb759db57b3bd77469c15315daf4f0d1864a87f,Delta_LS_70_30_StopVol,TRX,-0.06,0.010697287766962608
618566561c552154b56cefbbbe53d4a5a78736e4b23cfde673888df20f40e395,2026-09-21,signal_close_then_next_daily_open,2026-09-21,-0.5242669446103768,2,SHORT,2026-09-20,35670707670,838be6adfdb1d433f17a82c4ffb759db57b3bd77469c15315daf4f0d1864a87f,Delta_LS_70_30_StopVol,XRP,-0.06,0.03620389088795304
78de9fd91575bc701fdb6ed5732fd4eb11c7afa09a050d80f72967347c82f5de,2026-09-21,signal_close_then_next_daily_open,2026-09-21,-0.5393949102711885,2,SHORT,2026-09-20,35670707670,838be6adfdb1d433f17a82c4ffb759db57b3bd77469c15315daf4f0d1864a87f,Delta_LS_70_30_StopVol,LINK,-0.06,0.03649761297192127
82b19aab326a60ba915251e1c2119d1330fa3c89d644f8836afb480dc73b2e5c,2026-09-21,signal_close_then_next_daily_open,2026-09-21,-0.5863692585919614,2,SHORT,2026-09-20,35670707670,838be6adfdb1d433f17a82c4ffb759db57b3bd77469c15315daf4f0d1864a87f,Delta_LS_70_30_StopVol,DOGE,-0.06,0.03236246848655577
6b2ec53e5968dbab4c9a22e78909bd6125be8f0dd2e37f19a0632efda3fbdb1c,2026-09-21,signal_close_then_next_daily_open,2026-09-21,-0.6557675446821949,2,SHORT,2026-09-20,35670707670,838be6adfdb1d433f17a82c4ffb759db57b3bd77469c15315daf4f0d1864a87f,Delta_LS_70_30_StopVol,BCH,-0.06,0.037810970114439076
202167bca2163dd0789489d848593707701fee32d36fdd9d7c6cfe9b700e655a,2026-09-21,signal_close_then_next_daily_open,2026-09-21,2.565629516748423,2,LONG,2026-09-20,35670707670,838be6adfdb1d433f17a82c4ffb759db57b3bd77469c15315daf4f0d1864a87f,Delta_LS_50_50,NEAR,0.1,0.07493092667126164
56bc9a950a5c9e01334873cea203abeb0c1970ffe635534c2e999c42d4791504,2026-09-21,signal_close_then_next_daily_open,2026-09-21,1.2206319831782382,2,LONG,2026-09-20,35670707670,838be6adfdb1d433f17a82c4ffb759db57b3bd77469c15315daf4f0d1864a87f,Delta_LS_50_50,ARB,0.1,0.11104691048707481
a3a97e67a06c092e8e899151ddeb330a41e0d1c2a4f7c73726016a3d9ccfe2c9,2026-09-21,signal_close_then_next_daily_open,2026-09-21,1.135284185382314,2,LONG,2026-09-20,35670707670,838be6adfdb1d433f17a82c4ffb759db57b3bd77469c15315daf4f0d1864a87f,Delta_LS_50_50,AVAX,0.1,0.05461688352624199
c1715bef15bf99b37a730c4b9620d3b62d384ee47989e31bcb7f64a9d564179d,2026-09-21,signal_close_then_next_daily_open,2026-09-21,-0.4582295944488787,2,SHORT,2026-09-20,35670707670,838be6adfdb1d433f17a82c4ffb759db57b3bd77469c15315daf4f0d1864a87f,Delta_LS_50_50,TRX,-0.1,0.010697287766962608
5e8d0d79db3467c5b2c8629c5600a98a0ba9f9d8ae0fdc3c12ee48918b1f06ea,2026-09-21,signal_close_then_next_daily_open,2026-09-21,-0.5242669446103768,2,SHORT,2026-09-20,35670707670,838be6adfdb1d433f17a82c4ffb759db57b3bd77469c15315daf4f0d1864a87f,Delta_LS_50_50,XRP,-0.1,0.03620389088795304
9010f4569454fafae28bf57af6ca2dd0f4cdef28c691f9272325d0afef10cfd1,2026-09-21,signal_close_then_next_daily_open,2026-09-21,-0.5393949102711885,2,SHORT,2026-09-20,35670707670,838be6adfdb1d433f17a82c4ffb759db57b3bd77469c15315daf4f0d1864a87f,Delta_LS_50_50,LINK,-0.1,0.03649761297192127
ea6ae9c5a4c498c15e6a668424484083201a1f1202e598403dbcf8ac87c9652f,2026-09-21,signal_close_then_next_daily_open,2026-09-21,-0.5863692585919614,2,SHORT,2026-09-20,35670707670,838be6adfdb1d433f17a82c4ffb759db57b3bd77469c15315daf4f0d1864a87f,Delta_LS_50_50,DOGE,-0.1,0.03236246848655577
a09af8e941ba48165f9fbf848994b5a480137b927da2f4bf17e19da6950d11ac,2026-09-21,signal_close_then_next_daily_open,2026-09-21,-0.6557675446821949,2,SHORT,2026-09-20,35670707670,838be6adfdb1d433f17a82c4ffb759db57b3bd77469c15315daf4f0d1864a87f,Delta_LS_50_50,BCH,-0.1,0.037810970114439076
6316ab41b5e27243db2c980dec88b9cd0539a476333e77a42d1c590348f1c4bf,2026-09-21,signal_close_then_next_daily_open,2026-09-21,2.565629516748423,2,LONG,2026-09-20,35670707670,838be6adfdb1d433f17a82c4ffb759db57b3bd77469c15315daf4f0d1864a87f,Delta_LS_50_50_StopVol,NEAR,0.05338249742391249,0.07493092667126164
d94df82b9138ed352720021c93b0fe45a2de57358554edc3903c66628d0a153f,2026-09-21,signal_close_then_next_daily_open,2026-09-21,1.2206319831782382,2,LONG,2026-09-20,35670707670,838be6adfdb1d433f17a82c4ffb759db57b3bd77469c15315daf4f0d1864a87f,Delta_LS_50_50_StopVol,ARB,0.03602081302807227,0.11104691048707481
1cca973203884557b7ef77aa6ed9f39a748394b1f8ebcba1d8082c1fc3ea58e9,2026-09-21,signal_close_then_next_daily_open,2026-09-21,1.135284185382314,2,LONG,2026-09-20,35670707670,838be6adfdb1d433f17a82c4ffb759db57b3bd77469c15315daf4f0d1864a87f,Delta_LS_50_50_StopVol,AVAX,0.0732374266297729,0.05461688352624199
3029cd42300257c7ba6f105f6ae295d64385cb4024226e744ec3fbe6ef9ad0cc,2026-09-21,signal_close_then_next_daily_open,2026-09-21,-0.4582295944488787,2,SHORT,2026-09-20,35670707670,838be6adfdb1d433f17a82c4ffb759db57b3bd77469c15315daf4f0d1864a87f,Delta_LS_50_50_StopVol,TRX,-0.1,0.010697287766962608
e041a05f004bf3f9ae50ac0dcafc735871cb7cfe3f3e66d94491b83ab96a952e,2026-09-21,signal_close_then_next_daily_open,2026-09-21,-0.5242669446103768,2,SHORT,2026-09-20,35670707670,838be6adfdb1d433f17a82c4ffb759db57b3bd77469c15315daf4f0d1864a87f,Delta_LS_50_50_StopVol,XRP,-0.1,0.03620389088795304
fc9f997afee5b754a663f571e0e832003e104889a1f61ae15d22c6bcee75187f,2026-09-21,signal_close_then_next_daily_open,2026-09-21,-0.5393949102711885,2,SHORT,2026-09-20,35670707670,838be6adfdb1d433f17a82c4ffb759db57b3bd77469c15315daf4f0d1864a87f,Delta_LS_50_50_StopVol,LINK,-0.1,0.03649761297192127
276bd6beefcdc4a4ae76923d380db2e484c15025eab2159bebc3a4867940439b,2026-09-21,signal_close_then_next_daily_open,2026-09-21,-0.5863692585919614,2,SHORT,2026-09-20,35670707670,838be6adfdb1d433f17a82c4ffb759db57b3bd77469c15315daf4f0d1864a87f,Delta_LS_50_50_StopVol,DOGE,-0.1,0.03236246848655577
9c7d4fd62f62bf4613ba17116b3e0973bcaca52ff60a6a3e3c67a4ccdf64c879,2026-09-21,signal_close_then_next_daily_open,2026-09-21,-0.6557675446821949,2,SHORT,2026-09-20,35670707670,838be6adfdb1d433f17a82c4ffb759db57b3bd77469c15315daf4f0d1864a87f,Delta_LS_50_50_StopVol,BCH,-0.1,0.037810970114439076
98b5cde549b8f4ad52f407663acc8003c37629ee1b4301f6a881fe90f2c748be,2026-09-22,signal_close_then_next_daily_open,2026-09-22,2.665297794812495,2,LONG,2026-09-21,35819477842,608aac2f37c91d2a343636f1984dc97912be74ae47801e7ab2f68a59c945b5f3,Delta_LS_70_30,NEAR,0.13999999999999999,0.0736706767595144
e622ccecb6aa7a9858b20754fc69adb80c85aee7dc45a6b6b2e95fc6b1447c52,2026-09-22,signal_close_then_next_daily_open,2026-09-22,1.4427301281780367,2,LONG,2026-09-21,35819477842,608aac2f37c91d2a343636f1984dc97912be74ae47801e7ab2f68a59c945b5f3,Delta_LS_70_30,ARB,0.13999999999999999,0.11095233800408529
c2e5124f41e10f2ac32b8324021a0f7474b79aa344332cc4d2d6f67861afe734,2026-09-22,signal_close_then_next_daily_open,2026-09-22,0.7942478861306199,2,LONG,2026-09-21,35819477842,608aac2f37c91d2a343636f1984dc97912be74ae47801e7ab2f68a59c945b5f3,Delta_LS_70_30,AVAX,0.13999999999999999,0.053670646617747515
ca5c4b80a3be4baf46e68bc9383d3bd1f29333046add73e584d3399ed3861639,2026-09-22,signal_close_then_next_daily_open,2026-09-22,0.08766368258346993,2,LONG,2026-09-21,35819477842,608aac2f37c91d2a343636f1984dc97912be74ae47801e7ab2f68a59c945b5f3,Delta_LS_70_30,APT,0.13999999999999999,0.05859649053848654
54aeab83ab578d071b1b0ea11eee0cecda3f40af80b265016531e3cc5e3dd94d,2026-09-22,signal_close_then_next_daily_open,2026-09-22,-0.4889495941488725,2,SHORT,2026-09-21,35819477842,608aac2f37c91d2a343636f1984dc97912be74ae47801e7ab2f68a59c945b5f3,Delta_LS_70_30,XRP,-0.06,0.0397337084466264
268b598c64a9d5b4e5e6b0b40825f07e57922556be82447ef542b4bbe6c6397d,2026-09-22,signal_close_then_next_daily_open,2026-09-22,-0.5186380234092869,2,SHORT,2026-09-21,35819477842,608aac2f37c91d2a343636f1984dc97912be74ae47801e7ab2f68a59c945b5f3,Delta_LS_70_30,LINK,-0.06,0.0371720104801643
7376f8d58be439d2f8a344202f84582388594c4a0bbaef5f7ca90b3a12234d2b,2026-09-22,signal_close_then_next_daily_open,2026-09-22,-0.650948219613103,2,SHORT,2026-09-21,35819477842,608aac2f37c91d2a343636f1984dc97912be74ae47801e7ab2f68a59c945b5f3,Delta_LS_70_30,BCH,-0.06,0.0386775862917943
5d520f1fcd2c34363aecd3ff0eb0a8d6dab67a4b337c4589b88360c062c3cb83,2026-09-22,signal_close_then_next_daily_open,2026-09-22,-0.7020475754513249,2,SHORT,2026-09-21,35819477842,608aac2f37c91d2a343636f1984dc97912be74ae47801e7ab2f68a59c945b5f3,Delta_LS_70_30,TRX,-0.06,0.010759881602203572
b43530f7807ed59251e29e99920964f53894b7ddfa8c9e07731336aa5d3e5bf6,2026-09-22,signal_close_then_next_daily_open,2026-09-22,2.665297794812495,2,LONG,2026-09-21,35819477842,608aac2f37c91d2a343636f1984dc97912be74ae47801e7ab2f68a59c945b5f3,Delta_LS_70_30_StopVol,NEAR,0.07601396167813501,0.0736706767595144
57917b4e5edd4aedd0238f42a06085aa3b67ea2a1e58ab9542c771d7a218738f,2026-09-22,signal_close_then_next_daily_open,2026-09-22,1.4427301281780367,2,LONG,2026-09-21,35819477842,608aac2f37c91d2a343636f1984dc97912be74ae47801e7ab2f68a59c945b5f3,Delta_LS_70_30_StopVol,ARB,0.05047212254142681,0.11095233800408529
f313ca4a9eec71eb8b5cab96ac14dcf3d4f4d79911d4806f301763fa9bd6dcf1,2026-09-22,signal_close_then_next_daily_open,2026-09-22,0.7942478861306199,2,LONG,2026-09-21,35819477842,608aac2f37c91d2a343636f1984dc97912be74ae47801e7ab2f68a59c945b5f3,Delta_LS_70_30_StopVol,AVAX,0.10434008816558998,0.053670646617747515
1de0bade97d13efefa609acaa60c40bebd7bcd0f8d6974bb5c9ee8d766a95fd6,2026-09-22,signal_close_then_next_daily_open,2026-09-22,0.08766368258346993,2,LONG,2026-09-21,35819477842,608aac2f37c91d2a343636f1984dc97912be74ae47801e7ab2f68a59c945b5f3,Delta_LS_70_30_StopVol,APT,0.0955688634001363,0.05859649053848654
fcc0f6b3d80e06e85a626a96b7e4c0653e3c312bfb6162446be75311b81f5461,2026-09-22,signal_close_then_next_daily_open,2026-09-22,-0.4889495941488725,2,SHORT,2026-09-21,35819477842,608aac2f37c91d2a343636f1984dc97912be74ae47801e7ab2f68a59c945b5f3,Delta_LS_70_30_StopVol,XRP,-0.06,0.0397337084466264
cce6b4359720ad0f0c11f5432175b61e39b00be4dfa57e0179e0aaebe3a5e51b,2026-09-22,signal_close_then_next_daily_open,2026-09-22,-0.5186380234092869,2,SHORT,2026-09-21,35819477842,608aac2f37c91d2a343636f1984dc97912be74ae47801e7ab2f68a59c945b5f3,Delta_LS_70_30_StopVol,LINK,-0.06,0.0371720104801643
db48f005759c77bf0badf730bfacb8948bb9523e2d9a35eeb901a5810884d2e7,2026-09-22,signal_close_then_next_daily_open,2026-09-22,-0.650948219613103,2,SHORT,2026-09-21,35819477842,608aac2f37c91d2a343636f1984dc97912be74ae47801e7ab2f68a59c945b5f3,Delta_LS_70_30_StopVol,BCH,-0.06,0.0386775862917943
9ccfabd4ec1f0fa3dd0b322f2fe3fa5fd05fb08a27dd350de71197844cbc4b31,2026-09-22,signal_close_then_next_daily_open,2026-09-22,-0.7020475754513249,2,SHORT,2026-09-21,35819477842,608aac2f37c91d2a343636f1984dc97912be74ae47801e7ab2f68a59c945b5f3,Delta_LS_70_30_StopVol,TRX,-0.06,0.010759881602203572
51392ca62c4f98782a7025c49ffc194996ab3f8cd0cfa81e384086faf3228f92,2026-09-22,signal_close_then_next_daily_open,2026-09-22,2.665297794812495,2,LONG,2026-09-21,35819477842,608aac2f37c91d2a343636f1984dc97912be74ae47801e7ab2f68a59c945b5f3,Delta_LS_50_50,NEAR,0.1,0.0736706767595144
1b063659c75c287e06a8ea00cbfa886531ebc17032588d71b4fdb4a9e7f050c6,2026-09-22,signal_close_then_next_daily_open,2026-09-22,1.4427301281780367,2,LONG,2026-09-21,35819477842,608aac2f37c91d2a343636f1984dc97912be74ae47801e7ab2f68a59c945b5f3,Delta_LS_50_50,ARB,0.1,0.11095233800408529
0f3da1f2685b9822e6b954c2eff2d3da0dea242acd24ac4b6fbaaf5178f57de7,2026-09-22,signal_close_then_next_daily_open,2026-09-22,0.7942478861306199,2,LONG,2026-09-21,35819477842,608aac2f37c91d2a343636f1984dc97912be74ae47801e7ab2f68a59c945b5f3,Delta_LS_50_50,AVAX,0.1,0.053670646617747515
69c21bf5a0a930ada770bb8f57f36423bd39ea1bb8b3df0dcad9a81f22cc9574,2026-09-22,signal_close_then_next_daily_open,2026-09-22,0.08766368258346993,2,LONG,2026-09-21,35819477842,608aac2f37c91d2a343636f1984dc97912be74ae47801e7ab2f68a59c945b5f3,Delta_LS_50_50,APT,0.1,0.05859649053848654
b2bca687a203950a8571d15ed3caffe41e02d580eb9ded371a473f22f978d810,2026-09-22,signal_close_then_next_daily_open,2026-09-22,-0.4889495941488725,2,SHORT,2026-09-21,35819477842,608aac2f37c91d2a343636f1984dc97912be74ae47801e7ab2f68a59c945b5f3,Delta_LS_50_50,XRP,-0.1,0.0397337084466264
a643c00badfd00611c11ed52f1c3f146de1dceb7f7e6cdda9215725f326f0d9f,2026-09-22,signal_close_then_next_daily_open,2026-09-22,-0.5186380234092869,2,SHORT,2026-09-21,35819477842,608aac2f37c91d2a343636f1984dc97912be74ae47801e7ab2f68a59c945b5f3,Delta_LS_50_50,LINK,-0.1,0.0371720104801643
b12ccbafc82fed76fdbc20c2b6df63fa95a46ae02eb5bcda8b9f28d4e39fd00f,2026-09-22,signal_close_then_next_daily_open,2026-09-22,-0.650948219613103,2,SHORT,2026-09-21,35819477842,608aac2f37c91d2a343636f1984dc97912be74ae47801e7ab2f68a59c945b5f3,Delta_LS_50_50,BCH,-0.1,0.0386775862917943
f3f146fc5f8e749d634976a5d7f02b93e17b80b78ee16a3ae56c3c92f6b216b3,2026-09-22,signal_close_then_next_daily_open,2026-09-22,-0.7020475754513249,2,SHORT,2026-09-21,35819477842,608aac2f37c91d2a343636f1984dc97912be74ae47801e7ab2f68a59c945b5f3,Delta_LS_50_50,TRX,-0.1,0.010759881602203572
7e3376bf229ca13b26f2d212bd690993189cf1154659f635a34d0deaeef7828a,2026-09-22,signal_close_then_next_daily_open,2026-09-22,2.665297794812495,2,LONG,2026-09-21,35819477842,608aac2f37c91d2a343636f1984dc97912be74ae47801e7ab2f68a59c945b5f3,Delta_LS_50_50_StopVol,NEAR,0.05429568691295359,0.0736706767595144
129cd25c5cd6b01cedc29b4eba46cf20c106034fff7d2d704179d26c40c9a7e6,2026-09-22,signal_close_then_next_daily_open,2026-09-22,1.4427301281780367,2,LONG,2026-09-21,35819477842,608aac2f37c91d2a343636f1984dc97912be74ae47801e7ab2f68a59c945b5f3,Delta_LS_50_50_StopVol,ARB,0.03605151610101916,0.11095233800408529
9c20546629ebaa96804f40dad2ff69f11e6aa48cc02b6012a47a28071e89d254,2026-09-22,signal_close_then_next_daily_open,2026-09-22,0.7942478861306199,2,LONG,2026-09-21,35819477842,608aac2f37c91d2a343636f1984dc97912be74ae47801e7ab2f68a59c945b5f3,Delta_LS_50_50_StopVol,AVAX,0.07452863440399286,0.053670646617747515
5a6f38b788a14669fa995bb997933a927ad01a017562c0fe49cbc0be139f31a5,2026-09-22,signal_close_then_next_daily_open,2026-09-22,0.08766368258346993,2,LONG,2026-09-21,35819477842,608aac2f37c91d2a343636f1984dc97912be74ae47801e7ab2f68a59c945b5f3,Delta_LS_50_50_StopVol,APT,0.06826347385724023,0.05859649053848654
df0520607a143a8563402e12ab2ca00ee4982468f3a8cfc4c7baf4ea40b72dcf,2026-09-22,signal_close_then_next_daily_open,2026-09-22,-0.4889495941488725,2,SHORT,2026-09-21,35819477842,608aac2f37c91d2a343636f1984dc97912be74ae47801e7ab2f68a59c945b5f3,Delta_LS_50_50_StopVol,XRP,-0.1,0.0397337084466264
5445057e6c0897037aab97dea628185db0ac910ac5d08f6a6d7b2635117dec3e,2026-09-22,signal_close_then_next_daily_open,2026-09-22,-0.5186380234092869,2,SHORT,2026-09-21,35819477842,608aac2f37c91d2a343636f1984dc97912be74ae47801e7ab2f68a59c945b5f3,Delta_LS_50_50_StopVol,LINK,-0.1,0.0371720104801643
e2d7e7b21f2ad812706ec13f206586740ae59cb45d3a24bf1613added7d69d8f,2026-09-22,signal_close_then_next_daily_open,2026-09-22,-0.650948219613103,2,SHORT,2026-09-21,35819477842,608aac2f37c91d2a343636f1984dc97912be74ae47801e7ab2f68a59c945b5f3,Delta_LS_50_50_StopVol,BCH,-0.1,0.0386775862917943
457351088cd7143f04c999e06f4d16e41e2544ed47d4ae36996e190e23df8db8,2026-09-22,signal_close_then_next_daily_open,2026-09-22,-0.7020475754513249,2,SHORT,2026-09-21,35819477842,608aac2f37c91d2a343636f1984dc97912be74ae47801e7ab2f68a59c945b5f3,Delta_LS_50_50_StopVol,TRX,-0.1,0.010759881602203572
85aa9ea2b352b10b5f49438973b4ead4c92914723bcd8d6ccf26a0a59778052f,2026-09-23,signal_close_then_next_daily_open,2026-09-23,2.575039339622978,2,LONG,2026-09-22,35957180613,1448a5f7465738b7e9f4fd0c441f443c9d3949a4f1ecb78f162671b769301c1d,Delta_LS_70_30,NEAR,0.13999999999999999,0.07322823608243482
d3ddc5e069ef6edf7c0d863e25a33077662b1806341d10e6d017b8ef47a7cc67,2026-09-23,signal_close_then_next_daily_open,2026-09-23,1.3323730627282024,2,LONG,2026-09-22,35957180613,1448a5f7465738b7e9f4fd0c441f443c9d3949a4f1ecb78f162671b769301c1d,Delta_LS_70_30,ARB,0.13999999999999999,0.11094922269669444
af1d3dacec9e61adab6a439adb07513232f35237393444686606f30492373846,2026-09-23,signal_close_then_next_daily_open,2026-09-23,0.6861484114521809,2,LONG,2026-09-22,35957180613,1448a5f7465738b7e9f4fd0c441f443c9d3949a4f1ecb78f162671b769301c1d,Delta_LS_70_30,AVAX,0.13999999999999999,0.05368685129530471
d2f79ad78095f52ba92903c6969c62ed96ad58fb082cafac5eb7dd5304da17cd,2026-09-23,signal_close_then_next_daily_open,2026-09-23,0.18974860493247137,2,LONG,2026-09-22,35957180613,1448a5f7465738b7e9f4fd0c441f443c9d3949a4f1ecb78f162671b769301c1d,Delta_LS_70_30,APT,0.13999999999999999,0.05893582683007854
e44b61b9ded2660599103d39c1bd3516da33375cbf16a8cb6babe893a19415ca,2026-09-23,signal_close_then_next_daily_open,2026-09-23,-0.48608671884777144,2,SHORT,2026-09-22,35957180613,1448a5f7465738b7e9f4fd0c441f443c9d3949a4f1ecb78f162671b769301c1d,Delta_LS_70_30,AAVE,-0.06,0.03821450466005018
d1ba8294bfd568f29003d55f97f7e2714f971cc73088d03a552b23fd306b5e5d,2026-09-23,signal_close_then_next_daily_open,2026-09-23,-0.487682645866608,2,SHORT,2026-09-22,35957180613,1448a5f7465738b7e9f4fd0c441f443c9d3949a4f1ecb78f162671b769301c1d,Delta_LS_70_30,XRP,-0.06,0.03930672264018095
515471ebda40af13619f085de7c4ffe113f4d3e66b6f7f104eafa323718225b3,2026-09-23,signal_close_then_next_daily_open,2026-09-23,-0.5868211248577454,2,SHORT,2026-09-22,35957180613,1448a5f7465738b7e9f4fd0c441f443c9d3949a4f1ecb78f162671b769301c1d,Delta_LS_70_30,LINK,-0.06,0.03718286905437248
6311ed4d78b6b3b096dbc9a3fa31a98725bafdc80690af205e2fd8303d69cad3,2026-09-23,signal_close_then_next_daily_open,2026-09-23,-0.8746381561157617,2,SHORT,2026-09-22,35957180613,1448a5f7465738b7e9f4fd0c441f443c9d3949a4f1ecb78f162671b769301c1d,Delta_LS_70_30,TRX,-0.06,0.010857012821618923
7c44fe616ba9dcd4031f39ac9c2a8403efb994676b68e14b10871a118922735d,2026-09-23,signal_close_then_next_daily_open,2026-09-23,2.575039339622978,2,LONG,2026-09-22,35957180613,1448a5f7465738b7e9f4fd0c441f443c9d3949a4f1ecb78f162671b769301c1d,Delta_LS_70_30_StopVol,NEAR,0.07647323354472094,0.07322823608243482
b9d021639001d41300ab95c20e7b749368f451901b6bed347f359e9e8d3827af,2026-09-23,signal_close_then_next_daily_open,2026-09-23,1.3323730627282024,2,LONG,2026-09-22,35957180613,1448a5f7465738b7e9f4fd0c441f443c9d3949a4f1ecb78f162671b769301c1d,Delta_LS_70_30_StopVol,ARB,0.05047353973185468,0.11094922269669444
27798cb94fb9f83352e6e082e4280d126b30c5188c2112256035a29fd6feda13,2026-09-23,signal_close_then_next_daily_open,2026-09-23,0.6861484114521809,2,LONG,2026-09-22,35957180613,1448a5f7465738b7e9f4fd0c441f443c9d3949a4f1ecb78f162671b769301c1d,Delta_LS_70_30_StopVol,AVAX,0.10430859446752018,0.05368685129530471
a3414f53513b22a14e8a7e29cd130e7c07c5d1911948fdc1488b68f381b139f1,2026-09-23,signal_close_then_next_daily_open,2026-09-23,0.18974860493247137,2,LONG,2026-09-22,35957180613,1448a5f7465738b7e9f4fd0c441f443c9d3949a4f1ecb78f162671b769301c1d,Delta_LS_70_30_StopVol,APT,0.09501860415305106,0.05893582683007854
83e336759972ede9190d115ab2d1f0d113ae44cf51e42456c62cf3e9206bc932,2026-09-23,signal_close_then_next_daily_open,2026-09-23,-0.48608671884777144,2,SHORT,2026-09-22,35957180613,1448a5f7465738b7e9f4fd0c441f443c9d3949a4f1ecb78f162671b769301c1d,Delta_LS_70_30_StopVol,AAVE,-0.06,0.03821450466005018
cff5d242d81a96446bb26ee840a7e975ecd643688ad692fff09b4abc3999a564,2026-09-23,signal_close_then_next_daily_open,2026-09-23,-0.487682645866608,2,SHORT,2026-09-22,35957180613,1448a5f7465738b7e9f4fd0c441f443c9d3949a4f1ecb78f162671b769301c1d,Delta_LS_70_30_StopVol,XRP,-0.06,0.03930672264018095
1b936bb1a31c5953723bb9923e9cac99af7795006afed00cf4b6ed56e3d76968,2026-09-23,signal_close_then_next_daily_open,2026-09-23,-0.5868211248577454,2,SHORT,2026-09-22,35957180613,1448a5f7465738b7e9f4fd0c441f443c9d3949a4f1ecb78f162671b769301c1d,Delta_LS_70_30_StopVol,LINK,-0.06,0.03718286905437248
4c1fa19955f014662fc14207c793bb910f2995ad988e6c4430507e2b9146a66d,2026-09-23,signal_close_then_next_daily_open,2026-09-23,-0.8746381561157617,2,SHORT,2026-09-22,35957180613,1448a5f7465738b7e9f4fd0c441f443c9d3949a4f1ecb78f162671b769301c1d,Delta_LS_70_30_StopVol,TRX,-0.06,0.010857012821618923
c6677a1b61ec03091d89a27049bb69ee0a2ce912267c077bbb050ce36e9032b1,2026-09-23,signal_close_then_next_daily_open,2026-09-23,2.575039339622978,2,LONG,2026-09-22,35957180613,1448a5f7465738b7e9f4fd0c441f443c9d3949a4f1ecb78f162671b769301c1d,Delta_LS_50_50,NEAR,0.1,0.07322823608243482
c6847663fc5ce7d1eebf7e7c9b6c26115f944763f74de7078349c836ed0d58b8,2026-09-23,signal_close_then_next_daily_open,2026-09-23,1.3323730627282024,2,LONG,2026-09-22,35957180613,1448a5f7465738b7e9f4fd0c441f443c9d3949a4f1ecb78f162671b769301c1d,Delta_LS_50_50,ARB,0.1,0.11094922269669444
22e21a9a70c17a4f1672fb4aa22d29c1afae4110416795eff7b8085a7813e9bf,2026-09-23,signal_close_then_next_daily_open,2026-09-23,0.6861484114521809,2,LONG,2026-09-22,35957180613,1448a5f7465738b7e9f4fd0c441f443c9d3949a4f1ecb78f162671b769301c1d,Delta_LS_50_50,AVAX,0.1,0.05368685129530471
cd5e2d72ad43d09be3979d8b5f468224a4f9d0bc5d74bf88067d5c8094720592,2026-09-23,signal_close_then_next_daily_open,2026-09-23,0.18974860493247137,2,LONG,2026-09-22,35957180613,1448a5f7465738b7e9f4fd0c441f443c9d3949a4f1ecb78f162671b769301c1d,Delta_LS_50_50,APT,0.1,0.05893582683007854
5852f663fec71f9d4bb7bcb571d3cba7ea6c82c3cb4a8a4fd0c48043f005ffbe,2026-09-23,signal_close_then_next_daily_open,2026-09-23,-0.48608671884777144,2,SHORT,2026-09-22,35957180613,1448a5f7465738b7e9f4fd0c441f443c9d3949a4f1ecb78f162671b769301c1d,Delta_LS_50_50,AAVE,-0.1,0.03821450466005018
65841ba469fb089d63108daf4412cc5d9b4a5bf92fc33b0c925fcd0ea7b98655,2026-09-23,signal_close_then_next_daily_open,2026-09-23,-0.487682645866608,2,SHORT,2026-09-22,35957180613,1448a5f7465738b7e9f4fd0c441f443c9d3949a4f1ecb78f162671b769301c1d,Delta_LS_50_50,XRP,-0.1,0.03930672264018095
01f683c1a5dadecbd7170c91100c972c4f4abd802d9e552995f837e7f676bfca,2026-09-23,signal_close_then_next_daily_open,2026-09-23,-0.5868211248577454,2,SHORT,2026-09-22,35957180613,1448a5f7465738b7e9f4fd0c441f443c9d3949a4f1ecb78f162671b769301c1d,Delta_LS_50_50,LINK,-0.1,0.03718286905437248
c805202afff6b9f6c9acd28f22642b910eac2081b2528c4073e9df1f845b6994,2026-09-23,signal_close_then_next_daily_open,2026-09-23,-0.8746381561157617,2,SHORT,2026-09-22,35957180613,1448a5f7465738b7e9f4fd0c441f443c9d3949a4f1ecb78f162671b769301c1d,Delta_LS_50_50,TRX,-0.1,0.010857012821618923
4a75b3b004ad47f97566551f4882d2e38c623a9cf650232db05ffbb8a108ef1b,2026-09-23,signal_close_then_next_daily_open,2026-09-23,2.575039339622978,2,LONG,2026-09-22,35957180613,1448a5f7465738b7e9f4fd0c441f443c9d3949a4f1ecb78f162671b769301c1d,Delta_LS_50_50_StopVol,NEAR,0.05462373824622925,0.07322823608243482
1786848a6314ebaf16744ae45cdf3f5dd602363a681910f2e00ef6f5bb0d12bd,2026-09-23,signal_close_then_next_daily_open,2026-09-23,1.3323730627282024,2,LONG,2026-09-22,35957180613,1448a5f7465738b7e9f4fd0c441f443c9d3949a4f1ecb78f162671b769301c1d,Delta_LS_50_50_StopVol,ARB,0.036052528379896205,0.11094922269669444
77400847add9f9a15c8eb870b45eb6f3b328ae229e6775939e9a1cf2786a7c1a,2026-09-23,signal_close_then_next_daily_open,2026-09-23,0.6861484114521809,2,LONG,2026-09-22,35957180613,1448a5f7465738b7e9f4fd0c441f443c9d3949a4f1ecb78f162671b769301c1d,Delta_LS_50_50_StopVol,AVAX,0.07450613890537157,0.05368685129530471
397620566b0012baafa7ed2e7ef6e8915c9d33da91bd5a65ee2db5c0f201734f,2026-09-23,signal_close_then_next_daily_open,2026-09-23,0.18974860493247137,2,LONG,2026-09-22,35957180613,1448a5f7465738b7e9f4fd0c441f443c9d3949a4f1ecb78f162671b769301c1d,Delta_LS_50_50_StopVol,APT,0.06787043153789363,0.05893582683007854
cc27ea5cb555663a53e81fd5e4a46e45114b028dfa0fc1066c6abcbbf292013e,2026-09-23,signal_close_then_next_daily_open,2026-09-23,-0.48608671884777144,2,SHORT,2026-09-22,35957180613,1448a5f7465738b7e9f4fd0c441f443c9d3949a4f1ecb78f162671b769301c1d,Delta_LS_50_50_StopVol,AAVE,-0.1,0.03821450466005018
92416ddc8f32c8b0744286d3d3bab693ad2070a51e5d7f81c084e3428ec7fbb8,2026-09-23,signal_close_then_next_daily_open,2026-09-23,-0.487682645866608,2,SHORT,2026-09-22,35957180613,1448a5f7465738b7e9f4fd0c441f443c9d3949a4f1ecb78f162671b769301c1d,Delta_LS_50_50_StopVol,XRP,-0.1,0.03930672264018095
9ceb4fa62b7e86d5a6a15e313029c8df071cf47e114a808f40d4879a26b37113,2026-09-23,signal_close_then_next_daily_open,2026-09-23,-0.5868211248577454,2,SHORT,2026-09-22,35957180613,1448a5f7465738b7e9f4fd0c441f443c9d3949a4f1ecb78f162671b769301c1d,Delta_LS_50_50_StopVol,LINK,-0.1,0.03718286905437248
834d82dc8f4687d44c85c39805ab1037d84ebb3f25b126dce6a67266088cd01a,2026-09-23,signal_close_then_next_daily_open,2026-09-23,-0.8746381561157617,2,SHORT,2026-09-22,35957180613,1448a5f7465738b7e9f4fd0c441f443c9d3949a4f1ecb78f162671b769301c1d,Delta_LS_50_50_StopVol,TRX,-0.1,0.010857012821618923
ea017c04f9b7fe543dc58103c60c8f028d5f4557ca7bb14bb2c3a35042c44838,2026-09-24,signal_close_then_next_daily_open,2026-09-24,2.605278508996814,2,LONG,2026-09-23,36096417206,016fa68d3dc5291c50cd6c5d3f9e95e95ed85bf658553cd66d48d56f82f6be8f,Delta_LS_70_30,NEAR,0.13999999999999999,0.07295059577206597
ff848b96f939df6a3912383c31fcffe3aeb96ed953dc00e318c045056b182e48,2026-09-24,signal_close_then_next_daily_open,2026-09-24,1.33388578647552,2,LONG,2026-09-23,36096417206,016fa68d3dc5291c50cd6c5d3f9e95e95ed85bf658553cd66d48d56f82f6be8f,Delta_LS_70_30,ARB,0.13999999999999999,0.11206712140327216
9270eac4c014c050be621be09b2b02f43e9b814e2a08a3a052ab7b287b507241,2026-09-24,signal_close_then_next_daily_open,2026-09-24,0.6020189615620293,2,LONG,2026-09-23,36096417206,016fa68d3dc5291c50cd6c5d3f9e95e95ed85bf658553cd66d48d56f82f6be8f,Delta_LS_70_30,BCH,0.13999999999999999,0.06592429823626118
0d3015ff702fb7927a3940b925ca4cab5a70e4928f1ca585d5f3949d2354186f,2026-09-24,signal_close_then_next_daily_open,2026-09-24,0.4968733189238681,2,LONG,2026-09-23,36096417206,016fa68d3dc5291c50cd6c5d3f9e95e95ed85bf658553cd66d48d56f82f6be8f,Delta_LS_70_30,AVAX,0.13999999999999999,0.057067653685658484
d6e1b4fc60e6a0b313519f44eb5f82c74b85bdf1d5384084bbe401346e794eda,2026-09-24,signal_close_then_next_daily_open,2026-09-24,-0.4735715361990313,2,SHORT,2026-09-23,36096417206,016fa68d3dc5291c50cd6c5d3f9e95e95ed85bf658553cd66d48d56f82f6be8f,Delta_LS_70_30,XRP,-0.06,0.039966335717346584
04cd6a718b80995f53fc93a22cec1c1493db2bdf505a8479c94a0ce95944c92a,2026-09-24,signal_close_then_next_daily_open,2026-09-24,-0.5907630239719529,2,SHORT,2026-09-23,36096417206,016fa68d3dc5291c50cd6c5d3f9e95e95ed85bf658553cd66d48d56f82f6be8f,Delta_LS_70_30,LINK,-0.06,0.03866237353981715
ff0eb8237e1ea866ace0024cc418a0cccbc4c4d408d256011fc828d4da31b652,2026-09-24,signal_close_then_next_daily_open,2026-09-24,-0.709195873426526,2,SHORT,2026-09-23,36096417206,016fa68d3dc5291c50cd6c5d3f9e95e95ed85bf658553cd66d48d56f82f6be8f,Delta_LS_70_30,DOT,-0.06,0.05648282997464842
23e348189a2ea0ede82e0d413f788b1bc126d3e7d120eb0ac92234213d1ed996,2026-09-24,signal_close_then_next_daily_open,2026-09-24,-0.7777331387035593,2,SHORT,2026-09-23,36096417206,016fa68d3dc5291c50cd6c5d3f9e95e95ed85bf658553cd66d48d56f82f6be8f,Delta_LS_70_30,TRX,-0.06,0.010835977057671517
93f9d49c243871a719daf7805f5d4c60ca75652e0cb5f276207b91fce2e4f980,2026-09-24,signal_close_then_next_daily_open,2026-09-24,2.605278508996814,2,LONG,2026-09-23,36096417206,016fa68d3dc5291c50cd6c5d3f9e95e95ed85bf658553cd66d48d56f82f6be8f,Delta_LS_70_30_StopVol,NEAR,0.07676428054812863,0.07295059577206597
a2b72de46a171c12f864358b9ae5a81c6df9818e5551ec222c8b996707621f2c,2026-09-24,signal_close_then_next_daily_open,2026-09-24,1.33388578647552,2,LONG,2026-09-23,36096417206,016fa68d3dc5291c50cd6c5d3f9e95e95ed85bf658553cd66d48d56f82f6be8f,Delta_LS_70_30_StopVol,ARB,0.04997005303498845,0.11206712140327216
b53ab5b07a89727ae63e1df0d007b6a444ffb3e5cfaf12c6285ef2178b31a87d,2026-09-24,signal_close_then_next_daily_open,2026-09-24,0.6020189615620293,2,LONG,2026-09-23,36096417206,016fa68d3dc5291c50cd6c5d3f9e95e95ed85bf658553cd66d48d56f82f6be8f,Delta_LS_70_30_StopVol,BCH,0.0849459175117887,0.06592429823626118
2f2be903fa96861ab6559c2feacd0cf96e0968b064f2ad7956acc59c0fa24677,2026-09-24,signal_close_then_next_daily_open,2026-09-24,0.4968733189238681,2,LONG,2026-09-23,36096417206,016fa68d3dc5291c50cd6c5d3f9e95e95ed85bf658553cd66d48d56f82f6be8f,Delta_LS_70_30_StopVol,AVAX,0.09812914389026861,0.057067653685658484
48b63a0ac70cd6c050a38553835cdfa574b28956ed4d61b11668ef05715eb6cd,2026-09-24,signal_close_then_next_daily_open,2026-09-24,-0.4735715361990313,2,SHORT,2026-09-23,36096417206,016fa68d3dc5291c50cd6c5d3f9e95e95ed85bf658553cd66d48d56f82f6be8f,Delta_LS_70_30_StopVol,XRP,-0.06,0.039966335717346584
29237a0e423a7984565326537e500a937a55af106c1954f7ee44e8ecf068de07,2026-09-24,signal_close_then_next_daily_open,2026-09-24,-0.5907630239719529,2,SHORT,2026-09-23,36096417206,016fa68d3dc5291c50cd6c5d3f9e95e95ed85bf658553cd66d48d56f82f6be8f,Delta_LS_70_30_StopVol,LINK,-0.06,0.03866237353981715
463298ae4a7cbd8eaf39993c7a595bbb2e4ac9c39d61e1d1063163baa8b654ae,2026-09-24,signal_close_then_next_daily_open,2026-09-24,-0.709195873426526,2,SHORT,2026-09-23,36096417206,016fa68d3dc5291c50cd6c5d3f9e95e95ed85bf658553cd66d48d56f82f6be8f,Delta_LS_70_30_StopVol,DOT,-0.04249078881276325,0.05648282997464842
5fda05691b51639e88473b802d00c7ec7b5664c558e11e46e7d505b66cd757ed,2026-09-24,signal_close_then_next_daily_open,2026-09-24,-0.7777331387035593,2,SHORT,2026-09-23,36096417206,016fa68d3dc5291c50cd6c5d3f9e95e95ed85bf658553cd66d48d56f82f6be8f,Delta_LS_70_30_StopVol,TRX,-0.06,0.010835977057671517
2b7f530d6fde56a4885a51da5b0dab38b70a9d114bbcf5571f452dd12ad18834,2026-09-24,signal_close_then_next_daily_open,2026-09-24,2.605278508996814,2,LONG,2026-09-23,36096417206,016fa68d3dc5291c50cd6c5d3f9e95e95ed85bf658553cd66d48d56f82f6be8f,Delta_LS_50_50,NEAR,0.1,0.07295059577206597
03e768b019edd1d12b5587a223f53c14650f3978c7d897f3e78590c4d26a36da,2026-09-24,signal_close_then_next_daily_open,2026-09-24,1.33388578647552,2,LONG,2026-09-23,36096417206,016fa68d3dc5291c50cd6c5d3f9e95e95ed85bf658553cd66d48d56f82f6be8f,Delta_LS_50_50,ARB,0.1,0.11206712140327216
8065bf7b48a19dab900e91b65b4de238007901f50235ce367d1e29cf56140105,2026-09-24,signal_close_then_next_daily_open,2026-09-24,0.6020189615620293,2,LONG,2026-09-23,36096417206,016fa68d3dc5291c50cd6c5d3f9e95e95ed85bf658553cd66d48d56f82f6be8f,Delta_LS_50_50,BCH,0.1,0.06592429823626118
5a612549f8bf69feddf7351996afa36d164c1cc8cfe48a387afd62e76d4a9762,2026-09-24,signal_close_then_next_daily_open,2026-09-24,0.4968733189238681,2,LONG,2026-09-23,36096417206,016fa68d3dc5291c50cd6c5d3f9e95e95ed85bf658553cd66d48d56f82f6be8f,Delta_LS_50_50,AVAX,0.1,0.057067653685658484
51ad206bdc7887a69acd3d8c02d5a08258b6fbad8f71615d87d5ac5d6ecd3404,2026-09-24,signal_close_then_next_daily_open,2026-09-24,-0.4735715361990313,2,SHORT,2026-09-23,36096417206,016fa68d3dc5291c50cd6c5d3f9e95e95ed85bf658553cd66d48d56f82f6be8f,Delta_LS_50_50,XRP,-0.1,0.039966335717346584
c344e088d569e42f1089c64e94508c6e20b31a044adb8e5c65c493fab1e5f564,2026-09-24,signal_close_then_next_daily_open,2026-09-24,-0.5907630239719529,2,SHORT,2026-09-23,36096417206,016fa68d3dc5291c50cd6c5d3f9e95e95ed85bf658553cd66d48d56f82f6be8f,Delta_LS_50_50,LINK,-0.1,0.03866237353981715
0e0ca612d6e9b23ee54f973a794415577962d137e43a4e8838b3f111d164edaf,2026-09-24,signal_close_then_next_daily_open,2026-09-24,-0.709195873426526,2,SHORT,2026-09-23,36096417206,016fa68d3dc5291c50cd6c5d3f9e95e95ed85bf658553cd66d48d56f82f6be8f,Delta_LS_50_50,DOT,-0.1,0.05648282997464842
ab60161651a15134d8ae874791bacbc99f0c76687334151af9e4deb31836dc6c,2026-09-24,signal_close_then_next_daily_open,2026-09-24,-0.7777331387035593,2,SHORT,2026-09-23,36096417206,016fa68d3dc5291c50cd6c5d3f9e95e95ed85bf658553cd66d48d56f82f6be8f,Delta_LS_50_50,TRX,-0.1,0.010835977057671517
cf4aa6cc18a41373ce69219089d9a3ebc91ad8d49e77f949a5478e890b40b6f0,2026-09-24,signal_close_then_next_daily_open,2026-09-24,2.605278508996814,2,LONG,2026-09-23,36096417206,016fa68d3dc5291c50cd6c5d3f9e95e95ed85bf658553cd66d48d56f82f6be8f,Delta_LS_50_50_StopVol,NEAR,0.05483162896294903,0.07295059577206597
0d9387643cedd0e5acf2d5c9a941ead74b947f5b4151b641b9db57ee03315ad3,2026-09-24,signal_close_then_next_daily_open,2026-09-24,1.33388578647552,2,LONG,2026-09-23,36096417206,016fa68d3dc5291c50cd6c5d3f9e95e95ed85bf658553cd66d48d56f82f6be8f,Delta_LS_50_50_StopVol,ARB,0.035692895024991754,0.11206712140327216
f2cc01f749c2ad5ef0a1a1e884f693c3d8faba326c09d374e3f632b1e062b042,2026-09-24,signal_close_then_next_daily_open,2026-09-24,0.6020189615620293,2,LONG,2026-09-23,36096417206,016fa68d3dc5291c50cd6c5d3f9e95e95ed85bf658553cd66d48d56f82f6be8f,Delta_LS_50_50_StopVol,BCH,0.060675655365563366,0.06592429823626118
509ccc8a48e985a5c628240b745d0686ff2b69f47259b484b88e0b8c52d0ad0f,2026-09-24,signal_close_then_next_daily_open,2026-09-24,0.4968733189238681,2,LONG,2026-09-23,36096417206,016fa68d3dc5291c50cd6c5d3f9e95e95ed85bf658553cd66d48d56f82f6be8f,Delta_LS_50_50_StopVol,AVAX,0.07009224563590616,0.057067653685658484
030725a025b048be98faace932c77f062ca1ec76f05c37df58be15b306151b54,2026-09-24,signal_close_then_next_daily_open,2026-09-24,-0.4735715361990313,2,SHORT,2026-09-23,36096417206,016fa68d3dc5291c50cd6c5d3f9e95e95ed85bf658553cd66d48d56f82f6be8f,Delta_LS_50_50_StopVol,XRP,-0.1,0.039966335717346584
4a2ec30d016fc4bbc574434323ecff937cd83dc4a913c7028675a8bc533a91d6,2026-09-24,signal_close_then_next_daily_open,2026-09-24,-0.5907630239719529,2,SHORT,2026-09-23,36096417206,016fa68d3dc5291c50cd6c5d3f9e95e95ed85bf658553cd66d48d56f82f6be8f,Delta_LS_50_50_StopVol,LINK,-0.1,0.03866237353981715
a6a9836ce084eb14742a393f5bb4e5c1c7741afd8acc5aab948102192ed96d06,2026-09-24,signal_close_then_next_daily_open,2026-09-24,-0.709195873426526,2,SHORT,2026-09-23,36096417206,016fa68d3dc5291c50cd6c5d3f9e95e95ed85bf658553cd66d48d56f82f6be8f,Delta_LS_50_50_StopVol,DOT,-0.07081798135460542,0.05648282997464842
dbb2c90600ee0a1cf9de7a21f40e4a64ff65394e6058ab342fbe2378ec979a5b,2026-09-24,signal_close_then_next_daily_open,2026-09-24,-0.7777331387035593,2,SHORT,2026-09-23,36096417206,016fa68d3dc5291c50cd6c5d3f9e95e95ed85bf658553cd66d48d56f82f6be8f,Delta_LS_50_50_StopVol,TRX,-0.1,0.010835977057671517
ac08278dad802057ff90e7dd84a49c236dffc984a27baf74fc2df64f4cc0eacb,2026-09-25,signal_close_then_next_daily_open,2026-09-25,2.3821189484517578,2,LONG,2026-09-24,36219297619,11e8247c304fc6a3ee5eaa63eabc7f9e4eb0e8f1366d6bee351e1094ac81ba1d,Delta_LS_70_30,NEAR,0.13999999999999999,0.07166190807623002
d11d908e0ed507d7c3a04a55202a19d21cdd437d68fafb7df35b1b21ae65d2d8,2026-09-25,signal_close_then_next_daily_open,2026-09-25,1.0991483206232842,2,LONG,2026-09-24,36219297619,11e8247c304fc6a3ee5eaa63eabc7f9e4eb0e8f1366d6bee351e1094ac81ba1d,Delta_LS_70_30,ARB,0.13999999999999999,0.11116601332104296
9343a6cf14d64ba38bd8d4cdb2f8179b145382ece24d47480eae3c722e65cdf5,2026-09-25,signal_close_then_next_daily_open,2026-09-25,0.592929183840302,2,LONG,2026-09-24,36219297619,11e8247c304fc6a3ee5eaa63eabc7f9e4eb0e8f1366d6bee351e1094ac81ba1d,Delta_LS_70_30,BCH,0.13999999999999999,0.06572018560504596
bc92dbf95a06f341a886841b610e622df500abd4f84f5f6ce0861339a816675e,2026-09-25,signal_close_then_next_daily_open,2026-09-25,0.4139750767096528,2,LONG,2026-09-24,36219297619,11e8247c304fc6a3ee5eaa63eabc7f9e4eb0e8f1366d6bee351e1094ac81ba1d,Delta_LS_70_30,SUI,0.13999999999999999,0.04951308226689857
c4ab9674c445c539ca0cf4fbf37538c04f77e1f6d16de2ab41fa338df6aeba75,2026-09-25,signal_close_then_next_daily_open,2026-09-25,-0.47852194921847124,2,SHORT,2026-09-24,36219297619,11e8247c304fc6a3ee5eaa63eabc7f9e4eb0e8f1366d6bee351e1094ac81ba1d,Delta_LS_70_30,LINK,-0.06,0.04007998918490663
96256eae71f659d2167bc457b8b36c1b3b1db70deeb5682243a6bea76c32a659,2026-09-25,signal_close_then_next_daily_open,2026-09-25,-0.728863087230444,2,SHORT,2026-09-24,36219297619,11e8247c304fc6a3ee5eaa63eabc7f9e4eb0e8f1366d6bee351e1094ac81ba1d,Delta_LS_70_30,DOT,-0.06,0.05570695133566872
9740f6b5d05c579532cdf90e10c297808a2864926521ab84dd6e9fc759efb351,2026-09-25,signal_close_then_next_daily_open,2026-09-25,-1.0344764514090015,2,SHORT,2026-09-24,36219297619,11e8247c304fc6a3ee5eaa63eabc7f9e4eb0e8f1366d6bee351e1094ac81ba1d,Delta_LS_70_30,TRX,-0.06,0.009751228285110318
d1f65cfcb008436f933540c80e34ed806eeaab88f690308341991440c66d9f73,2026-09-25,signal_close_then_next_daily_open,2026-09-25,2.3821189484517578,2,LONG,2026-09-24,36219297619,11e8247c304fc6a3ee5eaa63eabc7f9e4eb0e8f1366d6bee351e1094ac81ba1d,Delta_LS_70_30_StopVol,NEAR,0.07814472361024807,0.07166190807623002
7c7f6cf331d2fa41c6ff2a06fcee3bd86f8f80ea42758dee7b6ee3ca08042c9a,2026-09-25,signal_close_then_next_daily_open,2026-09-25,1.0991483206232842,2,LONG,2026-09-24,36219297619,11e8247c304fc6a3ee5eaa63eabc7f9e4eb0e8f1366d6bee351e1094ac81ba1d,Delta_LS_70_30_StopVol,ARB,0.05037510865688261,0.11116601332104296
a89fde07b0cbda00bec5643074daf958c03221559e2965b3eb57176e6305de87,2026-09-25,signal_close_then_next_daily_open,2026-09-25,0.592929183840302,2,LONG,2026-09-24,36219297619,11e8247c304fc6a3ee5eaa63eabc7f9e4eb0e8f1366d6bee351e1094ac81ba1d,Delta_LS_70_30_StopVol,BCH,0.08520974109315411,0.06572018560504596
0327dfd6af904cef80a50cfeacc1474cda5f14e615c088f6c7e0976be9d70359,2026-09-25,signal_close_then_next_daily_open,2026-09-25,0.4139750767096528,2,LONG,2026-09-24,36219297619,11e8247c304fc6a3ee5eaa63eabc7f9e4eb0e8f1366d6bee351e1094ac81ba1d,Delta_LS_70_30_StopVol,SUI,0.11310142175785767,0.04951308226689857
4b48ee6b446808771cb8bbe078d17413255a94a8d5148c146e1d6c19a5b5f5ee,2026-09-25,signal_close_then_next_daily_open,2026-09-25,-0.47852194921847124,2,SHORT,2026-09-24,36219297619,11e8247c304fc6a3ee5eaa63eabc7f9e4eb0e8f1366d6bee351e1094ac81ba1d,Delta_LS_70_30_StopVol,LINK,-0.05988025567890609,0.04007998918490663
a90c39f4a807ba05bbe04b75aec2e61d4fe6489cee71db8e9737e7c52ffb8325,2026-09-25,signal_close_then_next_daily_open,2026-09-25,-0.728863087230444,2,SHORT,2026-09-24,36219297619,11e8247c304fc6a3ee5eaa63eabc7f9e4eb0e8f1366d6bee351e1094ac81ba1d,Delta_LS_70_30_StopVol,DOT,-0.04308259458570117,0.05570695133566872
03272ac0cbba8b5a8d31d6d98d5c9ffe92a9e5d0ef2a33b3ac8a94faf6f765e1,2026-09-25,signal_close_then_next_daily_open,2026-09-25,-1.0344764514090015,2,SHORT,2026-09-24,36219297619,11e8247c304fc6a3ee5eaa63eabc7f9e4eb0e8f1366d6bee351e1094ac81ba1d,Delta_LS_70_30_StopVol,TRX,-0.06,0.009751228285110318
b418fd23ddf2c5235cdf58bbb1bd18b1c905b55accba313a4cd0bc70388df993,2026-09-25,signal_close_then_next_daily_open,2026-09-25,2.3821189484517578,2,LONG,2026-09-24,36219297619,11e8247c304fc6a3ee5eaa63eabc7f9e4eb0e8f1366d6bee351e1094ac81ba1d,Delta_LS_50_50,NEAR,0.1,0.07166190807623002
6cb9c9f39b2d0d8264a73082ad5d7aa86d02330b6bce2b6846ef222d7d651342,2026-09-25,signal_close_then_next_daily_open,2026-09-25,1.0991483206232842,2,LONG,2026-09-24,36219297619,11e8247c304fc6a3ee5eaa63eabc7f9e4eb0e8f1366d6bee351e1094ac81ba1d,Delta_LS_50_50,ARB,0.1,0.11116601332104296
2c3ed321b971cda97c022e31a655e424717f10c223e8937debc9a2cc91501aa8,2026-09-25,signal_close_then_next_daily_open,2026-09-25,0.592929183840302,2,LONG,2026-09-24,36219297619,11e8247c304fc6a3ee5eaa63eabc7f9e4eb0e8f1366d6bee351e1094ac81ba1d,Delta_LS_50_50,BCH,0.1,0.06572018560504596
f63424c81ac877e012ef056313cec581596df27f865594dee7dc32f3d1809325,2026-09-25,signal_close_then_next_daily_open,2026-09-25,0.4139750767096528,2,LONG,2026-09-24,36219297619,11e8247c304fc6a3ee5eaa63eabc7f9e4eb0e8f1366d6bee351e1094ac81ba1d,Delta_LS_50_50,SUI,0.1,0.04951308226689857
978908c3a7418a8980a84137059fce0dad456b4c46e8b7ffca9859913f24ec49,2026-09-25,signal_close_then_next_daily_open,2026-09-25,-0.47852194921847124,2,SHORT,2026-09-24,36219297619,11e8247c304fc6a3ee5eaa63eabc7f9e4eb0e8f1366d6bee351e1094ac81ba1d,Delta_LS_50_50,LINK,-0.1,0.04007998918490663
8ac8bb5c28d4a39df5a5d46c16910cc000cc227c5441a5ffd0bd2b6552605698,2026-09-25,signal_close_then_next_daily_open,2026-09-25,-0.728863087230444,2,SHORT,2026-09-24,36219297619,11e8247c304fc6a3ee5eaa63eabc7f9e4eb0e8f1366d6bee351e1094ac81ba1d,Delta_LS_50_50,DOT,-0.1,0.05570695133566872
455f6baa8b1829c02b4be8366e069a08359b072f68d9b96410f93cdff1f5ec5e,2026-09-25,signal_close_then_next_daily_open,2026-09-25,-1.0344764514090015,2,SHORT,2026-09-24,36219297619,11e8247c304fc6a3ee5eaa63eabc7f9e4eb0e8f1366d6bee351e1094ac81ba1d,Delta_LS_50_50,TRX,-0.1,0.009751228285110318
68b7c2ad9a129c5ac577335faee61d68504923450c973538d7959a4d1ba282ea,2026-09-25,signal_close_then_next_daily_open,2026-09-25,2.3821189484517578,2,LONG,2026-09-24,36219297619,11e8247c304fc6a3ee5eaa63eabc7f9e4eb0e8f1366d6bee351e1094ac81ba1d,Delta_LS_50_50_StopVol,NEAR,0.055817659721605774,0.07166190807623002
eca88470bcb92a2739ee0276c2a1ba4fedab8508cfc54cef9490e952942d443d,2026-09-25,signal_close_then_next_daily_open,2026-09-25,1.0991483206232842,2,LONG,2026-09-24,36219297619,11e8247c304fc6a3ee5eaa63eabc7f9e4eb0e8f1366d6bee351e1094ac81ba1d,Delta_LS_50_50_StopVol,ARB,0.035982220469201874,0.11116601332104296
9f16db4f7aa52f16ca22fb109cf4fa42bdd562e05db6991b69ba012db21a19a0,2026-09-25,signal_close_then_next_daily_open,2026-09-25,0.592929183840302,2,LONG,2026-09-24,36219297619,11e8247c304fc6a3ee5eaa63eabc7f9e4eb0e8f1366d6bee351e1094ac81ba1d,Delta_LS_50_50_StopVol,BCH,0.060864100780824375,0.06572018560504596
2d2080eba26df11d169b576156723a4b648c42e9fd58be636c2228428af03ed7,2026-09-25,signal_close_then_next_daily_open,2026-09-25,0.4139750767096528,2,LONG,2026-09-24,36219297619,11e8247c304fc6a3ee5eaa63eabc7f9e4eb0e8f1366d6bee351e1094ac81ba1d,Delta_LS_50_50_StopVol,SUI,0.08078672982704121,0.04951308226689857
9417a51bcc4a47aa2917c57bac3879b3c1d3692cf00dc55e3217f610678a1793,2026-09-25,signal_close_then_next_daily_open,2026-09-25,-0.47852194921847124,2,SHORT,2026-09-24,36219297619,11e8247c304fc6a3ee5eaa63eabc7f9e4eb0e8f1366d6bee351e1094ac81ba1d,Delta_LS_50_50_StopVol,LINK,-0.09980042613151016,0.04007998918490663
6235442fd49a78250aa1e9d518e72439256108e652d46ca18549d7db8ba790f9,2026-09-25,signal_close_then_next_daily_open,2026-09-25,-0.728863087230444,2,SHORT,2026-09-24,36219297619,11e8247c304fc6a3ee5eaa63eabc7f9e4eb0e8f1366d6bee351e1094ac81ba1d,Delta_LS_50_50_StopVol,DOT,-0.07180432430950195,0.05570695133566872
9bb98bc6d84e402fbe81596f084ba160acb0528ae6f1399d9663936ecd77fd91,2026-09-25,signal_close_then_next_daily_open,2026-09-25,-1.0344764514090015,2,SHORT,2026-09-24,36219297619,11e8247c304fc6a3ee5eaa63eabc7f9e4eb0e8f1366d6bee351e1094ac81ba1d,Delta_LS_50_50_StopVol,TRX,-0.1,0.009751228285110318
