date,entry_price,event,event_sha256,paper_monitor_date,price,return,side,signed_weight,source_run_id,source_zip_sha256,stop_level,stop_pct,strategy,symbol,take_level,take_pct,trailing_pct
2026-08-14,0.1822,ENTRY,f5fc3018519ccd97a76dc5c11ab3f868e4210c5ddea1c3301a5c99e03d8c2d7d,2026-08-14,0.1822,,LONG,0.13999999999999999,31857524889,157326c18babf3bfa31bb4ce01c0a2a237a0f930ad98b044985913eed0e5bf00,,0.0759572871426584,Delta_LS_70_30,ADA,,0.1519145742853168,0.045574372285595036
2026-08-14,1885.39,ENTRY,3598fb62c4e74dae75f97b30153d718da58b25e44930d4756539e149758b08c1,2026-08-14,1885.39,,LONG,0.13999999999999999,31857524889,157326c18babf3bfa31bb4ce01c0a2a237a0f930ad98b044985913eed0e5bf00,,0.06,Delta_LS_70_30,ETH,,0.12,0.04
2026-08-14,0.6769,ENTRY,ff190315da4f42dbd76d4223d652ab2b2988da63b61513a12b5936b0ed4230ca,2026-08-14,0.6769,,SHORT,-0.06,31857524889,157326c18babf3bfa31bb4ce01c0a2a237a0f930ad98b044985913eed0e5bf00,,0.07287144275967947,Delta_LS_70_30,FIL,,0.14574288551935893,0.04372286565580768
2026-08-14,0.1822,ENTRY,0dbe8632a6684fc6e33b5681709bd4ae391bbe9360afd41d88710c7ae9c3f439,2026-08-14,0.1822,,LONG,0.13999999999999999,31857524889,157326c18babf3bfa31bb4ce01c0a2a237a0f930ad98b044985913eed0e5bf00,,0.0759572871426584,Delta_LS_70_30_StopVol,ADA,,0.1519145742853168,0.045574372285595036
2026-08-14,1885.39,ENTRY,e41b3d68c9409bce67eafa4837c7bdea9f3cf23917e41aba3ae893fed7ef75ce,2026-08-14,1885.39,,LONG,0.13999999999999999,31857524889,157326c18babf3bfa31bb4ce01c0a2a237a0f930ad98b044985913eed0e5bf00,,0.06,Delta_LS_70_30_StopVol,ETH,,0.12,0.04
2026-08-14,0.6769,ENTRY,417d937b093d9cb9f4395b54f6959fbb91dd9f1ae216ba93f132505e1d239d2f,2026-08-14,0.6769,,SHORT,-0.06,31857524889,157326c18babf3bfa31bb4ce01c0a2a237a0f930ad98b044985913eed0e5bf00,,0.07287144275967947,Delta_LS_70_30_StopVol,FIL,,0.14574288551935893,0.04372286565580768
2026-08-14,0.1822,ENTRY,98b770ceb8da371829ac7ff40d33da05e37207c3435ae100707fdca001a70e43,2026-08-14,0.1822,,LONG,0.1,31857524889,157326c18babf3bfa31bb4ce01c0a2a237a0f930ad98b044985913eed0e5bf00,,0.0759572871426584,Delta_LS_50_50,ADA,,0.1519145742853168,0.045574372285595036
2026-08-14,1885.39,ENTRY,3331d579f75251c72a27e0505b1fcdfda04d12671fca5c8d6e74cd63e84c3096,2026-08-14,1885.39,,LONG,0.1,31857524889,157326c18babf3bfa31bb4ce01c0a2a237a0f930ad98b044985913eed0e5bf00,,0.06,Delta_LS_50_50,ETH,,0.12,0.04
2026-08-14,0.6769,ENTRY,854d1fb7437f4294797e81bd943c0a526cc13e8a13cb92be0347effc42329cb0,2026-08-14,0.6769,,SHORT,-0.1,31857524889,157326c18babf3bfa31bb4ce01c0a2a237a0f930ad98b044985913eed0e5bf00,,0.07287144275967947,Delta_LS_50_50,FIL,,0.14574288551935893,0.04372286565580768
2026-08-14,0.1822,ENTRY,ee330dc114496f2aa2b71a87888211f4351dfa072a3fb93ed5b3adf81d24d695,2026-08-14,0.1822,,LONG,0.1,31857524889,157326c18babf3bfa31bb4ce01c0a2a237a0f930ad98b044985913eed0e5bf00,,0.0759572871426584,Delta_LS_50_50_StopVol,ADA,,0.1519145742853168,0.045574372285595036
2026-08-14,1885.39,ENTRY,f5af98b460dadeb51da7dc35b69af12624030481668f8789100cd52ed8227376,2026-08-14,1885.39,,LONG,0.1,31857524889,157326c18babf3bfa31bb4ce01c0a2a237a0f930ad98b044985913eed0e5bf00,,0.06,Delta_LS_50_50_StopVol,ETH,,0.12,0.04
2026-08-14,0.6769,ENTRY,fa51435dc1e7bdc63a6a4ee8d76d675f55fe858841f73d4f876608ce76298a96,2026-08-14,0.6769,,SHORT,-0.1,31857524889,157326c18babf3bfa31bb4ce01c0a2a237a0f930ad98b044985913eed0e5bf00,,0.07287144275967947,Delta_LS_50_50_StopVol,FIL,,0.14574288551935893,0.04372286565580768
2026-08-15,0.6769,STOP_INTRADAY,985823dea4beefda5fdb2656f39d865eaef072dd28864a9fcec2602457d024f5,2026-08-15,0.6907357924910136,,SHORT,-0.06,31920701844,d7e20b768615b57989f289328ca808e61fa128f2b03a47faf89fd9a837636f0d,0.6907357924910136,,Delta_LS_70_30,FIL,0.5782466407919459,,
2026-08-15,0.6769,STOP_INTRADAY,1e66e3e17ac39cc894d788c47cf33819c4e578ea4d5e6d5c031fcf75ac6c8cba,2026-08-15,0.6907357924910136,,SHORT,-0.06,31920701844,d7e20b768615b57989f289328ca808e61fa128f2b03a47faf89fd9a837636f0d,0.6907357924910136,,Delta_LS_70_30_StopVol,FIL,0.5782466407919459,,
2026-08-15,0.6769,STOP_INTRADAY,2eabf9b60c9fb2d8eb69bf3ecd7bdf254e76e287a15c7a48e7dae3006d42ef4e,2026-08-15,0.6907357924910136,,SHORT,-0.1,31920701844,d7e20b768615b57989f289328ca808e61fa128f2b03a47faf89fd9a837636f0d,0.6907357924910136,,Delta_LS_50_50,FIL,0.5782466407919459,,
2026-08-15,0.6769,STOP_INTRADAY,721edd303db9b977757effe598146e58ebaef5689b8e1a65ceedd90e2436faca,2026-08-15,0.6907357924910136,,SHORT,-0.1,31920701844,d7e20b768615b57989f289328ca808e61fa128f2b03a47faf89fd9a837636f0d,0.6907357924910136,,Delta_LS_50_50_StopVol,FIL,0.5782466407919459,,
2026-08-16,89.25,REBALANCE_EXIT,de5f05dc8060a5e97939961a347c44a61558ad7246c3aa5620f02c171d3f0c50,2026-08-16,86.12,,SHORT,-0.06,32024828624,f0a0a47b10777b04e721a1304130a592d916eb755016b06f032f2bc3503c417b,,,Delta_LS_70_30,AAVE,,,
2026-08-16,0.1822,REBALANCE_EXIT,551ae5a064486289681df260807a9d0019e0059d7c03110c202243409f4e8249,2026-08-16,0.1762,,LONG,0.13999999999999999,32024828624,f0a0a47b10777b04e721a1304130a592d916eb755016b06f032f2bc3503c417b,,,Delta_LS_70_30,ADA,,,
2026-08-16,0.5368,ENTRY,60e3afdb20d7c4b76aa121c5521539b82879a1fca48a1e1e105d800950e30572,2026-08-16,0.5368,,SHORT,-0.06,32024828624,f0a0a47b10777b04e721a1304130a592d916eb755016b06f032f2bc3503c417b,,0.06,Delta_LS_70_30,APT,,0.12,0.04
2026-08-16,6.393,REBALANCE_EXIT,25c7a6cf46038ae33dc22f468967e75cbf5be823e48de6ba403d39df66accb07,2026-08-16,6.21,,SHORT,-0.06,32024828624,f0a0a47b10777b04e721a1304130a592d916eb755016b06f032f2bc3503c417b,,,Delta_LS_70_30,ETC,,,
2026-08-16,76.23,STOP_INTRADAY,87bef9c6752d2506b39737185ce362374144e042861eed44e05f6d4e9a89e190,2026-08-16,74.208,,LONG,0.13999999999999999,32024828624,f0a0a47b10777b04e721a1304130a592d916eb755016b06f032f2bc3503c417b,74.208,,Delta_LS_70_30,SOL,85.37760000000002,,
2026-08-16,8.668,STOP_INTRADAY,1b187ff1c6f78e14758763532b800dbb7e1a8cfbee63ead30efe9f959ace719e,2026-08-16,9.355199999999998,,LONG,0.13999999999999999,32024828624,f0a0a47b10777b04e721a1304130a592d916eb755016b06f032f2bc3503c417b,9.355199999999998,,Delta_LS_70_30,LINK,9.775727297148839,,
2026-08-16,89.25,REBALANCE_EXIT,e71571820a31e3599d3f202fc1deded2f43e8fd20e7a838bcc9103da4aee7b53,2026-08-16,86.12,,SHORT,-0.06,32024828624,f0a0a47b10777b04e721a1304130a592d916eb755016b06f032f2bc3503c417b,,,Delta_LS_70_30_StopVol,AAVE,,,
2026-08-16,0.1822,REBALANCE_EXIT,b9c4b8cec23c038d19535bd624efaf703f7014ee635df8b2f60be157cf126c60,2026-08-16,0.1762,,LONG,0.13999999999999999,32024828624,f0a0a47b10777b04e721a1304130a592d916eb755016b06f032f2bc3503c417b,,,Delta_LS_70_30_StopVol,ADA,,,
2026-08-16,0.5368,ENTRY,b9bee2466c2d94760cd629809c09ccf63231016eff6b4204fc976937ec96a85b,2026-08-16,0.5368,,SHORT,-0.06,32024828624,f0a0a47b10777b04e721a1304130a592d916eb755016b06f032f2bc3503c417b,,0.06,Delta_LS_70_30_StopVol,APT,,0.12,0.04
2026-08-16,6.393,REBALANCE_EXIT,3d6ac924310215d371311908a78793b84fd2c2ad20b0967503dcf5722fd373c5,2026-08-16,6.21,,SHORT,-0.06,32024828624,f0a0a47b10777b04e721a1304130a592d916eb755016b06f032f2bc3503c417b,,,Delta_LS_70_30_StopVol,ETC,,,
2026-08-16,76.23,STOP_INTRADAY,82ac93596980276b73902e6f9336afea9b6cd21deb5fd8b12b3fceec8456b170,2026-08-16,74.208,,LONG,0.13999999999999999,32024828624,f0a0a47b10777b04e721a1304130a592d916eb755016b06f032f2bc3503c417b,74.208,,Delta_LS_70_30_StopVol,SOL,85.37760000000002,,
2026-08-16,8.668,STOP_INTRADAY,f9b5879bf58f5f284dbc58516982c9b96a554e35cb530ac1660fa44d01194c88,2026-08-16,9.355199999999998,,LONG,0.13999999999999999,32024828624,f0a0a47b10777b04e721a1304130a592d916eb755016b06f032f2bc3503c417b,9.355199999999998,,Delta_LS_70_30_StopVol,LINK,9.775727297148839,,
2026-08-16,89.25,REBALANCE_EXIT,8a9df649ed29c860866153ab19b842dcc579947274b60cd83779eefdab1512d6,2026-08-16,86.12,,SHORT,-0.1,32024828624,f0a0a47b10777b04e721a1304130a592d916eb755016b06f032f2bc3503c417b,,,Delta_LS_50_50,AAVE,,,
2026-08-16,0.1822,REBALANCE_EXIT,bb175e251755267556490fd559b088321709712e179841c98d91e5cb654afaaa,2026-08-16,0.1762,,LONG,0.1,32024828624,f0a0a47b10777b04e721a1304130a592d916eb755016b06f032f2bc3503c417b,,,Delta_LS_50_50,ADA,,,
2026-08-16,0.5368,ENTRY,946727e82993ca831144ae169c46b892c1f34297b92ad889f702d20d24d0cf65,2026-08-16,0.5368,,SHORT,-0.1,32024828624,f0a0a47b10777b04e721a1304130a592d916eb755016b06f032f2bc3503c417b,,0.06,Delta_LS_50_50,APT,,0.12,0.04
2026-08-16,6.393,REBALANCE_EXIT,1f35bba1d9bc0ae880c46a5a3962e624cc261b5be7ad3cc276ab5d82548ff5ed,2026-08-16,6.21,,SHORT,-0.1,32024828624,f0a0a47b10777b04e721a1304130a592d916eb755016b06f032f2bc3503c417b,,,Delta_LS_50_50,ETC,,,
2026-08-16,76.23,STOP_INTRADAY,00256b5eff32faa5006afeaf130770dcb08693666c95d0aa9cf145b2e845f3b7,2026-08-16,74.208,,LONG,0.1,32024828624,f0a0a47b10777b04e721a1304130a592d916eb755016b06f032f2bc3503c417b,74.208,,Delta_LS_50_50,SOL,85.37760000000002,,
2026-08-16,8.668,STOP_INTRADAY,4966081745ce95a1a1bc488a068f240cb24ef110a4dcd7e68a65b01c579324d4,2026-08-16,9.355199999999998,,LONG,0.1,32024828624,f0a0a47b10777b04e721a1304130a592d916eb755016b06f032f2bc3503c417b,9.355199999999998,,Delta_LS_50_50,LINK,9.775727297148839,,
2026-08-16,89.25,REBALANCE_EXIT,257d2b957ad2a593a6c0d576247fced85007a649fa75d47f4e067af266046eb9,2026-08-16,86.12,,SHORT,-0.1,32024828624,f0a0a47b10777b04e721a1304130a592d916eb755016b06f032f2bc3503c417b,,,Delta_LS_50_50_StopVol,AAVE,,,
2026-08-16,0.1822,REBALANCE_EXIT,27b00dccf6b8c80560a7c40ca758457a4a37fb74fb52334067a376efe0d200d8,2026-08-16,0.1762,,LONG,0.1,32024828624,f0a0a47b10777b04e721a1304130a592d916eb755016b06f032f2bc3503c417b,,,Delta_LS_50_50_StopVol,ADA,,,
2026-08-16,0.5368,ENTRY,0c10bb4ffab9ce3e6b795938f92d9255eb7489d14a22f7ba694033d5e6bd2bfc,2026-08-16,0.5368,,SHORT,-0.1,32024828624,f0a0a47b10777b04e721a1304130a592d916eb755016b06f032f2bc3503c417b,,0.06,Delta_LS_50_50_StopVol,APT,,0.12,0.04
2026-08-16,6.393,REBALANCE_EXIT,aa072b01b8b7e62aa37891eafa1e7ef3045b45ad42a54b1679d2766a72594a15,2026-08-16,6.21,,SHORT,-0.1,32024828624,f0a0a47b10777b04e721a1304130a592d916eb755016b06f032f2bc3503c417b,,,Delta_LS_50_50_StopVol,ETC,,,
2026-08-16,76.23,STOP_INTRADAY,bbc2ae5b3236ceae967d969e9d6cc05c5566418be3359c94653399e279c1e56b,2026-08-16,74.208,,LONG,0.1,32024828624,f0a0a47b10777b04e721a1304130a592d916eb755016b06f032f2bc3503c417b,74.208,,Delta_LS_50_50_StopVol,SOL,85.37760000000002,,
2026-08-16,8.668,STOP_INTRADAY,d9050050eaf156755604502bdf003480f42362bc990261b7432771c4fef0eea9,2026-08-16,9.355199999999998,,LONG,0.1,32024828624,f0a0a47b10777b04e721a1304130a592d916eb755016b06f032f2bc3503c417b,9.355199999999998,,Delta_LS_50_50_StopVol,LINK,9.775727297148839,,
2026-08-17,62878.7,ENTRY,fd2b3b8a12f926337fe1ddedb87b6bb524db99ca5db71e12a47b8208819940b6,2026-08-17,62878.7,,LONG,0.13999999999999999,32089595142,c2b41c5ed31ded4ab413ec5a82021b1b6be144172ca2160a3df5abc952fcf2b6,,0.06,Delta_LS_70_30,BTC,,0.12,0.04
2026-08-17,1.602,ENTRY,b4e3ee939f253684c54466909679762b2384cb9f94e28d9615b18fdf4f0a1444,2026-08-17,1.602,,SHORT,-0.06,32089595142,c2b41c5ed31ded4ab413ec5a82021b1b6be144172ca2160a3df5abc952fcf2b6,,0.060581120777383354,Delta_LS_70_30,NEAR,,0.12116224155476671,0.04
2026-08-17,0.07399,STOP_INTRADAY,c9a577d552f6fb5459f74d626ec556f9f45d8aa96589139e787fc09c989d617b,2026-08-17,0.07508998050045493,,SHORT,-0.06,32089595142,c2b41c5ed31ded4ab413ec5a82021b1b6be144172ca2160a3df5abc952fcf2b6,0.07508998050045493,,Delta_LS_70_30,ARB,0.06372650727199056,,
2026-08-17,0.5368,STOP_INTRADAY,3823f779a2f49020869bae4eacc6ed209cf8f2a85cc4b0aaaaa4bd4a4ef1a56a,2026-08-17,0.532688,,SHORT,-0.06,32089595142,c2b41c5ed31ded4ab413ec5a82021b1b6be144172ca2160a3df5abc952fcf2b6,0.532688,,Delta_LS_70_30,APT,0.472384,,
2026-08-17,62878.7,ENTRY,7b8c4b6ff67a2d9997d26b5a51bfce23e9766a96792dab96e98edf330d695d7a,2026-08-17,62878.7,,LONG,0.13999999999999999,32089595142,c2b41c5ed31ded4ab413ec5a82021b1b6be144172ca2160a3df5abc952fcf2b6,,0.06,Delta_LS_70_30_StopVol,BTC,,0.12,0.04
2026-08-17,1.602,ENTRY,35b5cb754ff44f58c57d22abc5fd03265dbf355a288143f8d88276060ede002f,2026-08-17,1.602,,SHORT,-0.06,32089595142,c2b41c5ed31ded4ab413ec5a82021b1b6be144172ca2160a3df5abc952fcf2b6,,0.060581120777383354,Delta_LS_70_30_StopVol,NEAR,,0.12116224155476671,0.04
2026-08-17,0.07399,STOP_INTRADAY,4d849dbaaa5b2273b1fee4eaf4bb3257e86eb45e32229b7a1e95fcf45e8d4924,2026-08-17,0.07508998050045493,,SHORT,-0.06,32089595142,c2b41c5ed31ded4ab413ec5a82021b1b6be144172ca2160a3df5abc952fcf2b6,0.07508998050045493,,Delta_LS_70_30_StopVol,ARB,0.06372650727199056,,
2026-08-17,0.5368,STOP_INTRADAY,5491b71f8b9e74eddeb97f747d56c378abde85666eb339b0eadbba87757426c4,2026-08-17,0.532688,,SHORT,-0.06,32089595142,c2b41c5ed31ded4ab413ec5a82021b1b6be144172ca2160a3df5abc952fcf2b6,0.532688,,Delta_LS_70_30_StopVol,APT,0.472384,,
2026-08-17,62878.7,ENTRY,1d9825ff84f361580866df5847df8ff92494f776663da26e3e3a22861f22cf9b,2026-08-17,62878.7,,LONG,0.1,32089595142,c2b41c5ed31ded4ab413ec5a82021b1b6be144172ca2160a3df5abc952fcf2b6,,0.06,Delta_LS_50_50,BTC,,0.12,0.04
2026-08-17,1.602,ENTRY,53543b20b44583909ab1b24b0245f088280a5c989b280c6ef807f90cc7a93e2f,2026-08-17,1.602,,SHORT,-0.1,32089595142,c2b41c5ed31ded4ab413ec5a82021b1b6be144172ca2160a3df5abc952fcf2b6,,0.060581120777383354,Delta_LS_50_50,NEAR,,0.12116224155476671,0.04
2026-08-17,0.07399,STOP_INTRADAY,c116dee5a3853e5491139af3c397f020e8d15280113bf3cc49ff40857c987311,2026-08-17,0.07508998050045493,,SHORT,-0.1,32089595142,c2b41c5ed31ded4ab413ec5a82021b1b6be144172ca2160a3df5abc952fcf2b6,0.07508998050045493,,Delta_LS_50_50,ARB,0.06372650727199056,,
2026-08-17,0.5368,STOP_INTRADAY,fed3373a0107e880e3b9049440b623f229feca17ff559acbaf177409493d3306,2026-08-17,0.532688,,SHORT,-0.1,32089595142,c2b41c5ed31ded4ab413ec5a82021b1b6be144172ca2160a3df5abc952fcf2b6,0.532688,,Delta_LS_50_50,APT,0.472384,,
2026-08-17,62878.7,ENTRY,0706d9e5e1c4b3c8f1575a5c4c322dbe3f7a8c47c48d05ce5bf5a7e10a0ae5de,2026-08-17,62878.7,,LONG,0.1,32089595142,c2b41c5ed31ded4ab413ec5a82021b1b6be144172ca2160a3df5abc952fcf2b6,,0.06,Delta_LS_50_50_StopVol,BTC,,0.12,0.04
2026-08-17,1.602,ENTRY,148d9d8ceba7478c859979c28a1df21c18cc294f5691fda4aef32a5afa8d1cfd,2026-08-17,1.602,,SHORT,-0.1,32089595142,c2b41c5ed31ded4ab413ec5a82021b1b6be144172ca2160a3df5abc952fcf2b6,,0.060581120777383354,Delta_LS_50_50_StopVol,NEAR,,0.12116224155476671,0.04
2026-08-17,0.07399,STOP_INTRADAY,8a51d40d3d39b4ac334d74c47c83abad906c8fd60b5f595cecb51cce7cc3d42c,2026-08-17,0.07508998050045493,,SHORT,-0.1,32089595142,c2b41c5ed31ded4ab413ec5a82021b1b6be144172ca2160a3df5abc952fcf2b6,0.07508998050045493,,Delta_LS_50_50_StopVol,ARB,0.06372650727199056,,
2026-08-17,0.5368,STOP_INTRADAY,32f6827926b4c0a7ece3b5ca4ee42190e97e2a6d6e0a234344ec57ee2ef5558b,2026-08-17,0.532688,,SHORT,-0.1,32089595142,c2b41c5ed31ded4ab413ec5a82021b1b6be144172ca2160a3df5abc952fcf2b6,0.532688,,Delta_LS_50_50_StopVol,APT,0.472384,,
2026-08-18,0.6722,ENTRY,78189a77e694a56044c9771643f7162ef6d73ef9a25979beae6e845f9ed0526d,2026-08-18,0.6722,,SHORT,-0.06,32206461867,9163dc5bcc123e5cf1f44c518f48e3f78636f087412b6a5fb949dbb05ad0e856,,0.07226045970966874,Delta_LS_70_30,FIL,,0.14452091941933748,0.043356275825801247
2026-08-18,1.602,REBALANCE_EXIT,6f5ac31d0eddddf5d88a88e27dc7e86f436ce958fd10f3717c5cc8926a9940ab,2026-08-18,1.636,,SHORT,-0.06,32206461867,9163dc5bcc123e5cf1f44c518f48e3f78636f087412b6a5fb949dbb05ad0e856,,,Delta_LS_70_30,NEAR,,,
2026-08-18,0.6722,ENTRY,cdfccbb131dd684170bd58112428225dd1accad558bc93321bcc4535574fc263,2026-08-18,0.6722,,SHORT,-0.06,32206461867,9163dc5bcc123e5cf1f44c518f48e3f78636f087412b6a5fb949dbb05ad0e856,,0.07226045970966874,Delta_LS_70_30_StopVol,FIL,,0.14452091941933748,0.043356275825801247
2026-08-18,1.602,REBALANCE_EXIT,c0224a8c44c0f7e88bb7cfeb986475542032199a7ce349765b45e304f1121b33,2026-08-18,1.636,,SHORT,-0.06,32206461867,9163dc5bcc123e5cf1f44c518f48e3f78636f087412b6a5fb949dbb05ad0e856,,,Delta_LS_70_30_StopVol,NEAR,,,
2026-08-18,0.6722,ENTRY,2b9ce17fe6ea5ad9ce4d29a22e63165f15f76b5a5b68554bd0b0246707d7db4b,2026-08-18,0.6722,,SHORT,-0.1,32206461867,9163dc5bcc123e5cf1f44c518f48e3f78636f087412b6a5fb949dbb05ad0e856,,0.07226045970966874,Delta_LS_50_50,FIL,,0.14452091941933748,0.043356275825801247
2026-08-18,1.602,REBALANCE_EXIT,1000ce6a5a526ca0ef606927100a36f23f8a1a4e6b5c12edc5c502dfef29fdb4,2026-08-18,1.636,,SHORT,-0.1,32206461867,9163dc5bcc123e5cf1f44c518f48e3f78636f087412b6a5fb949dbb05ad0e856,,,Delta_LS_50_50,NEAR,,,
2026-08-18,0.6722,ENTRY,5767415f8d1c7eefd2320498212753e13ccc145b1c55f671d3db3d7863f0bd68,2026-08-18,0.6722,,SHORT,-0.1,32206461867,9163dc5bcc123e5cf1f44c518f48e3f78636f087412b6a5fb949dbb05ad0e856,,0.07226045970966874,Delta_LS_50_50_StopVol,FIL,,0.14452091941933748,0.043356275825801247
2026-08-18,1.602,REBALANCE_EXIT,ea84c7f2770ecec762fcd97a3a30bdc350365566bc7e6994b7bed882dcc09675,2026-08-18,1.636,,SHORT,-0.1,32206461867,9163dc5bcc123e5cf1f44c518f48e3f78636f087412b6a5fb949dbb05ad0e856,,,Delta_LS_50_50_StopVol,NEAR,,,
2026-08-19,9.532,ENTRY,8e2fb8207a823570e1835a7c31b8f8e7315705c656a1ef9a5b54a89b21d1f63c,2026-08-19,9.532,,LONG,0.13999999999999999,32322475337,d625b772ab099386fc2f5386fe6aadb8276ecef4e4ec5e08fce335afdd493005,,0.06252701776787034,Delta_LS_70_30,LINK,,0.12505403553574068,0.04
2026-08-19,0.08201,ENTRY,66c3fccecdb3561501b257486657b96c326740d9850255cdfa0e648f25df532e,2026-08-19,0.08201,,SHORT,-0.06,32322475337,d625b772ab099386fc2f5386fe6aadb8276ecef4e4ec5e08fce335afdd493005,,0.07405129355419666,Delta_LS_70_30,OP,,0.14810258710839333,0.044430776132518
2026-08-19,77.02,ENTRY,60bd999258919564c858b2ae36d6a12bc29c2c70e85278dc5f35ed9df813e467,2026-08-19,77.02,,LONG,0.13999999999999999,32322475337,d625b772ab099386fc2f5386fe6aadb8276ecef4e4ec5e08fce335afdd493005,,0.06,Delta_LS_70_30,SOL,,0.12,0.04
2026-08-19,1885.39,TAKE_PROFIT_INTRADAY,efb07fe4207c7d4534e0f87e17ec47ed553b53293c5ee09b4dc71a109bbaef1e,2026-08-19,2111.6368,,LONG,0.13999999999999999,32322475337,d625b772ab099386fc2f5386fe6aadb8276ecef4e4ec5e08fce335afdd493005,1845.36,,Delta_LS_70_30,ETH,2111.6368,,
2026-08-19,0.6722,STOP_INTRADAY,4040f743debf2247f5188466c0297a1692e377cbc92ade341a4c7b0796bd161e,2026-08-19,0.6333172594262614,,SHORT,-0.06,32322475337,d625b772ab099386fc2f5386fe6aadb8276ecef4e4ec5e08fce335afdd493005,0.6333172594262614,,Delta_LS_70_30,FIL,0.5750530379663213,,
2026-08-19,9.532,TAKE_PROFIT_INTRADAY,37b28fef6d5f4526bde81e6f64b53e613c7ce7ff8250a26f27b30cc1b052e724,2026-08-19,10.724015066726679,,LONG,0.13999999999999999,32322475337,d625b772ab099386fc2f5386fe6aadb8276ecef4e4ec5e08fce335afdd493005,9.15072,,Delta_LS_70_30,LINK,10.724015066726679,,
2026-08-19,0.08201,STOP_INTRADAY,f9dff7a7bd2335d4345d7f2d903d302890c38d0a883b2ac7d2d4cca4cd7bd677,2026-08-19,0.0856537679506278,,SHORT,-0.06,32322475337,d625b772ab099386fc2f5386fe6aadb8276ecef4e4ec5e08fce335afdd493005,0.0856537679506278,,Delta_LS_70_30,OP,0.06986410683124067,,
2026-08-19,77.02,TAKE_PROFIT_INTRADAY,09ec24545d8e8d25b2604f5fd90612369df75c02b5a6d67d48e30a8341a743a7,2026-08-19,86.2624,,LONG,0.13999999999999999,32322475337,d625b772ab099386fc2f5386fe6aadb8276ecef4e4ec5e08fce335afdd493005,73.9392,,Delta_LS_70_30,SOL,86.2624,,
2026-08-19,9.532,ENTRY,142b560993096bc60597e1cf7087e378a87f1b7e1361b62226fa8a809e2dd5d4,2026-08-19,9.532,,LONG,0.13999999999999999,32322475337,d625b772ab099386fc2f5386fe6aadb8276ecef4e4ec5e08fce335afdd493005,,0.06252701776787034,Delta_LS_70_30_StopVol,LINK,,0.12505403553574068,0.04
2026-08-19,0.08201,ENTRY,79e88c779b0e7776d91799ced163c8debd4278f8d77e7c6f9f0c0b79355842cd,2026-08-19,0.08201,,SHORT,-0.06,32322475337,d625b772ab099386fc2f5386fe6aadb8276ecef4e4ec5e08fce335afdd493005,,0.07405129355419666,Delta_LS_70_30_StopVol,OP,,0.14810258710839333,0.044430776132518
2026-08-19,77.02,ENTRY,ef3d04c1cfe1fd90d28db06ca28a15667231708512e8dd550cfd831fec2e1edc,2026-08-19,77.02,,LONG,0.13999999999999999,32322475337,d625b772ab099386fc2f5386fe6aadb8276ecef4e4ec5e08fce335afdd493005,,0.06,Delta_LS_70_30_StopVol,SOL,,0.12,0.04
2026-08-19,1885.39,TAKE_PROFIT_INTRADAY,0f84f286abf8fa3e1aecfaf0b6251d7db7d9d26133ea1745801d5b05634777de,2026-08-19,2111.6368,,LONG,0.13999999999999999,32322475337,d625b772ab099386fc2f5386fe6aadb8276ecef4e4ec5e08fce335afdd493005,1845.36,,Delta_LS_70_30_StopVol,ETH,2111.6368,,
2026-08-19,0.6722,STOP_INTRADAY,769c4c2bebd14c70e46fc7d7315b0df35cb0463ab236e521acdb0a0200622f11,2026-08-19,0.6333172594262614,,SHORT,-0.06,32322475337,d625b772ab099386fc2f5386fe6aadb8276ecef4e4ec5e08fce335afdd493005,0.6333172594262614,,Delta_LS_70_30_StopVol,FIL,0.5750530379663213,,
2026-08-19,9.532,TAKE_PROFIT_INTRADAY,36f5307bbc55346c807a84bcfa3ff98ff30829a2d77cd652b99ac86ceed1a56c,2026-08-19,10.724015066726679,,LONG,0.13999999999999999,32322475337,d625b772ab099386fc2f5386fe6aadb8276ecef4e4ec5e08fce335afdd493005,9.15072,,Delta_LS_70_30_StopVol,LINK,10.724015066726679,,
2026-08-19,0.08201,STOP_INTRADAY,e6501176ed2a908a9017a49324ca140effd5452a7bcb027578d924f3f63bbba1,2026-08-19,0.0856537679506278,,SHORT,-0.06,32322475337,d625b772ab099386fc2f5386fe6aadb8276ecef4e4ec5e08fce335afdd493005,0.0856537679506278,,Delta_LS_70_30_StopVol,OP,0.06986410683124067,,
2026-08-19,77.02,TAKE_PROFIT_INTRADAY,fe1f87d8a113d718ceee7c594b388119d9e64944aed6c36e4b04835e335391c6,2026-08-19,86.2624,,LONG,0.13999999999999999,32322475337,d625b772ab099386fc2f5386fe6aadb8276ecef4e4ec5e08fce335afdd493005,73.9392,,Delta_LS_70_30_StopVol,SOL,86.2624,,
2026-08-19,9.532,ENTRY,04c20771a21fdcd44da5c674dda0e3e837c711808ba5588b0cc8b34279a51c4f,2026-08-19,9.532,,LONG,0.1,32322475337,d625b772ab099386fc2f5386fe6aadb8276ecef4e4ec5e08fce335afdd493005,,0.06252701776787034,Delta_LS_50_50,LINK,,0.12505403553574068,0.04
2026-08-19,0.08201,ENTRY,23902ccaf5b60d6ae84fc06fcf91778d1dff8df8db686b95096292228f1f6ac8,2026-08-19,0.08201,,SHORT,-0.1,32322475337,d625b772ab099386fc2f5386fe6aadb8276ecef4e4ec5e08fce335afdd493005,,0.07405129355419666,Delta_LS_50_50,OP,,0.14810258710839333,0.044430776132518
2026-08-19,77.02,ENTRY,ce68a1449eab369669c0a6b5efea2717ae5557a6cba53c2732570a36cb0a5d5e,2026-08-19,77.02,,LONG,0.1,32322475337,d625b772ab099386fc2f5386fe6aadb8276ecef4e4ec5e08fce335afdd493005,,0.06,Delta_LS_50_50,SOL,,0.12,0.04
2026-08-19,1885.39,TAKE_PROFIT_INTRADAY,9b9291bdf9cd1c0bd3cbf5d317d2fcb8a66bd45c9d4519080d3fd39992836c2c,2026-08-19,2111.6368,,LONG,0.1,32322475337,d625b772ab099386fc2f5386fe6aadb8276ecef4e4ec5e08fce335afdd493005,1845.36,,Delta_LS_50_50,ETH,2111.6368,,
2026-08-19,0.6722,STOP_INTRADAY,315a3e8ee64709b0dc9a68c635a0008f1803771858191d85620d48799ac202a8,2026-08-19,0.6333172594262614,,SHORT,-0.1,32322475337,d625b772ab099386fc2f5386fe6aadb8276ecef4e4ec5e08fce335afdd493005,0.6333172594262614,,Delta_LS_50_50,FIL,0.5750530379663213,,
2026-08-19,9.532,TAKE_PROFIT_INTRADAY,137a1bf624a9e0f4395d9748f9d4fc86df72a898f69484826cd11ccdf0818470,2026-08-19,10.724015066726679,,LONG,0.1,32322475337,d625b772ab099386fc2f5386fe6aadb8276ecef4e4ec5e08fce335afdd493005,9.15072,,Delta_LS_50_50,LINK,10.724015066726679,,
2026-08-19,0.08201,STOP_INTRADAY,83f421cd004e32010d40f5f4e5eed1bb1fcf87c4be9f49b820f3fb2f8ceae5d7,2026-08-19,0.0856537679506278,,SHORT,-0.1,32322475337,d625b772ab099386fc2f5386fe6aadb8276ecef4e4ec5e08fce335afdd493005,0.0856537679506278,,Delta_LS_50_50,OP,0.06986410683124067,,
2026-08-19,77.02,TAKE_PROFIT_INTRADAY,3dfbda2a82f6e8d8679a7652aa511a79b56dc6a4cd62a3e46b52b453de4f82b2,2026-08-19,86.2624,,LONG,0.1,32322475337,d625b772ab099386fc2f5386fe6aadb8276ecef4e4ec5e08fce335afdd493005,73.9392,,Delta_LS_50_50,SOL,86.2624,,
2026-08-19,9.532,ENTRY,a9afb3957c5ec1aa655e3cb5b2c4beb332596f3bc8e1cd11f9cb8fbda49ddb0c,2026-08-19,9.532,,LONG,0.1,32322475337,d625b772ab099386fc2f5386fe6aadb8276ecef4e4ec5e08fce335afdd493005,,0.06252701776787034,Delta_LS_50_50_StopVol,LINK,,0.12505403553574068,0.04
2026-08-19,0.08201,ENTRY,82d3494e5eed0ec044f244a630ca24716e4da7bbde25c9b187de60a233e0e001,2026-08-19,0.08201,,SHORT,-0.1,32322475337,d625b772ab099386fc2f5386fe6aadb8276ecef4e4ec5e08fce335afdd493005,,0.07405129355419666,Delta_LS_50_50_StopVol,OP,,0.14810258710839333,0.044430776132518
2026-08-19,77.02,ENTRY,5248c699844f38b5b961b01161af605be99a9f4bfbc0693324df01becf78f746,2026-08-19,77.02,,LONG,0.1,32322475337,d625b772ab099386fc2f5386fe6aadb8276ecef4e4ec5e08fce335afdd493005,,0.06,Delta_LS_50_50_StopVol,SOL,,0.12,0.04
2026-08-19,1885.39,TAKE_PROFIT_INTRADAY,fd19f270df8c53ec567df3944fb581e9d796a27de3c305c218693e36513a4a6c,2026-08-19,2111.6368,,LONG,0.1,32322475337,d625b772ab099386fc2f5386fe6aadb8276ecef4e4ec5e08fce335afdd493005,1845.36,,Delta_LS_50_50_StopVol,ETH,2111.6368,,
2026-08-19,0.6722,STOP_INTRADAY,8a9b97a5d027bea165f1545a9c731309fd0c1ff4278e0a91d29420e2f52b7058,2026-08-19,0.6333172594262614,,SHORT,-0.1,32322475337,d625b772ab099386fc2f5386fe6aadb8276ecef4e4ec5e08fce335afdd493005,0.6333172594262614,,Delta_LS_50_50_StopVol,FIL,0.5750530379663213,,
2026-08-19,9.532,TAKE_PROFIT_INTRADAY,121982587642b3752bb641ddeec63e7aed806811a04d2e355d1de0f0578bd04a,2026-08-19,10.724015066726679,,LONG,0.1,32322475337,d625b772ab099386fc2f5386fe6aadb8276ecef4e4ec5e08fce335afdd493005,9.15072,,Delta_LS_50_50_StopVol,LINK,10.724015066726679,,
2026-08-19,0.08201,STOP_INTRADAY,680ef7429da23ec4e52adcc4db8e5339b5295869511b2444be94fdfbeefd7a47,2026-08-19,0.0856537679506278,,SHORT,-0.1,32322475337,d625b772ab099386fc2f5386fe6aadb8276ecef4e4ec5e08fce335afdd493005,0.0856537679506278,,Delta_LS_50_50_StopVol,OP,0.06986410683124067,,
2026-08-19,77.02,TAKE_PROFIT_INTRADAY,92eb8ddf0fa421c1043e2ee50c986884215086651ba53cc95dd399ee5a6d7f3d,2026-08-19,86.2624,,LONG,0.1,32322475337,d625b772ab099386fc2f5386fe6aadb8276ecef4e4ec5e08fce335afdd493005,73.9392,,Delta_LS_50_50_StopVol,SOL,86.2624,,
2026-08-20,0.5621,ENTRY,1338dbed49a10b21b745fc154154f1fea7fc4d6c5705330d05a90b9e9c706a41,2026-08-20,0.5621,,SHORT,-0.06,32438055428,e1e7801f0543c3b7c409939bdddf276557487a5c79eab9b575fcad02cab6e820,,0.066662536978535,Delta_LS_70_30,APT,,0.13332507395707,0.04
2026-08-20,1.732,ENTRY,274e41f36f650e4f48d8dc542223e1e00eace918d4db5bc66ec3037df8a314b8,2026-08-20,1.732,,SHORT,-0.06,32438055428,e1e7801f0543c3b7c409939bdddf276557487a5c79eab9b575fcad02cab6e820,,0.07553906965360722,Delta_LS_70_30,NEAR,,0.15107813930721445,0.04532344179216434
2026-08-20,0.33066,REBALANCE_EXIT,1b8a10e3ac473c80e5b003422b7c0dd3370ba9b8fa700adf83aad94384dbb428,2026-08-20,0.33456,,LONG,0.13999999999999999,32438055428,e1e7801f0543c3b7c409939bdddf276557487a5c79eab9b575fcad02cab6e820,,,Delta_LS_70_30,TRX,,,
2026-08-20,62878.7,TAKE_PROFIT_INTRADAY,dc58270aaff0e2315b72f56eba99c7c3716189b85c1bc3a901d3f76abeb75898,2026-08-20,70424.144,,LONG,0.13999999999999999,32438055428,e1e7801f0543c3b7c409939bdddf276557487a5c79eab9b575fcad02cab6e820,67295.23199999999,,Delta_LS_70_30,BTC,70424.144,,
2026-08-20,0.5621,ENTRY,9bfe35ae9097e706086f5846adaa3d0206cf91ac037560f476ee1eefff7d1dee,2026-08-20,0.5621,,SHORT,-0.06,32438055428,e1e7801f0543c3b7c409939bdddf276557487a5c79eab9b575fcad02cab6e820,,0.066662536978535,Delta_LS_70_30_StopVol,APT,,0.13332507395707,0.04
2026-08-20,1.732,ENTRY,db3dd3b5bb03413d5219e0a2d02161e23f2d0754f094ef45552a5bbf902df8e4,2026-08-20,1.732,,SHORT,-0.06,32438055428,e1e7801f0543c3b7c409939bdddf276557487a5c79eab9b575fcad02cab6e820,,0.07553906965360722,Delta_LS_70_30_StopVol,NEAR,,0.15107813930721445,0.04532344179216434
2026-08-20,0.33066,REBALANCE_EXIT,20b967606ff217fcf83df53f6bafbfeb6aa9d2f7fe5fca694503747b7c33faa0,2026-08-20,0.33456,,LONG,0.13999999999999999,32438055428,e1e7801f0543c3b7c409939bdddf276557487a5c79eab9b575fcad02cab6e820,,,Delta_LS_70_30_StopVol,TRX,,,
2026-08-20,62878.7,TAKE_PROFIT_INTRADAY,3ca956ea2311d829b27d5a9d1ec13f33b38203f7459f08da023d36f4287e90dc,2026-08-20,70424.144,,LONG,0.13999999999999999,32438055428,e1e7801f0543c3b7c409939bdddf276557487a5c79eab9b575fcad02cab6e820,67295.23199999999,,Delta_LS_70_30_StopVol,BTC,70424.144,,
2026-08-20,0.5621,ENTRY,ab6935c790049f0d05701e3b0eebd51d29c78deccd318f9626185c6406011f55,2026-08-20,0.5621,,SHORT,-0.1,32438055428,e1e7801f0543c3b7c409939bdddf276557487a5c79eab9b575fcad02cab6e820,,0.066662536978535,Delta_LS_50_50,APT,,0.13332507395707,0.04
2026-08-20,1.732,ENTRY,19e27929764b71a75b12e08534a59d32ca6e651251a78420203db6e673371bc5,2026-08-20,1.732,,SHORT,-0.1,32438055428,e1e7801f0543c3b7c409939bdddf276557487a5c79eab9b575fcad02cab6e820,,0.07553906965360722,Delta_LS_50_50,NEAR,,0.15107813930721445,0.04532344179216434
2026-08-20,0.33066,REBALANCE_EXIT,95f6d075c31cce4095c1f10aa64a0adb54dd6ea41020f015a693be7c9a7a05f1,2026-08-20,0.33456,,LONG,0.1,32438055428,e1e7801f0543c3b7c409939bdddf276557487a5c79eab9b575fcad02cab6e820,,,Delta_LS_50_50,TRX,,,
2026-08-20,62878.7,TAKE_PROFIT_INTRADAY,18976f99dbd6b6b7516da4c545751844a7d3fab9a8e032db605d5a4cb3635bd5,2026-08-20,70424.144,,LONG,0.1,32438055428,e1e7801f0543c3b7c409939bdddf276557487a5c79eab9b575fcad02cab6e820,67295.23199999999,,Delta_LS_50_50,BTC,70424.144,,
2026-08-20,0.5621,ENTRY,fdb5cc9f2245926ad15613625478aa1c8eacd93e079db68c9ed7961c0c79103e,2026-08-20,0.5621,,SHORT,-0.1,32438055428,e1e7801f0543c3b7c409939bdddf276557487a5c79eab9b575fcad02cab6e820,,0.066662536978535,Delta_LS_50_50_StopVol,APT,,0.13332507395707,0.04
2026-08-20,1.732,ENTRY,43d6fd6d3fcd62992e669433a5a7558f1140ce9aeb23a60833d57f8f7ac82579,2026-08-20,1.732,,SHORT,-0.1,32438055428,e1e7801f0543c3b7c409939bdddf276557487a5c79eab9b575fcad02cab6e820,,0.07553906965360722,Delta_LS_50_50_StopVol,NEAR,,0.15107813930721445,0.04532344179216434
2026-08-20,0.33066,REBALANCE_EXIT,eeb472692e2e66359b9d81bcb9ba2c5c6593b687f0f3994b8010b0a134c07700,2026-08-20,0.33456,,LONG,0.1,32438055428,e1e7801f0543c3b7c409939bdddf276557487a5c79eab9b575fcad02cab6e820,,,Delta_LS_50_50_StopVol,TRX,,,
2026-08-20,62878.7,TAKE_PROFIT_INTRADAY,296f6a9a7a3db36812d4b95b95facf4bc977ef5ac1705eaec6e8fa51f1cb0ce9,2026-08-20,70424.144,,LONG,0.1,32438055428,e1e7801f0543c3b7c409939bdddf276557487a5c79eab9b575fcad02cab6e820,67295.23199999999,,Delta_LS_50_50_StopVol,BTC,70424.144,,
2026-08-21,0.848,ENTRY,8694749765d3b28efb3ae910d1a312d04a3078e5d934d8a61464bc2786372b12,2026-08-21,0.848,,SHORT,-0.06,32544531997,5b32b2767b1dba969d43a517c6a3a718b058be637f1161bd0e00a4f02fb95114,,0.0704137897145728,Delta_LS_70_30,DOT,,0.1408275794291456,0.042248273828743674
2026-08-21,0.5621,STOP_INTRADAY,becce24e3c6486d2d0dced45db283918b7842625807162d15646934d6ead6644,2026-08-21,0.575952,,SHORT,-0.06,32544531997,5b32b2767b1dba969d43a517c6a3a718b058be637f1161bd0e00a4f02fb95114,0.575952,,Delta_LS_70_30,APT,0.487157975928731,,
2026-08-21,1.732,STOP_INTRADAY,ae44e58bd81ffd281db12e06b8ca5e8b48bf5b4e089313d1d1863d6e932a02a3,2026-08-21,1.7791404979302639,,SHORT,-0.06,32544531997,5b32b2767b1dba969d43a517c6a3a718b058be637f1161bd0e00a4f02fb95114,1.7791404979302639,,Delta_LS_70_30,NEAR,1.4703326627199045,,
2026-08-21,0.848,STOP_INTRADAY,e0cc75573832bd67ada99bd18711097a24937debf6b81a775c1beaace3c98392,2026-08-21,0.8838265362067746,,SHORT,-0.06,32544531997,5b32b2767b1dba969d43a517c6a3a718b058be637f1161bd0e00a4f02fb95114,0.8838265362067746,,Delta_LS_70_30,DOT,0.7285782126440845,,
2026-08-21,0.848,ENTRY,57bad9b46d4ec5a972bf1f43d0eb59a4c8ac4fd38535895eb35bba693da9a8b8,2026-08-21,0.848,,SHORT,-0.06,32544531997,5b32b2767b1dba969d43a517c6a3a718b058be637f1161bd0e00a4f02fb95114,,0.0704137897145728,Delta_LS_70_30_StopVol,DOT,,0.1408275794291456,0.042248273828743674
2026-08-21,0.5621,STOP_INTRADAY,bf7af7c556e555369ad7f1fb2b7de30086b7fab1476ffdc5b4fd401faf605383,2026-08-21,0.575952,,SHORT,-0.06,32544531997,5b32b2767b1dba969d43a517c6a3a718b058be637f1161bd0e00a4f02fb95114,0.575952,,Delta_LS_70_30_StopVol,APT,0.487157975928731,,
2026-08-21,1.732,STOP_INTRADAY,a4941192d84f7a36d5c69a594ed30866d25fec4c43ccbbc22fecdb66ef468377,2026-08-21,1.7791404979302639,,SHORT,-0.06,32544531997,5b32b2767b1dba969d43a517c6a3a718b058be637f1161bd0e00a4f02fb95114,1.7791404979302639,,Delta_LS_70_30_StopVol,NEAR,1.4703326627199045,,
2026-08-21,0.848,STOP_INTRADAY,aa33eafd1157b58706db80ece09ac139987ed5484885a45b51e6d330bf757046,2026-08-21,0.8838265362067746,,SHORT,-0.06,32544531997,5b32b2767b1dba969d43a517c6a3a718b058be637f1161bd0e00a4f02fb95114,0.8838265362067746,,Delta_LS_70_30_StopVol,DOT,0.7285782126440845,,
2026-08-21,0.848,ENTRY,31c15206a98a6742e94869988d242423d7d6e9c4ae0e7124a3a9a7849e04bfa9,2026-08-21,0.848,,SHORT,-0.1,32544531997,5b32b2767b1dba969d43a517c6a3a718b058be637f1161bd0e00a4f02fb95114,,0.0704137897145728,Delta_LS_50_50,DOT,,0.1408275794291456,0.042248273828743674
2026-08-21,0.5621,STOP_INTRADAY,e56ce19799a596374d9a46381afdb383a635d591a3c23e09caa6da9fbf319648,2026-08-21,0.575952,,SHORT,-0.1,32544531997,5b32b2767b1dba969d43a517c6a3a718b058be637f1161bd0e00a4f02fb95114,0.575952,,Delta_LS_50_50,APT,0.487157975928731,,
2026-08-21,1.732,STOP_INTRADAY,5d36372591c2781529201fb0f69d8382d62213b736b553e8e2843f22efdeebbd,2026-08-21,1.7791404979302639,,SHORT,-0.1,32544531997,5b32b2767b1dba969d43a517c6a3a718b058be637f1161bd0e00a4f02fb95114,1.7791404979302639,,Delta_LS_50_50,NEAR,1.4703326627199045,,
2026-08-21,0.848,STOP_INTRADAY,d723af7d4d593a8064a3441413695ccf03c59a09beffe29f1c23fc9da1980a27,2026-08-21,0.8838265362067746,,SHORT,-0.1,32544531997,5b32b2767b1dba969d43a517c6a3a718b058be637f1161bd0e00a4f02fb95114,0.8838265362067746,,Delta_LS_50_50,DOT,0.7285782126440845,,
2026-08-21,0.848,ENTRY,b46349f87209ea78507bff33b0a7acac303e00205432662ee7ecaf01ebb682fa,2026-08-21,0.848,,SHORT,-0.1,32544531997,5b32b2767b1dba969d43a517c6a3a718b058be637f1161bd0e00a4f02fb95114,,0.0704137897145728,Delta_LS_50_50_StopVol,DOT,,0.1408275794291456,0.042248273828743674
2026-08-21,0.5621,STOP_INTRADAY,533bed54e96b6fa43bebfc84e570b8506f59569fea8305f27604b7981f8ba1ff,2026-08-21,0.575952,,SHORT,-0.1,32544531997,5b32b2767b1dba969d43a517c6a3a718b058be637f1161bd0e00a4f02fb95114,0.575952,,Delta_LS_50_50_StopVol,APT,0.487157975928731,,
2026-08-21,1.732,STOP_INTRADAY,fd38374239c7ec7ba67b1b0dc2ac0883cf2fe938739c384770b13d9d9cd9e798,2026-08-21,1.7791404979302639,,SHORT,-0.1,32544531997,5b32b2767b1dba969d43a517c6a3a718b058be637f1161bd0e00a4f02fb95114,1.7791404979302639,,Delta_LS_50_50_StopVol,NEAR,1.4703326627199045,,
2026-08-21,0.848,STOP_INTRADAY,097da8cd61fcf21086249c8bc542aeda04f4ef70f2d1c6dda86191a8c1f3aa54,2026-08-21,0.8838265362067746,,SHORT,-0.1,32544531997,5b32b2767b1dba969d43a517c6a3a718b058be637f1161bd0e00a4f02fb95114,0.8838265362067746,,Delta_LS_50_50_StopVol,DOT,0.7285782126440845,,
2026-08-22,2515.91,ENTRY,cace9c2cde775db998effda055250a08fdc7cd7df007b94e4db48b8ae8d12f5e,2026-08-22,2515.91,,LONG,0.13999999999999999,32611665323,db6f5d899f65af331862ea8df713da8c9d101e943ea9f4c3f5bc9ca8a9bda2a9,,0.09587019123034865,Delta_LS_70_30,ETH,,0.1917403824606973,0.057522114738209194
2026-08-22,0.8095,ENTRY,00a7fa4f2485221d206a662d580e4e0e38a786f6328288348e8d793ff7167487,2026-08-22,0.8095,,SHORT,-0.06,32611665323,db6f5d899f65af331862ea8df713da8c9d101e943ea9f4c3f5bc9ca8a9bda2a9,,0.10038536554744558,Delta_LS_70_30,FIL,,0.20077073109489116,0.06023121932846735
2026-08-22,11.991,ENTRY,3bb33ac5adcc861d26caae2df1aa15c413510d2a275b82b04fff1994967e1870,2026-08-22,11.991,,LONG,0.13999999999999999,32611665323,db6f5d899f65af331862ea8df713da8c9d101e943ea9f4c3f5bc9ca8a9bda2a9,,0.09336242876680771,Delta_LS_70_30,LINK,,0.18672485753361542,0.05601745726008463
2026-08-22,1.4541,ENTRY,2b85ceb29d64c197bf8b783092cf991d96a02bf4bb692edf79bcab465bed4442,2026-08-22,1.4541,,LONG,0.13999999999999999,32611665323,db6f5d899f65af331862ea8df713da8c9d101e943ea9f4c3f5bc9ca8a9bda2a9,,0.11197950170647542,Delta_LS_70_30,XRP,,0.22395900341295083,0.06718770102388524
2026-08-22,0.8095,STOP_INTRADAY,96db5679f12ba9a536c8dddf30fd7e2570bfb54f47a7d4c2e7cd3bfada9b66a8,2026-08-22,0.8582571720463943,,SHORT,-0.06,32611665323,db6f5d899f65af331862ea8df713da8c9d101e943ea9f4c3f5bc9ca8a9bda2a9,0.8582571720463943,,Delta_LS_70_30,FIL,0.6469760931786855,,
2026-08-22,11.991,STOP_INTRADAY,ec8bbb4454d953234977e40ad2d6324c0b0f8f963023fdb775fd314c06af2fd6,2026-08-22,11.319294669994324,,LONG,0.13999999999999999,32611665323,db6f5d899f65af331862ea8df713da8c9d101e943ea9f4c3f5bc9ca8a9bda2a9,11.319294669994324,,Delta_LS_70_30,LINK,14.230017766685581,,
2026-08-22,2515.91,ENTRY,26e6ce4068e6740eacf8e23a2c4b35c7ddf679bb2efc077740d4e38038490148,2026-08-22,2515.91,,LONG,0.13999999999999999,32611665323,db6f5d899f65af331862ea8df713da8c9d101e943ea9f4c3f5bc9ca8a9bda2a9,,0.09587019123034865,Delta_LS_70_30_StopVol,ETH,,0.1917403824606973,0.057522114738209194
2026-08-22,0.8095,ENTRY,c175bfcb81d0a6ad203d8675ca56ae9b079cbe4a988ee1c8bf8aaa5946530265,2026-08-22,0.8095,,SHORT,-0.059769668290585574,32611665323,db6f5d899f65af331862ea8df713da8c9d101e943ea9f4c3f5bc9ca8a9bda2a9,,0.10038536554744558,Delta_LS_70_30_StopVol,FIL,,0.20077073109489116,0.06023121932846735
2026-08-22,11.991,ENTRY,19c002324b5ea722cb5c10617db7b515d61b8a7585a098192be9e7f058fd6c9f,2026-08-22,11.991,,LONG,0.13999999999999999,32611665323,db6f5d899f65af331862ea8df713da8c9d101e943ea9f4c3f5bc9ca8a9bda2a9,,0.09336242876680771,Delta_LS_70_30_StopVol,LINK,,0.18672485753361542,0.05601745726008463
2026-08-22,1.4541,ENTRY,5ac870e465f3b09c0228daaaecc5d92f373c5f00ba6b2278eec10e50f31a3e1f,2026-08-22,1.4541,,LONG,0.12502288174756562,32611665323,db6f5d899f65af331862ea8df713da8c9d101e943ea9f4c3f5bc9ca8a9bda2a9,,0.11197950170647542,Delta_LS_70_30_StopVol,XRP,,0.22395900341295083,0.06718770102388524
2026-08-22,0.8095,STOP_INTRADAY,ce6e52a12b043862260d09c24a5cb1ead5693a3b6ca889bc3fef8ca033de1e95,2026-08-22,0.8582571720463943,,SHORT,-0.059769668290585574,32611665323,db6f5d899f65af331862ea8df713da8c9d101e943ea9f4c3f5bc9ca8a9bda2a9,0.8582571720463943,,Delta_LS_70_30_StopVol,FIL,0.6469760931786855,,
2026-08-22,11.991,STOP_INTRADAY,d3ea2b294e834ec4e2335475ec7591eb3c622a5b61c21a0adb0b824e25e1f796,2026-08-22,11.319294669994324,,LONG,0.13999999999999999,32611665323,db6f5d899f65af331862ea8df713da8c9d101e943ea9f4c3f5bc9ca8a9bda2a9,11.319294669994324,,Delta_LS_70_30_StopVol,LINK,14.230017766685581,,
2026-08-22,2515.91,ENTRY,e484b65983b1c79b2b97446a19a0962b541eb0ccb9b4912356a8b7ac8e0c8369,2026-08-22,2515.91,,LONG,0.1,32611665323,db6f5d899f65af331862ea8df713da8c9d101e943ea9f4c3f5bc9ca8a9bda2a9,,0.09587019123034865,Delta_LS_50_50,ETH,,0.1917403824606973,0.057522114738209194
2026-08-22,0.8095,ENTRY,c45aebcf631cb043f048307eebc48e1616c459543608aea7246645920e4d190e,2026-08-22,0.8095,,SHORT,-0.1,32611665323,db6f5d899f65af331862ea8df713da8c9d101e943ea9f4c3f5bc9ca8a9bda2a9,,0.10038536554744558,Delta_LS_50_50,FIL,,0.20077073109489116,0.06023121932846735
2026-08-22,11.991,ENTRY,a07038781037df730ee0c805414d0791bf8810d76eee1d2503417f69afdf2dcb,2026-08-22,11.991,,LONG,0.1,32611665323,db6f5d899f65af331862ea8df713da8c9d101e943ea9f4c3f5bc9ca8a9bda2a9,,0.09336242876680771,Delta_LS_50_50,LINK,,0.18672485753361542,0.05601745726008463
2026-08-22,1.4541,ENTRY,1517935813cf987784277c9b8cf5451749ea4af54f2273ad3e0bbcea05d5d5b2,2026-08-22,1.4541,,LONG,0.1,32611665323,db6f5d899f65af331862ea8df713da8c9d101e943ea9f4c3f5bc9ca8a9bda2a9,,0.11197950170647542,Delta_LS_50_50,XRP,,0.22395900341295083,0.06718770102388524
2026-08-22,0.8095,STOP_INTRADAY,bae067d8ab12dd3b8ab3e0b92ce32b071a92727476351b321ec7f680d74622fa,2026-08-22,0.8582571720463943,,SHORT,-0.1,32611665323,db6f5d899f65af331862ea8df713da8c9d101e943ea9f4c3f5bc9ca8a9bda2a9,0.8582571720463943,,Delta_LS_50_50,FIL,0.6469760931786855,,
2026-08-22,11.991,STOP_INTRADAY,26fab6eb936fe1e7484d1bbaf252dcdfcc3a8f41be57fba70ba665c2856e714e,2026-08-22,11.319294669994324,,LONG,0.1,32611665323,db6f5d899f65af331862ea8df713da8c9d101e943ea9f4c3f5bc9ca8a9bda2a9,11.319294669994324,,Delta_LS_50_50,LINK,14.230017766685581,,
2026-08-22,2515.91,ENTRY,43ddc3df8cf6be119038e83bf4b74e37098b021ea2ed96ec8d9d9dd26ddb952d,2026-08-22,2515.91,,LONG,0.1,32611665323,db6f5d899f65af331862ea8df713da8c9d101e943ea9f4c3f5bc9ca8a9bda2a9,,0.09587019123034865,Delta_LS_50_50_StopVol,ETH,,0.1917403824606973,0.057522114738209194
2026-08-22,0.8095,ENTRY,0332c83562f2a0de124aaa114f80a89e1532dd5e372c589fe135a70fea76ee6a,2026-08-22,0.8095,,SHORT,-0.09961611381764263,32611665323,db6f5d899f65af331862ea8df713da8c9d101e943ea9f4c3f5bc9ca8a9bda2a9,,0.10038536554744558,Delta_LS_50_50_StopVol,FIL,,0.20077073109489116,0.06023121932846735
2026-08-22,11.991,ENTRY,35d9b00a97be01d687d986399ad620c5c440cc3a9c2c2563a52141a3eb3f9c2f,2026-08-22,11.991,,LONG,0.1,32611665323,db6f5d899f65af331862ea8df713da8c9d101e943ea9f4c3f5bc9ca8a9bda2a9,,0.09336242876680771,Delta_LS_50_50_StopVol,LINK,,0.18672485753361542,0.05601745726008463
2026-08-22,1.4541,ENTRY,b197bbc7185563f8c31635758afc4f662515b3bb27731c623979e62f91db0f2f,2026-08-22,1.4541,,LONG,0.08930205839111832,32611665323,db6f5d899f65af331862ea8df713da8c9d101e943ea9f4c3f5bc9ca8a9bda2a9,,0.11197950170647542,Delta_LS_50_50_StopVol,XRP,,0.22395900341295083,0.06718770102388524
2026-08-22,0.8095,STOP_INTRADAY,346acd0f754b7e47070b102dfcf56b69b0d218ae4f3da77e34403e05b9e1ac55,2026-08-22,0.8582571720463943,,SHORT,-0.09961611381764263,32611665323,db6f5d899f65af331862ea8df713da8c9d101e943ea9f4c3f5bc9ca8a9bda2a9,0.8582571720463943,,Delta_LS_50_50_StopVol,FIL,0.6469760931786855,,
2026-08-22,11.991,STOP_INTRADAY,fb98f7f17fe96837bd385b7246e20ff3f607c2245feb1b8e63680fe40c005687,2026-08-22,11.319294669994324,,LONG,0.1,32611665323,db6f5d899f65af331862ea8df713da8c9d101e943ea9f4c3f5bc9ca8a9bda2a9,11.319294669994324,,Delta_LS_50_50_StopVol,LINK,14.230017766685581,,
2026-08-23,1.4541,STOP_GAP,d3a81a26ef5e8f17a10adc367924193468a63f1eb750b9d4b1698b889a611c61,2026-08-23,1.4617,,LONG,0.13999999999999999,32681408963,2340ce5d77049c6d4030ae46c4b7cd7841e4a8a7680e4b0716215f437bbc3913,1.5867137205583712,,Delta_LS_70_30,XRP,1.7797587868627718,,
2026-08-23,126.48,ENTRY,e303dc752f46971dd7c5a7dc28e81cf90f4307cb1226d93d1b5dce417653d528,2026-08-23,126.48,,LONG,0.13999999999999999,32681408963,2340ce5d77049c6d4030ae46c4b7cd7841e4a8a7680e4b0716215f437bbc3913,,0.13777444751530585,Delta_LS_70_30,AAVE,,0.2755488950306117,0.0826646685091835
2026-08-23,0.34428,ENTRY,6725c61ce215eaa2731ab93080b8b93fe0a6646521c2a80cc8d10e35050fcded,2026-08-23,0.34428,,SHORT,-0.06,32681408963,2340ce5d77049c6d4030ae46c4b7cd7841e4a8a7680e4b0716215f437bbc3913,,0.06,Delta_LS_70_30,TRX,,0.12,0.04
2026-08-23,2515.91,STOP_INTRADAY,3eb3b7a562a91cb4ecdc63bf64fe2d5610cffa27bc09987ad395b7e8019fc954,2026-08-23,2384.2522797987203,,LONG,0.13999999999999999,32681408963,2340ce5d77049c6d4030ae46c4b7cd7841e4a8a7680e4b0716215f437bbc3913,2384.2522797987203,,Delta_LS_70_30,ETH,2998.3115456366927,,
2026-08-23,1.4541,STOP_GAP,bce3d46265bc77289ba62c51cf0dc23768fdaf54b54b63c8909161c6baddb330,2026-08-23,1.4617,,LONG,0.12502288174756562,32681408963,2340ce5d77049c6d4030ae46c4b7cd7841e4a8a7680e4b0716215f437bbc3913,1.5867137205583712,,Delta_LS_70_30_StopVol,XRP,1.7797587868627718,,
2026-08-23,126.48,ENTRY,425445ad202ef2be68e90086bc99565447cb9b7a97df9a6b04ac36cb0eb67403,2026-08-23,126.48,,LONG,0.10161535939706592,32681408963,2340ce5d77049c6d4030ae46c4b7cd7841e4a8a7680e4b0716215f437bbc3913,,0.13777444751530585,Delta_LS_70_30_StopVol,AAVE,,0.2755488950306117,0.0826646685091835
2026-08-23,0.34428,ENTRY,c9fa1009cbbe67ce3bf71b4f70df20535ab555390bd7a5b9177b087605e50a93,2026-08-23,0.34428,,SHORT,-0.06,32681408963,2340ce5d77049c6d4030ae46c4b7cd7841e4a8a7680e4b0716215f437bbc3913,,0.06,Delta_LS_70_30_StopVol,TRX,,0.12,0.04
2026-08-23,2515.91,STOP_INTRADAY,b57014b2dbc755783901e7e835ea24767a6f3744aff4e0557e1684526d3e6e63,2026-08-23,2384.2522797987203,,LONG,0.13999999999999999,32681408963,2340ce5d77049c6d4030ae46c4b7cd7841e4a8a7680e4b0716215f437bbc3913,2384.2522797987203,,Delta_LS_70_30_StopVol,ETH,2998.3115456366927,,
2026-08-23,1.4541,STOP_GAP,9de9d4460ba5e40bb78655ba14aa6bd6dd1c5839cd290c5a52e82b1fed4037b5,2026-08-23,1.4617,,LONG,0.1,32681408963,2340ce5d77049c6d4030ae46c4b7cd7841e4a8a7680e4b0716215f437bbc3913,1.5867137205583712,,Delta_LS_50_50,XRP,1.7797587868627718,,
2026-08-23,126.48,ENTRY,844acce45c24efd1b3614d7da3963e9c54114d609726b2ce5ff2e9a46216bcd9,2026-08-23,126.48,,LONG,0.1,32681408963,2340ce5d77049c6d4030ae46c4b7cd7841e4a8a7680e4b0716215f437bbc3913,,0.13777444751530585,Delta_LS_50_50,AAVE,,0.2755488950306117,0.0826646685091835
2026-08-23,0.34428,ENTRY,58c02afbbecfb05288bdd3411fa2b0a2dc6493ede96c022cf482185a51484727,2026-08-23,0.34428,,SHORT,-0.1,32681408963,2340ce5d77049c6d4030ae46c4b7cd7841e4a8a7680e4b0716215f437bbc3913,,0.06,Delta_LS_50_50,TRX,,0.12,0.04
2026-08-23,2515.91,STOP_INTRADAY,0c74f93fa89351c971b005bca684f5c3859aabcda0a6732115622fb2c0b8e724,2026-08-23,2384.2522797987203,,LONG,0.1,32681408963,2340ce5d77049c6d4030ae46c4b7cd7841e4a8a7680e4b0716215f437bbc3913,2384.2522797987203,,Delta_LS_50_50,ETH,2998.3115456366927,,
2026-08-23,1.4541,STOP_GAP,bd6cede499b9c704e1a66d42abf12bcde2c0eb9b23e1d8db176e10ccaffc47a1,2026-08-23,1.4617,,LONG,0.08930205839111832,32681408963,2340ce5d77049c6d4030ae46c4b7cd7841e4a8a7680e4b0716215f437bbc3913,1.5867137205583712,,Delta_LS_50_50_StopVol,XRP,1.7797587868627718,,
2026-08-23,126.48,ENTRY,bf0735a6616690a4b07056c48ca08042fe8aafd4b1b3bfe51773f400fd68ca80,2026-08-23,126.48,,LONG,0.07258239956933281,32681408963,2340ce5d77049c6d4030ae46c4b7cd7841e4a8a7680e4b0716215f437bbc3913,,0.13777444751530585,Delta_LS_50_50_StopVol,AAVE,,0.2755488950306117,0.0826646685091835
2026-08-23,0.34428,ENTRY,da793e9f211ece17575e13a25435c466ef4fd33a686a9008770a670351a51d2b,2026-08-23,0.34428,,SHORT,-0.1,32681408963,2340ce5d77049c6d4030ae46c4b7cd7841e4a8a7680e4b0716215f437bbc3913,,0.06,Delta_LS_50_50_StopVol,TRX,,0.12,0.04
2026-08-23,2515.91,STOP_INTRADAY,db27ef0bb83e74bcc5404bb1c7f4a1e418d40b18967784257a5c547a41ea17ba,2026-08-23,2384.2522797987203,,LONG,0.1,32681408963,2340ce5d77049c6d4030ae46c4b7cd7841e4a8a7680e4b0716215f437bbc3913,2384.2522797987203,,Delta_LS_50_50_StopVol,ETH,2998.3115456366927,,
2026-08-24,0.6383,ENTRY,4a9ecbad10d7d9b83def42abb958d001d64a3a13613113ccca38db1f827fe59d,2026-08-24,0.6383,,SHORT,-0.06,32799146246,38f0b2ad779eba7cf78d9f432ba35ead1f8c86d28c461a52e50d2713866edc13,,0.0886836245359772,Delta_LS_70_30,APT,,0.1773672490719544,0.05321017472158632
2026-08-24,0.09339,ENTRY,e71e8d5ade7a196b3453076a3feb26accdad4d9407364239bd92314777a9a993,2026-08-24,0.09339,,LONG,0.13999999999999999,32799146246,38f0b2ad779eba7cf78d9f432ba35ead1f8c86d28c461a52e50d2713866edc13,,0.08454244502682137,Delta_LS_70_30,DOGE,,0.16908489005364274,0.05072546701609282
2026-08-24,0.9281,ENTRY,202b3d1b7b24aa9483e0dae88bbe90f444bdf5f1299d1895a226119321aa775a,2026-08-24,0.9281,,SHORT,-0.06,32799146246,38f0b2ad779eba7cf78d9f432ba35ead1f8c86d28c461a52e50d2713866edc13,,0.08506815154681781,Delta_LS_70_30,DOT,,0.17013630309363562,0.05104089092809068
2026-08-24,126.48,STOP_INTRADAY,7380eaf5d033ccae81d4e7c96977369c6efb4791f188a995b4b65ed984923fbf,2026-08-24,133.3897305520796,,LONG,0.13999999999999999,32799146246,38f0b2ad779eba7cf78d9f432ba35ead1f8c86d28c461a52e50d2713866edc13,133.3897305520796,,Delta_LS_70_30,AAVE,161.3314242434718,,
2026-08-24,0.09339,STOP_INTRADAY,5f96a6f66d87eff9231b4707822375d26082188d01e8b824aa2a8174e0999b97,2026-08-24,0.0886527486353671,,LONG,0.13999999999999999,32799146246,38f0b2ad779eba7cf78d9f432ba35ead1f8c86d28c461a52e50d2713866edc13,0.0886527486353671,,Delta_LS_70_30,DOGE,0.10918083788210971,,
2026-08-24,0.6383,ENTRY,617a212a1dd9dd039e0b8952212789b010bd823c997cac1a672923b42da25d60,2026-08-24,0.6383,,SHORT,-0.06,32799146246,38f0b2ad779eba7cf78d9f432ba35ead1f8c86d28c461a52e50d2713866edc13,,0.0886836245359772,Delta_LS_70_30_StopVol,APT,,0.1773672490719544,0.05321017472158632
2026-08-24,0.09339,ENTRY,b1a81df43aac6a23bf7caf99d11e971ae1eb4c9b6a349d00e1bc0761cda3cc43,2026-08-24,0.09339,,LONG,0.13999999999999999,32799146246,38f0b2ad779eba7cf78d9f432ba35ead1f8c86d28c461a52e50d2713866edc13,,0.08454244502682137,Delta_LS_70_30_StopVol,DOGE,,0.16908489005364274,0.05072546701609282
2026-08-24,0.9281,ENTRY,86c606613ef8f9a68606261f37aa938c38fe18a8ad7c472e548e04e1abd9c66e,2026-08-24,0.9281,,SHORT,-0.06,32799146246,38f0b2ad779eba7cf78d9f432ba35ead1f8c86d28c461a52e50d2713866edc13,,0.08506815154681781,Delta_LS_70_30_StopVol,DOT,,0.17013630309363562,0.05104089092809068
2026-08-24,126.48,STOP_INTRADAY,aef2f8385fae195d33bf3cc12ee2323e28d7ebe54c5835b745f2205de9bb5826,2026-08-24,133.3897305520796,,LONG,0.09622136706627368,32799146246,38f0b2ad779eba7cf78d9f432ba35ead1f8c86d28c461a52e50d2713866edc13,133.3897305520796,,Delta_LS_70_30_StopVol,AAVE,161.3314242434718,,
2026-08-24,0.09339,STOP_INTRADAY,039d31472be588901ae5965782b0f396045bd118c60750f24a3947b56065cc6b,2026-08-24,0.0886527486353671,,LONG,0.13999999999999999,32799146246,38f0b2ad779eba7cf78d9f432ba35ead1f8c86d28c461a52e50d2713866edc13,0.0886527486353671,,Delta_LS_70_30_StopVol,DOGE,0.10918083788210971,,
2026-08-24,0.6383,ENTRY,e3c5e4c07ba733025d066219a8769ef9879d2263ea137745ebb8bfb675338996,2026-08-24,0.6383,,SHORT,-0.1,32799146246,38f0b2ad779eba7cf78d9f432ba35ead1f8c86d28c461a52e50d2713866edc13,,0.0886836245359772,Delta_LS_50_50,APT,,0.1773672490719544,0.05321017472158632
2026-08-24,0.09339,ENTRY,15bd5146fe45e1f2e66c2282dc56e801da181a23bca46129be9a9a2cf949c333,2026-08-24,0.09339,,LONG,0.1,32799146246,38f0b2ad779eba7cf78d9f432ba35ead1f8c86d28c461a52e50d2713866edc13,,0.08454244502682137,Delta_LS_50_50,DOGE,,0.16908489005364274,0.05072546701609282
2026-08-24,0.9281,ENTRY,0f2b4c4f541285d055941a70001421ec019a88c788a980afdbdd3b07a6f83c15,2026-08-24,0.9281,,SHORT,-0.1,32799146246,38f0b2ad779eba7cf78d9f432ba35ead1f8c86d28c461a52e50d2713866edc13,,0.08506815154681781,Delta_LS_50_50,DOT,,0.17013630309363562,0.05104089092809068
2026-08-24,126.48,STOP_INTRADAY,268bdc01db9f34df810c2f8e14450296f50bb412706ad33ac829ca880f64bd91,2026-08-24,133.3897305520796,,LONG,0.1,32799146246,38f0b2ad779eba7cf78d9f432ba35ead1f8c86d28c461a52e50d2713866edc13,133.3897305520796,,Delta_LS_50_50,AAVE,161.3314242434718,,
2026-08-24,0.09339,STOP_INTRADAY,c8f3edc352a1138c54ea774048b5786d8aa059b68d6d6ebaa3a5c526c677664a,2026-08-24,0.0886527486353671,,LONG,0.1,32799146246,38f0b2ad779eba7cf78d9f432ba35ead1f8c86d28c461a52e50d2713866edc13,0.0886527486353671,,Delta_LS_50_50,DOGE,0.10918083788210971,,
2026-08-24,0.6383,ENTRY,2441b9211676d414069450831fc1cc8378d181cc94ee1d70894a821a57590033,2026-08-24,0.6383,,SHORT,-0.1,32799146246,38f0b2ad779eba7cf78d9f432ba35ead1f8c86d28c461a52e50d2713866edc13,,0.0886836245359772,Delta_LS_50_50_StopVol,APT,,0.1773672490719544,0.05321017472158632
2026-08-24,0.09339,ENTRY,eeac416896f814f2acc1abb9be80b3054ff2ea6d14fa1154deca898ec0b9a033,2026-08-24,0.09339,,LONG,0.1,32799146246,38f0b2ad779eba7cf78d9f432ba35ead1f8c86d28c461a52e50d2713866edc13,,0.08454244502682137,Delta_LS_50_50_StopVol,DOGE,,0.16908489005364274,0.05072546701609282
2026-08-24,0.9281,ENTRY,caf4eef58d8b9eb0cb773bdf19587da23ded74779235829158ba724c619f4ed2,2026-08-24,0.9281,,SHORT,-0.1,32799146246,38f0b2ad779eba7cf78d9f432ba35ead1f8c86d28c461a52e50d2713866edc13,,0.08506815154681781,Delta_LS_50_50_StopVol,DOT,,0.17013630309363562,0.05104089092809068
2026-08-24,126.48,STOP_INTRADAY,b0ba9ce947b56444d813fd674835950ec34305ea70e6f140c0a271277ee71402,2026-08-24,133.3897305520796,,LONG,0.06872954790448121,32799146246,38f0b2ad779eba7cf78d9f432ba35ead1f8c86d28c461a52e50d2713866edc13,133.3897305520796,,Delta_LS_50_50_StopVol,AAVE,161.3314242434718,,
2026-08-24,0.09339,STOP_INTRADAY,e35f959f5f928a5af8c0238578274b1708af0315e82502725b8b36c01c437ead,2026-08-24,0.0886527486353671,,LONG,0.1,32799146246,38f0b2ad779eba7cf78d9f432ba35ead1f8c86d28c461a52e50d2713866edc13,0.0886527486353671,,Delta_LS_50_50_StopVol,DOGE,0.10918083788210971,,
2026-08-25,0.753,ENTRY,cbac61217dd2b4856d7d3421c64ebd0327924b4dcb8323063801052b9053d9c7,2026-08-25,0.753,,SHORT,-0.06,32920908476,26ae9af8f2e409c67ca939d7718093086f2c66f1b2c01182d759a0776363def7,,0.10240673095028222,Delta_LS_70_30,FIL,,0.20481346190056443,0.061444038570169335
2026-08-25,11.626,ENTRY,cdf7de5173c5c2a5c2071e24a461091207926112f85cf013d79f55791ca04fd5,2026-08-25,11.626,,LONG,0.13999999999999999,32920908476,26ae9af8f2e409c67ca939d7718093086f2c66f1b2c01182d759a0776363def7,,0.0938101747944853,Delta_LS_70_30,LINK,,0.1876203495889706,0.05628610487669118
2026-08-25,51.62,ENTRY,352c7a435bb580e5ea7d178c043e6bc5fe3cabaa617c76bdc82e0f9f53dad10f,2026-08-25,51.62,,SHORT,-0.06,32920908476,26ae9af8f2e409c67ca939d7718093086f2c66f1b2c01182d759a0776363def7,,0.0670789896890568,Delta_LS_70_30,LTC,,0.1341579793781136,0.040247393813434076
2026-08-25,0.753,ENTRY,f08316fe9daf9ff801e1830791c354ef3967cfe39d7eae82c447a7036d319417,2026-08-25,0.753,,SHORT,-0.05858989877250314,32920908476,26ae9af8f2e409c67ca939d7718093086f2c66f1b2c01182d759a0776363def7,,0.10240673095028222,Delta_LS_70_30_StopVol,FIL,,0.20481346190056443,0.061444038570169335
2026-08-25,11.626,ENTRY,cbbabf1173eba35f89fca3d0d2737e6f61347af4ea38a2d06a04721f833ac696,2026-08-25,11.626,,LONG,0.13999999999999999,32920908476,26ae9af8f2e409c67ca939d7718093086f2c66f1b2c01182d759a0776363def7,,0.0938101747944853,Delta_LS_70_30_StopVol,LINK,,0.1876203495889706,0.05628610487669118
2026-08-25,51.62,ENTRY,5df4dc087532fa345e70263f6fd48cc1758d702740b2b4f0221a1c66f9ebf884,2026-08-25,51.62,,SHORT,-0.06,32920908476,26ae9af8f2e409c67ca939d7718093086f2c66f1b2c01182d759a0776363def7,,0.0670789896890568,Delta_LS_70_30_StopVol,LTC,,0.1341579793781136,0.040247393813434076
2026-08-25,0.753,ENTRY,9571adf9173ca209a22fdea9efde24ca48af3fd95726f90297b8a7907af24e1e,2026-08-25,0.753,,SHORT,-0.1,32920908476,26ae9af8f2e409c67ca939d7718093086f2c66f1b2c01182d759a0776363def7,,0.10240673095028222,Delta_LS_50_50,FIL,,0.20481346190056443,0.061444038570169335
2026-08-25,11.626,ENTRY,e8a13ea609eefbde5917eac605a2d885bcdb8fcdc0875067f22c7615872e3edb,2026-08-25,11.626,,LONG,0.1,32920908476,26ae9af8f2e409c67ca939d7718093086f2c66f1b2c01182d759a0776363def7,,0.0938101747944853,Delta_LS_50_50,LINK,,0.1876203495889706,0.05628610487669118
2026-08-25,51.62,ENTRY,101716c531241d46dc24dc5446e099f1ecafd3493d92a2e1d3758efd1ffc7da4,2026-08-25,51.62,,SHORT,-0.1,32920908476,26ae9af8f2e409c67ca939d7718093086f2c66f1b2c01182d759a0776363def7,,0.0670789896890568,Delta_LS_50_50,LTC,,0.1341579793781136,0.040247393813434076
2026-08-25,0.753,ENTRY,89eadfb5bddf2660a8cbe1276b970c7cb7a54e092c08b0170a90e38e58ab7f0d,2026-08-25,0.753,,SHORT,-0.09764983128750525,32920908476,26ae9af8f2e409c67ca939d7718093086f2c66f1b2c01182d759a0776363def7,,0.10240673095028222,Delta_LS_50_50_StopVol,FIL,,0.20481346190056443,0.061444038570169335
2026-08-25,11.626,ENTRY,c8c008fe4d7eb30ef2525e6b752dff2d821868538a0bb73a795fe6d9afe16076,2026-08-25,11.626,,LONG,0.1,32920908476,26ae9af8f2e409c67ca939d7718093086f2c66f1b2c01182d759a0776363def7,,0.0938101747944853,Delta_LS_50_50_StopVol,LINK,,0.1876203495889706,0.05628610487669118
2026-08-25,51.62,ENTRY,9ca6f39bde3548a4150ffb517e031be88d09bb44a7a0f6c3a5d51fa82c6ed404,2026-08-25,51.62,,SHORT,-0.1,32920908476,26ae9af8f2e409c67ca939d7718093086f2c66f1b2c01182d759a0776363def7,,0.0670789896890568,Delta_LS_50_50_StopVol,LTC,,0.1341579793781136,0.040247393813434076
2026-08-26,11.626,STOP_GAP,b217100a34b755571f955b28b2ad8a002f304d704550db42fef01d6439ad04fb,2026-08-26,11.285,,LONG,0.13999999999999999,33060053572,cbfdc185a146be7fd93392936d8971ea07d3284f09e19330ac81f574db8454fe,11.324566741479707,,Delta_LS_70_30,LINK,13.80727418432137,,
2026-08-26,2441.9,ENTRY,5456310863a8d4668caa63bd2e803da6119e554bf1745b7ea0383c67f80bd8d7,2026-08-26,2441.9,,LONG,0.13999999999999999,33060053572,cbfdc185a146be7fd93392936d8971ea07d3284f09e19330ac81f574db8454fe,,0.0957781259763406,Delta_LS_70_30,ETH,,0.1915562519526812,0.057466875585804364
2026-08-26,51.62,REBALANCE_EXIT,0797e9b4559ea1577e5d11abc89060c871b5a746e3822c169cf13378fead9c87,2026-08-26,49.93,,SHORT,-0.06,33060053572,cbfdc185a146be7fd93392936d8971ea07d3284f09e19330ac81f574db8454fe,,,Delta_LS_70_30,LTC,,,
2026-08-26,96.55,ENTRY,075acc347a539629f9e23bbe5b95214efcd91aadca64db996e010dd2394d43a0,2026-08-26,96.55,,LONG,0.13999999999999999,33060053572,cbfdc185a146be7fd93392936d8971ea07d3284f09e19330ac81f574db8454fe,,0.06979814326441573,Delta_LS_70_30,SOL,,0.13959628652883146,0.04187888595864944
2026-08-26,1.4336,ENTRY,c909a6c896313ca487d451f39487a069856ad7d90a60fff08bc4c5a8c77c0357,2026-08-26,1.4336,,LONG,0.13999999999999999,33060053572,cbfdc185a146be7fd93392936d8971ea07d3284f09e19330ac81f574db8454fe,,0.11366770669195418,Delta_LS_70_30,XRP,,0.22733541338390836,0.0682006240151725
2026-08-26,11.626,STOP_GAP,8ec6f25c43f9897f7bd52b403c62b01dccda9823ce0dfeef21b0308c2f827327,2026-08-26,11.285,,LONG,0.13999999999999999,33060053572,cbfdc185a146be7fd93392936d8971ea07d3284f09e19330ac81f574db8454fe,11.324566741479707,,Delta_LS_70_30_StopVol,LINK,13.80727418432137,,
2026-08-26,2441.9,ENTRY,a3122dc53f0b8097e8192408f7a8c4c9b80ab47a36d32bee2bb17eb5e33cc8e5,2026-08-26,2441.9,,LONG,0.13999999999999999,33060053572,cbfdc185a146be7fd93392936d8971ea07d3284f09e19330ac81f574db8454fe,,0.0957781259763406,Delta_LS_70_30_StopVol,ETH,,0.1915562519526812,0.057466875585804364
2026-08-26,51.62,REBALANCE_EXIT,31628c4b56b0b50d5e1fb82354643b52d9501a45a5ecbd4c90c6f916a78a4452,2026-08-26,49.93,,SHORT,-0.06,33060053572,cbfdc185a146be7fd93392936d8971ea07d3284f09e19330ac81f574db8454fe,,,Delta_LS_70_30_StopVol,LTC,,,
2026-08-26,96.55,ENTRY,1a050fe610b74fd7950c9151e5e9ccd14b752e368175f9d67e5adfd14f628599,2026-08-26,96.55,,LONG,0.13999999999999999,33060053572,cbfdc185a146be7fd93392936d8971ea07d3284f09e19330ac81f574db8454fe,,0.06979814326441573,Delta_LS_70_30_StopVol,SOL,,0.13959628652883146,0.04187888595864944
2026-08-26,1.4336,ENTRY,a2e9c7c9c5b21747dd8dacc7b99be08e64609cb354153d37511df6aea9330526,2026-08-26,1.4336,,LONG,0.12316602848283709,33060053572,cbfdc185a146be7fd93392936d8971ea07d3284f09e19330ac81f574db8454fe,,0.11366770669195418,Delta_LS_70_30_StopVol,XRP,,0.22733541338390836,0.0682006240151725
2026-08-26,11.626,STOP_GAP,7177a68b2b703ea6cf0b0c71230a51a474dfcbb52c38b89d52849512f9d6b873,2026-08-26,11.285,,LONG,0.1,33060053572,cbfdc185a146be7fd93392936d8971ea07d3284f09e19330ac81f574db8454fe,11.324566741479707,,Delta_LS_50_50,LINK,13.80727418432137,,
2026-08-26,2441.9,ENTRY,a28a75968bc1f07839210b2b912300a11215ebea65fa5c8afa18282a664b76b5,2026-08-26,2441.9,,LONG,0.1,33060053572,cbfdc185a146be7fd93392936d8971ea07d3284f09e19330ac81f574db8454fe,,0.0957781259763406,Delta_LS_50_50,ETH,,0.1915562519526812,0.057466875585804364
2026-08-26,51.62,REBALANCE_EXIT,ef3f42aedafb31ea6322c9855bf8d872dc0eafc3da47ac3da2a38b2147b702cb,2026-08-26,49.93,,SHORT,-0.1,33060053572,cbfdc185a146be7fd93392936d8971ea07d3284f09e19330ac81f574db8454fe,,,Delta_LS_50_50,LTC,,,
2026-08-26,96.55,ENTRY,2daa18dbba41c6d709ee457513cda7d12f7ed2b7625ff52977c835853165e024,2026-08-26,96.55,,LONG,0.1,33060053572,cbfdc185a146be7fd93392936d8971ea07d3284f09e19330ac81f574db8454fe,,0.06979814326441573,Delta_LS_50_50,SOL,,0.13959628652883146,0.04187888595864944
2026-08-26,1.4336,ENTRY,7fdc93be77796e5675c0747e35b03564c337e10a8c7f14655b7c4028fd6f857c,2026-08-26,1.4336,,LONG,0.1,33060053572,cbfdc185a146be7fd93392936d8971ea07d3284f09e19330ac81f574db8454fe,,0.11366770669195418,Delta_LS_50_50,XRP,,0.22733541338390836,0.0682006240151725
2026-08-26,11.626,STOP_GAP,cbf50f872720306c9b1ce6bdef1a9b9e41b2222737a8f16c24a51940671a1d39,2026-08-26,11.285,,LONG,0.1,33060053572,cbfdc185a146be7fd93392936d8971ea07d3284f09e19330ac81f574db8454fe,11.324566741479707,,Delta_LS_50_50_StopVol,LINK,13.80727418432137,,
2026-08-26,2441.9,ENTRY,57b1b960dcc04016dc287b781e5efea4107ecbd160b3384308eb31126ebf70e0,2026-08-26,2441.9,,LONG,0.1,33060053572,cbfdc185a146be7fd93392936d8971ea07d3284f09e19330ac81f574db8454fe,,0.0957781259763406,Delta_LS_50_50_StopVol,ETH,,0.1915562519526812,0.057466875585804364
2026-08-26,51.62,REBALANCE_EXIT,6b330cb1108150a905c9e0d67ae6b12150186f85998746dafa25e27e9c8d79cc,2026-08-26,49.93,,SHORT,-0.1,33060053572,cbfdc185a146be7fd93392936d8971ea07d3284f09e19330ac81f574db8454fe,,,Delta_LS_50_50_StopVol,LTC,,,
2026-08-26,96.55,ENTRY,0daa3d987250f3f3bc65d1ade70e249b1528a178310c4f2e5fcbf1a5d258ec50,2026-08-26,96.55,,LONG,0.1,33060053572,cbfdc185a146be7fd93392936d8971ea07d3284f09e19330ac81f574db8454fe,,0.06979814326441573,Delta_LS_50_50_StopVol,SOL,,0.13959628652883146,0.04187888595864944
2026-08-26,1.4336,ENTRY,e66b26d40a6a399bd4658d8aa5085609fa3d8d4a2371401934611491748859df,2026-08-26,1.4336,,LONG,0.08797573463059793,33060053572,cbfdc185a146be7fd93392936d8971ea07d3284f09e19330ac81f574db8454fe,,0.11366770669195418,Delta_LS_50_50_StopVol,XRP,,0.22733541338390836,0.0682006240151725
2026-08-27,0.9281,STOP_GAP,f4d840cdbfacb73a3aaa97679555ce8104bdf7eeb68238418f51f4d0a6a6f88e,2026-08-27,0.8753,,SHORT,-0.06,33166852936,439f29524ba3ec49fe94bd2e362058ab8667b59800dd73d6fcf923c006e6dc32,0.8714180026684799,,Delta_LS_70_30,DOT,0.7701964970987969,,
2026-08-27,126.92,ENTRY,a4a6028f6721d68da98a04d2165549d3e98a9942d1b13d8af437414298fd0069,2026-08-27,126.92,,LONG,0.13999999999999999,33166852936,439f29524ba3ec49fe94bd2e362058ab8667b59800dd73d6fcf923c006e6dc32,,0.1443950426516851,Delta_LS_70_30,AAVE,,0.2887900853033702,0.08663702559101105
2026-08-27,0.7669,ENTRY,27814f7031e0244d032f3aff36d2134f85cc6a83a97aced0f8d3ed1366d836b7,2026-08-27,0.7669,,SHORT,-0.06,33166852936,439f29524ba3ec49fe94bd2e362058ab8667b59800dd73d6fcf923c006e6dc32,,0.09878269986843577,Delta_LS_70_30,SUI,,0.19756539973687154,0.059269619921061466
2026-08-27,0.6383,STOP_INTRADAY,b364872b97576e59c9fc4e3c99db8a83cf7c1ea3d26814f2c517d2a04800f125,2026-08-27,0.574947434380514,,SHORT,-0.06,33166852936,439f29524ba3ec49fe94bd2e362058ab8667b59800dd73d6fcf923c006e6dc32,0.574947434380514,,Delta_LS_70_30,APT,0.5250864849173714,,
2026-08-27,0.753,STOP_INTRADAY,0128d5787072fce742467cf04902408253a5e945566a671eb790879ee1f44279,2026-08-27,0.7264522999974239,,SHORT,-0.06,33166852936,439f29524ba3ec49fe94bd2e362058ab8667b59800dd73d6fcf923c006e6dc32,0.7264522999974239,,Delta_LS_70_30,FIL,0.598775463188875,,
2026-08-27,96.55,TAKE_PROFIT_INTRADAY,c879e5bb6244a6f9321d26827cd4848cee45b03fe03675265b45b21d527408e2,2026-08-27,110.02802146435867,,LONG,0.13999999999999999,33166852936,439f29524ba3ec49fe94bd2e362058ab8667b59800dd73d6fcf923c006e6dc32,98.19783297809802,,Delta_LS_70_30,SOL,110.02802146435867,,
2026-08-27,0.9281,STOP_GAP,329ad564c8fea91f793853eed8d8df1a0e43d5d813ed1047ddb324529916d7f5,2026-08-27,0.8753,,SHORT,-0.06,33166852936,439f29524ba3ec49fe94bd2e362058ab8667b59800dd73d6fcf923c006e6dc32,0.8714180026684799,,Delta_LS_70_30_StopVol,DOT,0.7701964970987969,,
2026-08-27,126.92,ENTRY,caed506c2866a967bdb91285e9146c884ebc144941b44aa8e64f4c40bd32174c,2026-08-27,126.92,,LONG,0.09695623715954918,33166852936,439f29524ba3ec49fe94bd2e362058ab8667b59800dd73d6fcf923c006e6dc32,,0.1443950426516851,Delta_LS_70_30_StopVol,AAVE,,0.2887900853033702,0.08663702559101105
2026-08-27,0.7669,ENTRY,122b67e44aee01331cf30160e6acc76a877044a075ca22b7d27adf47cbd2cb73,2026-08-27,0.7669,,SHORT,-0.06,33166852936,439f29524ba3ec49fe94bd2e362058ab8667b59800dd73d6fcf923c006e6dc32,,0.09878269986843577,Delta_LS_70_30_StopVol,SUI,,0.19756539973687154,0.059269619921061466
2026-08-27,0.6383,STOP_INTRADAY,2f13ff1f4255122f895c62e6a8611f1db86c067b3421d6b79d2b17843df363ec,2026-08-27,0.574947434380514,,SHORT,-0.06,33166852936,439f29524ba3ec49fe94bd2e362058ab8667b59800dd73d6fcf923c006e6dc32,0.574947434380514,,Delta_LS_70_30_StopVol,APT,0.5250864849173714,,
2026-08-27,0.753,STOP_INTRADAY,8a927e560d5370b199b40c8e8c3e8000b209780facbfa98fbfe7f5685e11505c,2026-08-27,0.7264522999974239,,SHORT,-0.0596374457956107,33166852936,439f29524ba3ec49fe94bd2e362058ab8667b59800dd73d6fcf923c006e6dc32,0.7264522999974239,,Delta_LS_70_30_StopVol,FIL,0.598775463188875,,
2026-08-27,96.55,TAKE_PROFIT_INTRADAY,7723c2224184a6fc795bab654f27ac166cf493f7ed9b39bd76f9145f6326394c,2026-08-27,110.02802146435867,,LONG,0.13999999999999999,33166852936,439f29524ba3ec49fe94bd2e362058ab8667b59800dd73d6fcf923c006e6dc32,98.19783297809802,,Delta_LS_70_30_StopVol,SOL,110.02802146435867,,
2026-08-27,0.9281,STOP_GAP,433e05e7977669a2b3fe62989f2b4aa27a0f0bac3d55539f04d57fed90c7f3f0,2026-08-27,0.8753,,SHORT,-0.1,33166852936,439f29524ba3ec49fe94bd2e362058ab8667b59800dd73d6fcf923c006e6dc32,0.8714180026684799,,Delta_LS_50_50,DOT,0.7701964970987969,,
2026-08-27,126.92,ENTRY,6818cc86a0f4c4e0537f692d4f20620ebbfebfd755f716ad2b3d8ba92a50d864,2026-08-27,126.92,,LONG,0.1,33166852936,439f29524ba3ec49fe94bd2e362058ab8667b59800dd73d6fcf923c006e6dc32,,0.1443950426516851,Delta_LS_50_50,AAVE,,0.2887900853033702,0.08663702559101105
2026-08-27,0.7669,ENTRY,5d60af09f59055eed36797742772d14f9edda570ab173f84b5ad59ed6efae8bf,2026-08-27,0.7669,,SHORT,-0.1,33166852936,439f29524ba3ec49fe94bd2e362058ab8667b59800dd73d6fcf923c006e6dc32,,0.09878269986843577,Delta_LS_50_50,SUI,,0.19756539973687154,0.059269619921061466
2026-08-27,0.6383,STOP_INTRADAY,beb09bf804e3219a9b52d5095827e4ebe5c51475016288a6e29c2a914b4b0d0e,2026-08-27,0.574947434380514,,SHORT,-0.1,33166852936,439f29524ba3ec49fe94bd2e362058ab8667b59800dd73d6fcf923c006e6dc32,0.574947434380514,,Delta_LS_50_50,APT,0.5250864849173714,,
2026-08-27,0.753,STOP_INTRADAY,cd3bd05d9807959be40c930e38c2b86ed57d44a89acadbd8c5a3a55e09be69ca,2026-08-27,0.7264522999974239,,SHORT,-0.1,33166852936,439f29524ba3ec49fe94bd2e362058ab8667b59800dd73d6fcf923c006e6dc32,0.7264522999974239,,Delta_LS_50_50,FIL,0.598775463188875,,
2026-08-27,96.55,TAKE_PROFIT_INTRADAY,519dd69416adf6f93629453a67e7272a3cedcdadc16bc796fd02ce77d79cabab,2026-08-27,110.02802146435867,,LONG,0.1,33166852936,439f29524ba3ec49fe94bd2e362058ab8667b59800dd73d6fcf923c006e6dc32,98.19783297809802,,Delta_LS_50_50,SOL,110.02802146435867,,
2026-08-27,0.9281,STOP_GAP,04d31da5381f2b53e54b0aaa3ac7390fd48a350c182ecd7c91260e20c88e86d8,2026-08-27,0.8753,,SHORT,-0.1,33166852936,439f29524ba3ec49fe94bd2e362058ab8667b59800dd73d6fcf923c006e6dc32,0.8714180026684799,,Delta_LS_50_50_StopVol,DOT,0.7701964970987969,,
2026-08-27,126.92,ENTRY,9867d3fdbf3bb23862781fa672b95205cb4671aaebe4db4f0309728efe4d8b18,2026-08-27,126.92,,LONG,0.0692544551139637,33166852936,439f29524ba3ec49fe94bd2e362058ab8667b59800dd73d6fcf923c006e6dc32,,0.1443950426516851,Delta_LS_50_50_StopVol,AAVE,,0.2887900853033702,0.08663702559101105
2026-08-27,0.7669,ENTRY,4fb96d943819c90b6e6bb2e66d7439ac3b62a032d73f9d06f822bfe84d21c373,2026-08-27,0.7669,,SHORT,-0.1,33166852936,439f29524ba3ec49fe94bd2e362058ab8667b59800dd73d6fcf923c006e6dc32,,0.09878269986843577,Delta_LS_50_50_StopVol,SUI,,0.19756539973687154,0.059269619921061466
2026-08-27,0.6383,STOP_INTRADAY,ded046a84754f7cdb9f5a17c1192b143f3dad85adbacfb78a81081a7f581f116,2026-08-27,0.574947434380514,,SHORT,-0.1,33166852936,439f29524ba3ec49fe94bd2e362058ab8667b59800dd73d6fcf923c006e6dc32,0.574947434380514,,Delta_LS_50_50_StopVol,APT,0.5250864849173714,,
2026-08-27,0.753,STOP_INTRADAY,676a4e9c64d74de907278baa12cb646639bb04b2691c4ffc5472b8fdd865e938,2026-08-27,0.7264522999974239,,SHORT,-0.0993957429926845,33166852936,439f29524ba3ec49fe94bd2e362058ab8667b59800dd73d6fcf923c006e6dc32,0.7264522999974239,,Delta_LS_50_50_StopVol,FIL,0.598775463188875,,
2026-08-27,96.55,TAKE_PROFIT_INTRADAY,3ffa5db7582b568f5adf7009b7c0263b27d17b0e5537efd6636948af899d79b7,2026-08-27,110.02802146435867,,LONG,0.1,33166852936,439f29524ba3ec49fe94bd2e362058ab8667b59800dd73d6fcf923c006e6dc32,98.19783297809802,,Delta_LS_50_50_StopVol,SOL,110.02802146435867,,
2026-08-28,49.88,ENTRY,2353b6dab5b04fb3c0f2ed00dcc9dc1c340dba462daec6a71e8b090204928a9a,2026-08-28,49.88,,SHORT,-0.06,33239920511,446b1a7af0c908db2e1c54f2df87864a1628ace970bde4d0fa23b6ff1b941aa5,,0.06598833763660902,Delta_LS_70_30,LTC,,0.13197667527321805,0.04
2026-08-28,0.7669,REBALANCE_EXIT,42d2680fcbd07f7782ed74797639ef97b70d94d7275b8f9386757165cb4651d9,2026-08-28,0.779,,SHORT,-0.06,33239920511,446b1a7af0c908db2e1c54f2df87864a1628ace970bde4d0fa23b6ff1b941aa5,,,Delta_LS_70_30,SUI,,,
2026-08-28,2441.9,STOP_INTRADAY,437948f3a54e6dc7dcf8eb873c8fab15e27dcc79b06785478d2dce8e5b60f675,2026-08-28,2418.785055859174,,LONG,0.13999999999999999,33239920511,446b1a7af0c908db2e1c54f2df87864a1628ace970bde4d0fa23b6ff1b941aa5,2418.785055859174,,Delta_LS_70_30,ETH,2909.6612116432525,,
2026-08-28,1.4336,STOP_INTRADAY,70ab9f1c8ca37da8a53615b4e0bb67cd137347d1afa1e3bc9945c944245a0ea8,2026-08-28,1.372726840700848,,LONG,0.13999999999999999,33239920511,446b1a7af0c908db2e1c54f2df87864a1628ace970bde4d0fa23b6ff1b941aa5,1.372726840700848,,Delta_LS_70_30,XRP,1.7595080486271708,,
2026-08-28,49.88,ENTRY,f15079f793a5269ef6c313313c1bbfa45c5ac5a1d8b4e6cb6abbf5fa34812a33,2026-08-28,49.88,,SHORT,-0.06,33239920511,446b1a7af0c908db2e1c54f2df87864a1628ace970bde4d0fa23b6ff1b941aa5,,0.06598833763660902,Delta_LS_70_30_StopVol,LTC,,0.13197667527321805,0.04
2026-08-28,0.7669,REBALANCE_EXIT,eada96dd1808856ac1ccbecde63dadbf9a35ccfd971823d27bc67d080abd282d,2026-08-28,0.779,,SHORT,-0.06,33239920511,446b1a7af0c908db2e1c54f2df87864a1628ace970bde4d0fa23b6ff1b941aa5,,,Delta_LS_70_30_StopVol,SUI,,,
2026-08-28,2441.9,STOP_INTRADAY,f6e458e0bc068f24ae16a863c589543fd3f2e8519c3d6d0c8bcc0a7e0833c669,2026-08-28,2418.785055859174,,LONG,0.13999999999999999,33239920511,446b1a7af0c908db2e1c54f2df87864a1628ace970bde4d0fa23b6ff1b941aa5,2418.785055859174,,Delta_LS_70_30_StopVol,ETH,2909.6612116432525,,
2026-08-28,1.4336,STOP_INTRADAY,317ad8346e187bacbcc9e3bcfcae11111101ad97242ee0b596762f7d11074bd5,2026-08-28,1.372726840700848,,LONG,0.12565560659442937,33239920511,446b1a7af0c908db2e1c54f2df87864a1628ace970bde4d0fa23b6ff1b941aa5,1.372726840700848,,Delta_LS_70_30_StopVol,XRP,1.7595080486271708,,
2026-08-28,49.88,ENTRY,fa8ebe9e99dc224e494e1d22fa68499e07d0b8c032c6a672fa4e41d0210f16a3,2026-08-28,49.88,,SHORT,-0.1,33239920511,446b1a7af0c908db2e1c54f2df87864a1628ace970bde4d0fa23b6ff1b941aa5,,0.06598833763660902,Delta_LS_50_50,LTC,,0.13197667527321805,0.04
2026-08-28,0.7669,REBALANCE_EXIT,9b5ba56199f53b601bb8e8d1e9cbe833ec0144fcd9c53efc146922a972e7746c,2026-08-28,0.779,,SHORT,-0.1,33239920511,446b1a7af0c908db2e1c54f2df87864a1628ace970bde4d0fa23b6ff1b941aa5,,,Delta_LS_50_50,SUI,,,
2026-08-28,2441.9,STOP_INTRADAY,501f4c29f102dfa958d7fcd4cd4f72682b33c443a99a4c9e0ac67474dc215566,2026-08-28,2418.785055859174,,LONG,0.1,33239920511,446b1a7af0c908db2e1c54f2df87864a1628ace970bde4d0fa23b6ff1b941aa5,2418.785055859174,,Delta_LS_50_50,ETH,2909.6612116432525,,
2026-08-28,1.4336,STOP_INTRADAY,23b1547c9b6f7b9a6b22c711cbd26395a21024c74fd7d64719045d4a2b269134,2026-08-28,1.372726840700848,,LONG,0.1,33239920511,446b1a7af0c908db2e1c54f2df87864a1628ace970bde4d0fa23b6ff1b941aa5,1.372726840700848,,Delta_LS_50_50,XRP,1.7595080486271708,,
2026-08-28,49.88,ENTRY,e2709829596f55eb5720c824938433368517023a1784a8e5a994e388f4b09f73,2026-08-28,49.88,,SHORT,-0.1,33239920511,446b1a7af0c908db2e1c54f2df87864a1628ace970bde4d0fa23b6ff1b941aa5,,0.06598833763660902,Delta_LS_50_50_StopVol,LTC,,0.13197667527321805,0.04
2026-08-28,0.7669,REBALANCE_EXIT,3b56d80e09881a8900bf1364b324cd352dd7546f74a0166259709d1fc4c3a070,2026-08-28,0.779,,SHORT,-0.1,33239920511,446b1a7af0c908db2e1c54f2df87864a1628ace970bde4d0fa23b6ff1b941aa5,,,Delta_LS_50_50_StopVol,SUI,,,
2026-08-28,2441.9,STOP_INTRADAY,04986937db4ac7281ef4effe69221739057c39d3cef4ae542694073544c8eef5,2026-08-28,2418.785055859174,,LONG,0.1,33239920511,446b1a7af0c908db2e1c54f2df87864a1628ace970bde4d0fa23b6ff1b941aa5,2418.785055859174,,Delta_LS_50_50_StopVol,ETH,2909.6612116432525,,
2026-08-28,1.4336,STOP_INTRADAY,63b089120610ed0e9cc3117078ba827d6b8af310dc210757167236fa86f801b5,2026-08-28,1.372726840700848,,LONG,0.0897540047103067,33239920511,446b1a7af0c908db2e1c54f2df87864a1628ace970bde4d0fa23b6ff1b941aa5,1.372726840700848,,Delta_LS_50_50_StopVol,XRP,1.7595080486271708,,
2026-08-29,11.425,ENTRY,320ee723e4eceac5238a28c10925904d13f6bc6010e2fe19a320060982ae4284,2026-08-29,11.425,,LONG,0.13999999999999999,33294550540,29982663ee0cc923f00af51582edfb9d9a6fe8a11e77405bec4c94a21835d2d5,,0.09224763779836109,Delta_LS_70_30,LINK,,0.18449527559672219,0.055348582679016656
2026-08-29,49.88,REBALANCE_EXIT,6c94ecbfe336ffe7a57355c8b84b3d4d879ddf0f7625899cd13f44c1dd517318,2026-08-29,49.28,,SHORT,-0.06,33294550540,29982663ee0cc923f00af51582edfb9d9a6fe8a11e77405bec4c94a21835d2d5,,,Delta_LS_70_30,LTC,,,
2026-08-29,0.08997,ENTRY,0edfd07fd45e19640781d7eb9a0b1b407d331b2ea8ebd384db34d06127802f05,2026-08-29,0.08997,,SHORT,-0.06,33294550540,29982663ee0cc923f00af51582edfb9d9a6fe8a11e77405bec4c94a21835d2d5,,0.10584690503331341,Delta_LS_70_30,OP,,0.21169381006662683,0.06350814301998804
2026-08-29,0.34428,REBALANCE_EXIT,43cf626c35f7fe4b1dc648e3789f67cff39f8b82b3e4d9a3e826206d789bec88,2026-08-29,0.34122,,SHORT,-0.06,33294550540,29982663ee0cc923f00af51582edfb9d9a6fe8a11e77405bec4c94a21835d2d5,,,Delta_LS_70_30,TRX,,,
2026-08-29,11.425,ENTRY,830da007062db8950d2949f05437912eb899355f851550bc747739dbffdeada7,2026-08-29,11.425,,LONG,0.13999999999999999,33294550540,29982663ee0cc923f00af51582edfb9d9a6fe8a11e77405bec4c94a21835d2d5,,0.09224763779836109,Delta_LS_70_30_StopVol,LINK,,0.18449527559672219,0.055348582679016656
2026-08-29,49.88,REBALANCE_EXIT,451448b1df6c5039b80b52a13fd912ba7549c43bf3379c2c4847d72ec8ae4f82,2026-08-29,49.28,,SHORT,-0.06,33294550540,29982663ee0cc923f00af51582edfb9d9a6fe8a11e77405bec4c94a21835d2d5,,,Delta_LS_70_30_StopVol,LTC,,,
2026-08-29,0.08997,ENTRY,b608a600c9e25e17a6173aa757cf3d89acad87ce4bf7ce151a9021090f3b1cad,2026-08-29,0.08997,,SHORT,-0.05668564421521449,33294550540,29982663ee0cc923f00af51582edfb9d9a6fe8a11e77405bec4c94a21835d2d5,,0.10584690503331341,Delta_LS_70_30_StopVol,OP,,0.21169381006662683,0.06350814301998804
2026-08-29,0.34428,REBALANCE_EXIT,b21339a7799c6e36f577b48bc6f6de03ed7cfccbd4367a89838c24a7b3a77913,2026-08-29,0.34122,,SHORT,-0.06,33294550540,29982663ee0cc923f00af51582edfb9d9a6fe8a11e77405bec4c94a21835d2d5,,,Delta_LS_70_30_StopVol,TRX,,,
2026-08-29,11.425,ENTRY,3f9b1063e629905cc0572029af59dd375a9074af57ebed96c04cbb0e60a912a2,2026-08-29,11.425,,LONG,0.1,33294550540,29982663ee0cc923f00af51582edfb9d9a6fe8a11e77405bec4c94a21835d2d5,,0.09224763779836109,Delta_LS_50_50,LINK,,0.18449527559672219,0.055348582679016656
2026-08-29,49.88,REBALANCE_EXIT,cc9b46377c6b79e6ba4eed81a1f9c56fcf8b3e4c287969a39d62b9687a81bebd,2026-08-29,49.28,,SHORT,-0.1,33294550540,29982663ee0cc923f00af51582edfb9d9a6fe8a11e77405bec4c94a21835d2d5,,,Delta_LS_50_50,LTC,,,
2026-08-29,0.08997,ENTRY,400b1f94496ed5dbdd04b8108a4f46a211279c79e26acc7343bae70301108813,2026-08-29,0.08997,,SHORT,-0.1,33294550540,29982663ee0cc923f00af51582edfb9d9a6fe8a11e77405bec4c94a21835d2d5,,0.10584690503331341,Delta_LS_50_50,OP,,0.21169381006662683,0.06350814301998804
2026-08-29,0.34428,REBALANCE_EXIT,157e52bbb4ee418ad0a5ed1127e57036a6192498c41758b91eb1aa29784092ce,2026-08-29,0.34122,,SHORT,-0.1,33294550540,29982663ee0cc923f00af51582edfb9d9a6fe8a11e77405bec4c94a21835d2d5,,,Delta_LS_50_50,TRX,,,
2026-08-29,11.425,ENTRY,640c2a5c629acf447f92f73672121ea0f45b4e8544c72759cb4a41556572bc3b,2026-08-29,11.425,,LONG,0.1,33294550540,29982663ee0cc923f00af51582edfb9d9a6fe8a11e77405bec4c94a21835d2d5,,0.09224763779836109,Delta_LS_50_50_StopVol,LINK,,0.18449527559672219,0.055348582679016656
2026-08-29,49.88,REBALANCE_EXIT,8cc512671a0009671f4ff5ff5a80666fe94a779ca2c903039caa317f3c7d43e2,2026-08-29,49.28,,SHORT,-0.1,33294550540,29982663ee0cc923f00af51582edfb9d9a6fe8a11e77405bec4c94a21835d2d5,,,Delta_LS_50_50_StopVol,LTC,,,
2026-08-29,0.08997,ENTRY,7acc7dcdc01a914bd243d704be3e7cd763a493eccf3a46801aa64c88d17d088c,2026-08-29,0.08997,,SHORT,-0.09447607369202415,33294550540,29982663ee0cc923f00af51582edfb9d9a6fe8a11e77405bec4c94a21835d2d5,,0.10584690503331341,Delta_LS_50_50_StopVol,OP,,0.21169381006662683,0.06350814301998804
2026-08-29,0.34428,REBALANCE_EXIT,2517753f944618ee9f3549f77f083a32b146e349f7ff868c19b473b7baee2c18,2026-08-29,0.34122,,SHORT,-0.1,33294550540,29982663ee0cc923f00af51582edfb9d9a6fe8a11e77405bec4c94a21835d2d5,,,Delta_LS_50_50_StopVol,TRX,,,
2026-08-30,0.5425,ENTRY,bb159a311503b2e144f81c7d46f7de46384ffdbcc5c1776c86e9a3dd3ebc4e11,2026-08-30,0.5425,,SHORT,-0.06,33360883070,2e88dd16808ced54672b21de9a228663a68b0356df07cb892c072676b8112052,,0.09610231284007162,Delta_LS_70_30,APT,,0.19220462568014324,0.05766138770404297
2026-08-30,0.8453,ENTRY,a040fdbf09ea7744e3eccaff647430e05eafe076d8b6b0b76f0c666c24e83ae5,2026-08-30,0.8453,,SHORT,-0.06,33360883070,2e88dd16808ced54672b21de9a228663a68b0356df07cb892c072676b8112052,,0.08395679240132456,Delta_LS_70_30,DOT,,0.16791358480264912,0.05037407544079473
2026-08-30,0.6819,ENTRY,150350af5b995bfdf503dfc467603a77817d3418906998862866e39036e87557,2026-08-30,0.6819,,SHORT,-0.06,33360883070,2e88dd16808ced54672b21de9a228663a68b0356df07cb892c072676b8112052,,0.0969196638674413,Delta_LS_70_30,FIL,,0.1938393277348826,0.05815179832046478
2026-08-30,105.54,ENTRY,f927f9249d821c6fc9376c9c1022a43700b4db89d0bc30e56f954e0a5a85cd9c,2026-08-30,105.54,,LONG,0.13999999999999999,33360883070,2e88dd16808ced54672b21de9a228663a68b0356df07cb892c072676b8112052,,0.07922559613957388,Delta_LS_70_30,SOL,,0.15845119227914775,0.047535357683744325
2026-08-30,0.7444,ENTRY,628c82a1dd8973fff1fcc8380947e2d82dcae9110d2e29489f7a9ac5bad2e02e,2026-08-30,0.7444,,SHORT,-0.06,33360883070,2e88dd16808ced54672b21de9a228663a68b0356df07cb892c072676b8112052,,0.10126606116060247,Delta_LS_70_30,SUI,,0.20253212232120493,0.060759636696361474
2026-08-30,105.54,STOP_INTRADAY,34e376938f72560e506b977f02a9874083c3cf7b0f507119b98da6fa58cf2cab,2026-08-30,100.52311835005763,,LONG,0.13999999999999999,33360883070,2e88dd16808ced54672b21de9a228663a68b0356df07cb892c072676b8112052,100.52311835005763,,Delta_LS_70_30,SOL,122.26293883314126,,
2026-08-30,0.5425,ENTRY,235bf537bf9180c3a2c3ecd2b4a19e27b7c2bc03dbfbcada6ac2ffddb6230fcd,2026-08-30,0.5425,,SHORT,-0.06,33360883070,2e88dd16808ced54672b21de9a228663a68b0356df07cb892c072676b8112052,,0.09610231284007162,Delta_LS_70_30_StopVol,APT,,0.19220462568014324,0.05766138770404297
2026-08-30,0.8453,ENTRY,5a8b0beb8835f480465eb0c895db94139ba99acb9711fbb15ecc3da2c8073faa,2026-08-30,0.8453,,SHORT,-0.06,33360883070,2e88dd16808ced54672b21de9a228663a68b0356df07cb892c072676b8112052,,0.08395679240132456,Delta_LS_70_30_StopVol,DOT,,0.16791358480264912,0.05037407544079473
2026-08-30,0.6819,ENTRY,e8a473e985521e10d2a0c1721e19403884b860df3ea3962dd6fe99b4c2770fb4,2026-08-30,0.6819,,SHORT,-0.06,33360883070,2e88dd16808ced54672b21de9a228663a68b0356df07cb892c072676b8112052,,0.0969196638674413,Delta_LS_70_30_StopVol,FIL,,0.1938393277348826,0.05815179832046478
2026-08-30,105.54,ENTRY,82fe83c4c383f6f0b4716cbaa7451bd42b557772a5e7e92a0d0e8db9ddc745a8,2026-08-30,105.54,,LONG,0.13999999999999999,33360883070,2e88dd16808ced54672b21de9a228663a68b0356df07cb892c072676b8112052,,0.07922559613957388,Delta_LS_70_30_StopVol,SOL,,0.15845119227914775,0.047535357683744325
2026-08-30,0.7444,ENTRY,25ee37f1fb01514832b468cbfa7420ee24203a26157b3c7dfb937e768976644d,2026-08-30,0.7444,,SHORT,-0.059249860528142066,33360883070,2e88dd16808ced54672b21de9a228663a68b0356df07cb892c072676b8112052,,0.10126606116060247,Delta_LS_70_30_StopVol,SUI,,0.20253212232120493,0.060759636696361474
2026-08-30,105.54,STOP_INTRADAY,f351654afe3baf809970c417b37a990d5f1eb16ea03279c8a4acd5ecb38f365f,2026-08-30,100.52311835005763,,LONG,0.13999999999999999,33360883070,2e88dd16808ced54672b21de9a228663a68b0356df07cb892c072676b8112052,100.52311835005763,,Delta_LS_70_30_StopVol,SOL,122.26293883314126,,
2026-08-30,0.5425,ENTRY,0d75df3cdeae3fb71d98db3adee46d1c8b11c5241d02f7c4b81a534f2cd69cb5,2026-08-30,0.5425,,SHORT,-0.1,33360883070,2e88dd16808ced54672b21de9a228663a68b0356df07cb892c072676b8112052,,0.09610231284007162,Delta_LS_50_50,APT,,0.19220462568014324,0.05766138770404297
2026-08-30,0.8453,ENTRY,a92c5e5d4627936202bff33974e9688ebe65eb5cdb2ff8397cbe4b48d05818cf,2026-08-30,0.8453,,SHORT,-0.1,33360883070,2e88dd16808ced54672b21de9a228663a68b0356df07cb892c072676b8112052,,0.08395679240132456,Delta_LS_50_50,DOT,,0.16791358480264912,0.05037407544079473
2026-08-30,0.6819,ENTRY,92adc2cf8f7ed302f34f8b2a8e49e92c6f9212d4422ee96cbd4ee31e984249b0,2026-08-30,0.6819,,SHORT,-0.1,33360883070,2e88dd16808ced54672b21de9a228663a68b0356df07cb892c072676b8112052,,0.0969196638674413,Delta_LS_50_50,FIL,,0.1938393277348826,0.05815179832046478
2026-08-30,105.54,ENTRY,1afc735330a6dc2b55bbdf4baac6b52e4acef8271ab20486066eb51fdeec2fd0,2026-08-30,105.54,,LONG,0.1,33360883070,2e88dd16808ced54672b21de9a228663a68b0356df07cb892c072676b8112052,,0.07922559613957388,Delta_LS_50_50,SOL,,0.15845119227914775,0.047535357683744325
2026-08-30,0.7444,ENTRY,ae6568843d1e4d95d75210904f75537075bb624dd8cab1a3cfc88f84f39f927b,2026-08-30,0.7444,,SHORT,-0.1,33360883070,2e88dd16808ced54672b21de9a228663a68b0356df07cb892c072676b8112052,,0.10126606116060247,Delta_LS_50_50,SUI,,0.20253212232120493,0.060759636696361474
2026-08-30,105.54,STOP_INTRADAY,7115084156cce6cd874c65a43a541a5a358761bdeb621cc8e1bfddb7c9d21948,2026-08-30,100.52311835005763,,LONG,0.1,33360883070,2e88dd16808ced54672b21de9a228663a68b0356df07cb892c072676b8112052,100.52311835005763,,Delta_LS_50_50,SOL,122.26293883314126,,
2026-08-30,0.5425,ENTRY,c7925a8bb44bcc8a7c20ab653043bb24d8e6df2512b52b26bf120bb4815438e8,2026-08-30,0.5425,,SHORT,-0.1,33360883070,2e88dd16808ced54672b21de9a228663a68b0356df07cb892c072676b8112052,,0.09610231284007162,Delta_LS_50_50_StopVol,APT,,0.19220462568014324,0.05766138770404297
2026-08-30,0.8453,ENTRY,c45e9fdeb79f6220b833127b31dfd5906a44fe1b1935b8ad70e369ac988eb259,2026-08-30,0.8453,,SHORT,-0.1,33360883070,2e88dd16808ced54672b21de9a228663a68b0356df07cb892c072676b8112052,,0.08395679240132456,Delta_LS_50_50_StopVol,DOT,,0.16791358480264912,0.05037407544079473
2026-08-30,0.6819,ENTRY,6c55c218f6795ca4d48e7888c7dcd31faf2c74f2ce43be81ce238a5568b0dac1,2026-08-30,0.6819,,SHORT,-0.1,33360883070,2e88dd16808ced54672b21de9a228663a68b0356df07cb892c072676b8112052,,0.0969196638674413,Delta_LS_50_50_StopVol,FIL,,0.1938393277348826,0.05815179832046478
2026-08-30,105.54,ENTRY,451d1996cef4be582c74879d41951ba8818809959e774451051e043790b3cc50,2026-08-30,105.54,,LONG,0.1,33360883070,2e88dd16808ced54672b21de9a228663a68b0356df07cb892c072676b8112052,,0.07922559613957388,Delta_LS_50_50_StopVol,SOL,,0.15845119227914775,0.047535357683744325
2026-08-30,0.7444,ENTRY,33278cfff68cc34429e0738c6a3f246a6cf8f844d6648bc01c565a4208b95a87,2026-08-30,0.7444,,SHORT,-0.09874976754690346,33360883070,2e88dd16808ced54672b21de9a228663a68b0356df07cb892c072676b8112052,,0.10126606116060247,Delta_LS_50_50_StopVol,SUI,,0.20253212232120493,0.060759636696361474
2026-08-30,105.54,STOP_INTRADAY,a6dea74ce4d93164735ea61d50b04422657ab3ae9f9bc3834012674b7e318f7a,2026-08-30,100.52311835005763,,LONG,0.1,33360883070,2e88dd16808ced54672b21de9a228663a68b0356df07cb892c072676b8112052,100.52311835005763,,Delta_LS_50_50_StopVol,SOL,122.26293883314126,,
2026-08-31,11.425,STOP_GAP,dd3adf46537bd774b88ef79292aaba1f662d31ecd697dfcdf27f446e64dbff3e,2026-08-31,11.135,,LONG,0.13999999999999999,33472276463,b12bcfb6e63a1b57bf1594c0e1ead648b2e7b7361407cd3b4ec4cbb6180f4318,11.178060221159196,,Delta_LS_70_30,LINK,13.532858523692552,,
2026-08-31,0.8453,REBALANCE_EXIT,b8a6377c8dfeab0dd4106ee1d7fb6a644d79777a47a910c16fb421b57ab1b5e9,2026-08-31,0.8184,,SHORT,-0.06,33472276463,b12bcfb6e63a1b57bf1594c0e1ead648b2e7b7361407cd3b4ec4cbb6180f4318,,,Delta_LS_70_30,DOT,,,
2026-08-31,2415.7,ENTRY,89229e514749e329dc84d6ea06db65eb8f7b88d4b730901a287371cf69637110,2026-08-31,2415.7,,LONG,0.13999999999999999,33472276463,b12bcfb6e63a1b57bf1594c0e1ead648b2e7b7361407cd3b4ec4cbb6180f4318,,0.09455150661216258,Delta_LS_70_30,ETH,,0.18910301322432516,0.05673090396729755
2026-08-31,1.3564,ENTRY,650bc413eacf89b9bd1a6aeb677e7187789d07f75d6e8e9c7cb18308403712cd,2026-08-31,1.3564,,LONG,0.13999999999999999,33472276463,b12bcfb6e63a1b57bf1594c0e1ead648b2e7b7361407cd3b4ec4cbb6180f4318,,0.11515379427788798,Delta_LS_70_30,XRP,,0.23030758855577596,0.0690922765667328
2026-08-31,0.08997,STOP_INTRADAY,117189650e5792e66652e75101c802c0d89585337f1328f1e764090ce1219c54,2026-08-31,0.09006850463236278,,SHORT,-0.06,33472276463,b12bcfb6e63a1b57bf1594c0e1ead648b2e7b7361407cd3b4ec4cbb6180f4318,0.09006850463236278,,Delta_LS_70_30,OP,0.07092390790830558,,
2026-08-31,0.5425,STOP_INTRADAY,5260abafdfc62182a23de7a83e80508acf5b59821797664273bf9839e1429935,2026-08-31,0.5351766621782458,,SHORT,-0.06,33472276463,b12bcfb6e63a1b57bf1594c0e1ead648b2e7b7361407cd3b4ec4cbb6180f4318,0.5351766621782458,,Delta_LS_70_30,APT,0.43822899056852227,,
2026-08-31,0.6819,STOP_INTRADAY,7aa60df7ed95da674afab0132ef7dc13f4a65e6d191c2247cd9f32d0d1a56e7d,2026-08-31,0.6824020947368677,,SHORT,-0.06,33472276463,b12bcfb6e63a1b57bf1594c0e1ead648b2e7b7361407cd3b4ec4cbb6180f4318,0.6824020947368677,,Delta_LS_70_30,FIL,0.5497209624175835,,
2026-08-31,11.425,STOP_GAP,c230e3ca206447db0a03b7bf4c3e825509ef8d1675df6d9e78551c513ad94fba,2026-08-31,11.135,,LONG,0.13999999999999999,33472276463,b12bcfb6e63a1b57bf1594c0e1ead648b2e7b7361407cd3b4ec4cbb6180f4318,11.178060221159196,,Delta_LS_70_30_StopVol,LINK,13.532858523692552,,
2026-08-31,0.8453,REBALANCE_EXIT,4d6a028480f0d9c92d9fdff347af065e3d0fe446899ae8966ed897118bdc1a72,2026-08-31,0.8184,,SHORT,-0.06,33472276463,b12bcfb6e63a1b57bf1594c0e1ead648b2e7b7361407cd3b4ec4cbb6180f4318,,,Delta_LS_70_30_StopVol,DOT,,,
2026-08-31,2415.7,ENTRY,7b7f1270f33069421cfed91b22f858b89b20d5050749da668da4e2ac6a44f206,2026-08-31,2415.7,,LONG,0.13999999999999999,33472276463,b12bcfb6e63a1b57bf1594c0e1ead648b2e7b7361407cd3b4ec4cbb6180f4318,,0.09455150661216258,Delta_LS_70_30_StopVol,ETH,,0.18910301322432516,0.05673090396729755
2026-08-31,1.3564,ENTRY,8e3fd4d4d9a73112a835f4bb2a28cd3a2e98b37e5eb3cd04073257d5649ccbac,2026-08-31,1.3564,,LONG,0.12157654107528007,33472276463,b12bcfb6e63a1b57bf1594c0e1ead648b2e7b7361407cd3b4ec4cbb6180f4318,,0.11515379427788798,Delta_LS_70_30_StopVol,XRP,,0.23030758855577596,0.0690922765667328
2026-08-31,0.08997,STOP_INTRADAY,5b69f37bac1e01a44b12ed75b1e27393166f2142190f46dda9c6d64bf5e4ce25,2026-08-31,0.09006850463236278,,SHORT,-0.0568513707271166,33472276463,b12bcfb6e63a1b57bf1594c0e1ead648b2e7b7361407cd3b4ec4cbb6180f4318,0.09006850463236278,,Delta_LS_70_30_StopVol,OP,0.07092390790830558,,
2026-08-31,0.5425,STOP_INTRADAY,6dbdf7a907a7ab0acc6a59e15b0d50929733dad9989e526573fcfe76ca4f5970,2026-08-31,0.5351766621782458,,SHORT,-0.06,33472276463,b12bcfb6e63a1b57bf1594c0e1ead648b2e7b7361407cd3b4ec4cbb6180f4318,0.5351766621782458,,Delta_LS_70_30_StopVol,APT,0.43822899056852227,,
2026-08-31,0.6819,STOP_INTRADAY,2df21996168a41fce0f869737a29f109f29adb0ab7e20d09b5e3a9548cf5ed09,2026-08-31,0.6824020947368677,,SHORT,-0.06,33472276463,b12bcfb6e63a1b57bf1594c0e1ead648b2e7b7361407cd3b4ec4cbb6180f4318,0.6824020947368677,,Delta_LS_70_30_StopVol,FIL,0.5497209624175835,,
2026-08-31,11.425,STOP_GAP,86674fd0856cf5b46ff16ac81d6c88bc05456264de9742df61fe836b0ec20afb,2026-08-31,11.135,,LONG,0.1,33472276463,b12bcfb6e63a1b57bf1594c0e1ead648b2e7b7361407cd3b4ec4cbb6180f4318,11.178060221159196,,Delta_LS_50_50,LINK,13.532858523692552,,
2026-08-31,0.8453,REBALANCE_EXIT,eb17ca59d5176794df201e54faf2cbd0c9515ff1c6e02189515ea239685956a6,2026-08-31,0.8184,,SHORT,-0.1,33472276463,b12bcfb6e63a1b57bf1594c0e1ead648b2e7b7361407cd3b4ec4cbb6180f4318,,,Delta_LS_50_50,DOT,,,
2026-08-31,2415.7,ENTRY,83870a2ae7d4a30709f7c504d4fb25d349e4f7589fbf2603624cb5981517505b,2026-08-31,2415.7,,LONG,0.1,33472276463,b12bcfb6e63a1b57bf1594c0e1ead648b2e7b7361407cd3b4ec4cbb6180f4318,,0.09455150661216258,Delta_LS_50_50,ETH,,0.18910301322432516,0.05673090396729755
2026-08-31,1.3564,ENTRY,f93fa1ad32d089d84e1a1ed6e3714b1339874a6c1b56f39ee570358560197927,2026-08-31,1.3564,,LONG,0.1,33472276463,b12bcfb6e63a1b57bf1594c0e1ead648b2e7b7361407cd3b4ec4cbb6180f4318,,0.11515379427788798,Delta_LS_50_50,XRP,,0.23030758855577596,0.0690922765667328
2026-08-31,0.08997,STOP_INTRADAY,dc4b67609ba2179afcd25598bf7ff98b8c39d7cc93a67303c8d6636bfc526712,2026-08-31,0.09006850463236278,,SHORT,-0.1,33472276463,b12bcfb6e63a1b57bf1594c0e1ead648b2e7b7361407cd3b4ec4cbb6180f4318,0.09006850463236278,,Delta_LS_50_50,OP,0.07092390790830558,,
2026-08-31,0.5425,STOP_INTRADAY,a34e7a9b080e71c19361a6adbf2d21269741c920bf3b51f385e53f385f032ce6,2026-08-31,0.5351766621782458,,SHORT,-0.1,33472276463,b12bcfb6e63a1b57bf1594c0e1ead648b2e7b7361407cd3b4ec4cbb6180f4318,0.5351766621782458,,Delta_LS_50_50,APT,0.43822899056852227,,
2026-08-31,0.6819,STOP_INTRADAY,104008ae8f5702f69ca3cb5ac3d165ced0cd12af2e9bc19a4f234e738f125307,2026-08-31,0.6824020947368677,,SHORT,-0.1,33472276463,b12bcfb6e63a1b57bf1594c0e1ead648b2e7b7361407cd3b4ec4cbb6180f4318,0.6824020947368677,,Delta_LS_50_50,FIL,0.5497209624175835,,
2026-08-31,11.425,STOP_GAP,903e487cb276d94817d3468930fc96dfd80520bb9373aa6e222fbb9cb12d4bd6,2026-08-31,11.135,,LONG,0.1,33472276463,b12bcfb6e63a1b57bf1594c0e1ead648b2e7b7361407cd3b4ec4cbb6180f4318,11.178060221159196,,Delta_LS_50_50_StopVol,LINK,13.532858523692552,,
2026-08-31,0.8453,REBALANCE_EXIT,522a32bbf4595b2e8a55a83876d14849bdcd22343f2e6363bfd0e95e01760ca6,2026-08-31,0.8184,,SHORT,-0.1,33472276463,b12bcfb6e63a1b57bf1594c0e1ead648b2e7b7361407cd3b4ec4cbb6180f4318,,,Delta_LS_50_50_StopVol,DOT,,,
2026-08-31,2415.7,ENTRY,b88a704c6148853a3a57a67dc0b43234ae7ad36f1d813984398015b4fb6b0a1c,2026-08-31,2415.7,,LONG,0.1,33472276463,b12bcfb6e63a1b57bf1594c0e1ead648b2e7b7361407cd3b4ec4cbb6180f4318,,0.09455150661216258,Delta_LS_50_50_StopVol,ETH,,0.18910301322432516,0.05673090396729755
2026-08-31,1.3564,ENTRY,06b5228432c6379bb692f36160ad26a3375687989a287b8e7bc0f5f76507ec1e,2026-08-31,1.3564,,LONG,0.08684038648234292,33472276463,b12bcfb6e63a1b57bf1594c0e1ead648b2e7b7361407cd3b4ec4cbb6180f4318,,0.11515379427788798,Delta_LS_50_50_StopVol,XRP,,0.23030758855577596,0.0690922765667328
2026-08-31,0.08997,STOP_INTRADAY,c0bd7308b416738e57065abd478a270e407f870ad3a8170b2093f65d4cb1ec79,2026-08-31,0.09006850463236278,,SHORT,-0.09475228454519435,33472276463,b12bcfb6e63a1b57bf1594c0e1ead648b2e7b7361407cd3b4ec4cbb6180f4318,0.09006850463236278,,Delta_LS_50_50_StopVol,OP,0.07092390790830558,,
2026-08-31,0.5425,STOP_INTRADAY,e7cf1af51479a28ac87a1219c5b1ba44450143633bfb0cfd5e7fddddfc81858c,2026-08-31,0.5351766621782458,,SHORT,-0.1,33472276463,b12bcfb6e63a1b57bf1594c0e1ead648b2e7b7361407cd3b4ec4cbb6180f4318,0.5351766621782458,,Delta_LS_50_50_StopVol,APT,0.43822899056852227,,
2026-08-31,0.6819,STOP_INTRADAY,a6f9b41e638acd40c04239db3ec9f9bec4e58738f0be1012f42e319c5079d918,2026-08-31,0.6824020947368677,,SHORT,-0.1,33472276463,b12bcfb6e63a1b57bf1594c0e1ead648b2e7b7361407cd3b4ec4cbb6180f4318,0.6824020947368677,,Delta_LS_50_50_StopVol,FIL,0.5497209624175835,,
2026-09-01,0.7444,STOP_INTRADAY,3d81f258e0237bafa990c0aa392c13b4b2eadbc977bec4f681f333f65821b362,2026-09-01,0.7377583273223194,,SHORT,-0.06,33591124479,9afb1bb6d3c561468edaf19e90465f1f128dee9245042a97ec09b13804935306,0.7377583273223194,,Delta_LS_70_30,SUI,0.593635088144095,,
2026-09-01,0.7444,STOP_INTRADAY,7499544b036f46e2145a50843cd3d960c8c80d7535bbc60736d99e01a21996eb,2026-09-01,0.7377583273223194,,SHORT,-0.05787604331703422,33591124479,9afb1bb6d3c561468edaf19e90465f1f128dee9245042a97ec09b13804935306,0.7377583273223194,,Delta_LS_70_30_StopVol,SUI,0.593635088144095,,
2026-09-01,0.7444,STOP_INTRADAY,3905bc5363c411d540bd2f236c0b5bd66b6899c13eee9bf980317e6d1291416e,2026-09-01,0.7377583273223194,,SHORT,-0.1,33591124479,9afb1bb6d3c561468edaf19e90465f1f128dee9245042a97ec09b13804935306,0.7377583273223194,,Delta_LS_50_50,SUI,0.593635088144095,,
2026-09-01,0.7444,STOP_INTRADAY,a1aabadc3a03765d4f17aa156c644e8086d77cbeab2f81c82d3b5c401bd0905a,2026-09-01,0.7377583273223194,,SHORT,-0.09646007219505703,33591124479,9afb1bb6d3c561468edaf19e90465f1f128dee9245042a97ec09b13804935306,0.7377583273223194,,Delta_LS_50_50_StopVol,SUI,0.593635088144095,,
2026-09-02,0.11036,ENTRY,f5c7c6705de3effc819bbcb72f0f236b94c6010a1f2b4878e933966cb6f81414,2026-09-02,0.11036,,LONG,0.13999999999999999,33714746536,4ff281da61efe7407cc71bd15984ecb3707769041daae3c1d8ad6247c8c32371,,0.1773573377460968,Delta_LS_70_30,ARB,,0.3547146754921936,0.10641440264765807
2026-09-02,99.92,ENTRY,ab27da003213b8492db3e10962f128dadf7fc16f639d9184e06eb21cd038d50b,2026-09-02,99.92,,LONG,0.13999999999999999,33714746536,4ff281da61efe7407cc71bd15984ecb3707769041daae3c1d8ad6247c8c32371,,0.08214318224384987,Delta_LS_70_30,SOL,,0.16428636448769973,0.049285909346309914
2026-09-02,0.3218,ENTRY,30a8488b06ca41908a8e11f79fa7208d206aa4e737a1ab0ca8e939be5b7b7f3c,2026-09-02,0.3218,,SHORT,-0.06,33714746536,4ff281da61efe7407cc71bd15984ecb3707769041daae3c1d8ad6247c8c32371,,0.06,Delta_LS_70_30,TRX,,0.12,0.04
2026-09-02,0.11036,ENTRY,9ffffb07c4acb644368dcb88e3a54ef6fae203f629c7a1106c0439e0fe233ea6,2026-09-02,0.11036,,LONG,0.07893668329664645,33714746536,4ff281da61efe7407cc71bd15984ecb3707769041daae3c1d8ad6247c8c32371,,0.1773573377460968,Delta_LS_70_30_StopVol,ARB,,0.3547146754921936,0.10641440264765807
2026-09-02,99.92,ENTRY,4018792a7ce0e45327804b74377083bbbbcffe5fc66231da5e8399ec95ab298a,2026-09-02,99.92,,LONG,0.13999999999999999,33714746536,4ff281da61efe7407cc71bd15984ecb3707769041daae3c1d8ad6247c8c32371,,0.08214318224384987,Delta_LS_70_30_StopVol,SOL,,0.16428636448769973,0.049285909346309914
2026-09-02,0.3218,ENTRY,87d28ad3eeac10155480c9db756d1e96f01cba4356493a7c5c94c34f4f16b854,2026-09-02,0.3218,,SHORT,-0.06,33714746536,4ff281da61efe7407cc71bd15984ecb3707769041daae3c1d8ad6247c8c32371,,0.06,Delta_LS_70_30_StopVol,TRX,,0.12,0.04
2026-09-02,0.11036,ENTRY,dc2e68abb16fb3e6a37c0e35f2008599f800bbfd769ffa0a9cf3a742ccd4ae6c,2026-09-02,0.11036,,LONG,0.1,33714746536,4ff281da61efe7407cc71bd15984ecb3707769041daae3c1d8ad6247c8c32371,,0.1773573377460968,Delta_LS_50_50,ARB,,0.3547146754921936,0.10641440264765807
2026-09-02,99.92,ENTRY,d9a447da5403ac6636ab0b76a28ecfecc7f538e99c40efdd099a47d663aa2f6c,2026-09-02,99.92,,LONG,0.1,33714746536,4ff281da61efe7407cc71bd15984ecb3707769041daae3c1d8ad6247c8c32371,,0.08214318224384987,Delta_LS_50_50,SOL,,0.16428636448769973,0.049285909346309914
2026-09-02,0.3218,ENTRY,77528492f06c0c462cd3080922e88e646da721d06ec9bbdc6840ac8f26d45bf8,2026-09-02,0.3218,,SHORT,-0.1,33714746536,4ff281da61efe7407cc71bd15984ecb3707769041daae3c1d8ad6247c8c32371,,0.06,Delta_LS_50_50,TRX,,0.12,0.04
2026-09-02,0.11036,ENTRY,a1f0a517ec06cbed6557652570d3651089bb7bbe10b9af66913cbbd82aeb8ebe,2026-09-02,0.11036,,LONG,0.056383345211890326,33714746536,4ff281da61efe7407cc71bd15984ecb3707769041daae3c1d8ad6247c8c32371,,0.1773573377460968,Delta_LS_50_50_StopVol,ARB,,0.3547146754921936,0.10641440264765807
2026-09-02,99.92,ENTRY,24c67c79ad6b5c52dfea875075b9f682e2bd1a1fb57048e92b0e8775c6d8e21a,2026-09-02,99.92,,LONG,0.1,33714746536,4ff281da61efe7407cc71bd15984ecb3707769041daae3c1d8ad6247c8c32371,,0.08214318224384987,Delta_LS_50_50_StopVol,SOL,,0.16428636448769973,0.049285909346309914
2026-09-02,0.3218,ENTRY,afbf5a28e2ad6f41e1f7d3b82634a48169da1b011c50abf509a053aed5f43b00,2026-09-02,0.3218,,SHORT,-0.1,33714746536,4ff281da61efe7407cc71bd15984ecb3707769041daae3c1d8ad6247c8c32371,,0.06,Delta_LS_50_50_StopVol,TRX,,0.12,0.04
2026-09-03,0.2009,ENTRY,6e1ad13a577c8de51c3126965993f8d66941f49a30af47b04bf8409bfdab5ced,2026-09-03,0.2009,,SHORT,-0.06,33837068826,6da608dfa4bb6fc9b4a914a68ccee790a95753bf513698a2f34a767ce96b4af5,,0.10151248761408814,Delta_LS_70_30,ADA,,0.20302497522817628,0.06090749256845289
2026-09-03,0.5852,ENTRY,c4fc5a992785352ba1cd290f874afdbd680a036cc54ff1bb55ef307aef65bf96,2026-09-03,0.5852,,SHORT,-0.06,33837068826,6da608dfa4bb6fc9b4a914a68ccee790a95753bf513698a2f34a767ce96b4af5,,0.10425280229728526,Delta_LS_70_30,APT,,0.20850560459457051,0.06255168137837117
2026-09-03,2415.7,REBALANCE_EXIT,5727082f2cec573f182f27add3346492edca70aa035cbaca6e7ff76ecd529fb5,2026-09-03,2390.96,,LONG,0.13999999999999999,33837068826,6da608dfa4bb6fc9b4a914a68ccee790a95753bf513698a2f34a767ce96b4af5,,,Delta_LS_70_30,ETH,,,
2026-09-03,0.2009,STOP_INTRADAY,0647478c8b698121dfd1239e87471a4f18ff9e3926194302822fc64912ebdb1a,2026-09-03,0.2131363152570022,,SHORT,-0.06,33837068826,6da608dfa4bb6fc9b4a914a68ccee790a95753bf513698a2f34a767ce96b4af5,0.2131363152570022,,Delta_LS_70_30,ADA,0.16011228247665937,,
2026-09-03,0.5852,STOP_INTRADAY,9ded76d23a09f78d64dfb2ef9f41c76b9057f379895d1a6c9f0c5e01e7479ae7,2026-09-03,0.6218052439426228,,SHORT,-0.06,33837068826,6da608dfa4bb6fc9b4a914a68ccee790a95753bf513698a2f34a767ce96b4af5,0.6218052439426228,,Delta_LS_70_30,APT,0.46318252019125733,,
2026-09-03,0.2009,ENTRY,268fe06bfbfd174d4bdff86749f1c4d5ea3dde9f3c29cf3dce8eea887ed4ae3d,2026-09-03,0.2009,,SHORT,-0.05910602863767576,33837068826,6da608dfa4bb6fc9b4a914a68ccee790a95753bf513698a2f34a767ce96b4af5,,0.10151248761408814,Delta_LS_70_30_StopVol,ADA,,0.20302497522817628,0.06090749256845289
2026-09-03,0.5852,ENTRY,a8825e254b7b6ab1e9837cddbcc22b5c32fd8750b805afb7c68edf4556373f42,2026-09-03,0.5852,,SHORT,-0.05755240979413211,33837068826,6da608dfa4bb6fc9b4a914a68ccee790a95753bf513698a2f34a767ce96b4af5,,0.10425280229728526,Delta_LS_70_30_StopVol,APT,,0.20850560459457051,0.06255168137837117
2026-09-03,2415.7,REBALANCE_EXIT,06b48c54296832dcc3108c4d7897f5fc2d1c3a0e51bab9dbb3b19e772c326fac,2026-09-03,2390.96,,LONG,0.13999999999999999,33837068826,6da608dfa4bb6fc9b4a914a68ccee790a95753bf513698a2f34a767ce96b4af5,,,Delta_LS_70_30_StopVol,ETH,,,
2026-09-03,0.2009,STOP_INTRADAY,1c87a28303a8ccd17632f50c99236c9b76d53df4fdc8c156cf1a0aac8ddaa415,2026-09-03,0.2131363152570022,,SHORT,-0.05910602863767576,33837068826,6da608dfa4bb6fc9b4a914a68ccee790a95753bf513698a2f34a767ce96b4af5,0.2131363152570022,,Delta_LS_70_30_StopVol,ADA,0.16011228247665937,,
2026-09-03,0.5852,STOP_INTRADAY,91c4db378da03359b70b50c2f3e9c6d1974ee82b5268f9747625eea5f2b53aa7,2026-09-03,0.6218052439426228,,SHORT,-0.05755240979413211,33837068826,6da608dfa4bb6fc9b4a914a68ccee790a95753bf513698a2f34a767ce96b4af5,0.6218052439426228,,Delta_LS_70_30_StopVol,APT,0.46318252019125733,,
2026-09-03,0.2009,ENTRY,d9d351ed84dc3c46133144b0a909f91c080b987b233c18777cafe25a344e9170,2026-09-03,0.2009,,SHORT,-0.1,33837068826,6da608dfa4bb6fc9b4a914a68ccee790a95753bf513698a2f34a767ce96b4af5,,0.10151248761408814,Delta_LS_50_50,ADA,,0.20302497522817628,0.06090749256845289
2026-09-03,0.5852,ENTRY,f97a12e4a5ff0c5f752462c5ff1415502c7fc25bfcab09a34a4cf6842a687174,2026-09-03,0.5852,,SHORT,-0.1,33837068826,6da608dfa4bb6fc9b4a914a68ccee790a95753bf513698a2f34a767ce96b4af5,,0.10425280229728526,Delta_LS_50_50,APT,,0.20850560459457051,0.06255168137837117
2026-09-03,2415.7,REBALANCE_EXIT,1529f96f2b875efe741c925c9eb726e74e78420563f4d33417dc87a30c5d56ae,2026-09-03,2390.96,,LONG,0.1,33837068826,6da608dfa4bb6fc9b4a914a68ccee790a95753bf513698a2f34a767ce96b4af5,,,Delta_LS_50_50,ETH,,,
2026-09-03,0.2009,STOP_INTRADAY,b359f7cd92e751150fe337e818d37c99c8cd31476e5df71b6ea9da15d14531ac,2026-09-03,0.2131363152570022,,SHORT,-0.1,33837068826,6da608dfa4bb6fc9b4a914a68ccee790a95753bf513698a2f34a767ce96b4af5,0.2131363152570022,,Delta_LS_50_50,ADA,0.16011228247665937,,
2026-09-03,0.5852,STOP_INTRADAY,d554f31fae2123a9f7b58db301e25d541650d3a3a71a1c8953937339c2ca7cef,2026-09-03,0.6218052439426228,,SHORT,-0.1,33837068826,6da608dfa4bb6fc9b4a914a68ccee790a95753bf513698a2f34a767ce96b4af5,0.6218052439426228,,Delta_LS_50_50,APT,0.46318252019125733,,
2026-09-03,0.2009,ENTRY,b5b654999ec7d6ae3fc0bf307b88122dfd4a16584c767fbea7d37b4e96a1afc6,2026-09-03,0.2009,,SHORT,-0.09851004772945961,33837068826,6da608dfa4bb6fc9b4a914a68ccee790a95753bf513698a2f34a767ce96b4af5,,0.10151248761408814,Delta_LS_50_50_StopVol,ADA,,0.20302497522817628,0.06090749256845289
2026-09-03,0.5852,ENTRY,a53d19d83fed74d2a7a23ff6cd93587ded92af8a366d3a826a4478ca47ab9437,2026-09-03,0.5852,,SHORT,-0.0959206829902202,33837068826,6da608dfa4bb6fc9b4a914a68ccee790a95753bf513698a2f34a767ce96b4af5,,0.10425280229728526,Delta_LS_50_50_StopVol,APT,,0.20850560459457051,0.06255168137837117
2026-09-03,2415.7,REBALANCE_EXIT,de56a11d8bbc1f9f2514c1bc6247e9e6c18471b6cd9c9734c36a150f0e6f1b2b,2026-09-03,2390.96,,LONG,0.1,33837068826,6da608dfa4bb6fc9b4a914a68ccee790a95753bf513698a2f34a767ce96b4af5,,,Delta_LS_50_50_StopVol,ETH,,,
2026-09-03,0.2009,STOP_INTRADAY,b41ffdaa3b39b9fe8cb0491963a807570e9680e832e4745c140c05e67d1edd28,2026-09-03,0.2131363152570022,,SHORT,-0.09851004772945961,33837068826,6da608dfa4bb6fc9b4a914a68ccee790a95753bf513698a2f34a767ce96b4af5,0.2131363152570022,,Delta_LS_50_50_StopVol,ADA,0.16011228247665937,,
2026-09-03,0.5852,STOP_INTRADAY,fcf451f5ada50f0de392ac06b62772dd6c6c88d9340b0857644ae24d9b9dde6e,2026-09-03,0.6218052439426228,,SHORT,-0.0959206829902202,33837068826,6da608dfa4bb6fc9b4a914a68ccee790a95753bf513698a2f34a767ce96b4af5,0.6218052439426228,,Delta_LS_50_50_StopVol,APT,0.46318252019125733,,
2026-09-04,0.11036,STOP_INTRADAY,7f71a97c2eb77465263bf92a53977dedd66501597eaf9de28ace19f3f0f86ac9,2026-09-04,0.12943587377648672,,LONG,0.13999999999999999,33944536398,9a37fbd1dcd2d434bff0185b1ee362568f5e7daf9d3b8aa5bd670f8b3c02ce26,0.12943587377648672,,Delta_LS_70_30,ARB,0.1495063115873185,,
2026-09-04,99.92,STOP_INTRADAY,5b61fa411d6903519c3f2ecc3acd22d9a4de8124a7705375d0e77c9433dba915,2026-09-04,100.67111505931923,,LONG,0.13999999999999999,33944536398,9a37fbd1dcd2d434bff0185b1ee362568f5e7daf9d3b8aa5bd670f8b3c02ce26,100.67111505931923,,Delta_LS_70_30,SOL,116.33549353961097,,
2026-09-04,0.11036,STOP_INTRADAY,a82c22978637f92abedba2a9e5d25496d43fdb2ebe9773d38a0183c96da87e6a,2026-09-04,0.12943587377648672,,LONG,0.07295205119863649,33944536398,9a37fbd1dcd2d434bff0185b1ee362568f5e7daf9d3b8aa5bd670f8b3c02ce26,0.12943587377648672,,Delta_LS_70_30_StopVol,ARB,0.1495063115873185,,
2026-09-04,99.92,STOP_INTRADAY,f7961fb083e45b964793444c688d5b19da4ab93518be5df7e5e4101aaa884f12,2026-09-04,100.67111505931923,,LONG,0.13999999999999999,33944536398,9a37fbd1dcd2d434bff0185b1ee362568f5e7daf9d3b8aa5bd670f8b3c02ce26,100.67111505931923,,Delta_LS_70_30_StopVol,SOL,116.33549353961097,,
2026-09-04,0.11036,STOP_INTRADAY,4f207364e75e01e8cc60e1ea0a8cb7f0b0c4a2d84173b74b0ea706997822a518,2026-09-04,0.12943587377648672,,LONG,0.1,33944536398,9a37fbd1dcd2d434bff0185b1ee362568f5e7daf9d3b8aa5bd670f8b3c02ce26,0.12943587377648672,,Delta_LS_50_50,ARB,0.1495063115873185,,
2026-09-04,99.92,STOP_INTRADAY,854a64611144263b15a38057033b89d1813b3cc20f818148e29f61cdbe51835c,2026-09-04,100.67111505931923,,LONG,0.1,33944536398,9a37fbd1dcd2d434bff0185b1ee362568f5e7daf9d3b8aa5bd670f8b3c02ce26,100.67111505931923,,Delta_LS_50_50,SOL,116.33549353961097,,
2026-09-04,0.11036,STOP_INTRADAY,0f37b2f395f7356976d9ad9c522fcb6ad269cdfa5e63aaf632606720696c0f77,2026-09-04,0.12943587377648672,,LONG,0.05210860799902607,33944536398,9a37fbd1dcd2d434bff0185b1ee362568f5e7daf9d3b8aa5bd670f8b3c02ce26,0.12943587377648672,,Delta_LS_50_50_StopVol,ARB,0.1495063115873185,,
2026-09-04,99.92,STOP_INTRADAY,905cfb3daef606fe0fe9a169fd83611be53fbe392081a4c851fd3d9be5b3aeb7,2026-09-04,100.67111505931923,,LONG,0.1,33944536398,9a37fbd1dcd2d434bff0185b1ee362568f5e7daf9d3b8aa5bd670f8b3c02ce26,100.67111505931923,,Delta_LS_50_50_StopVol,SOL,116.33549353961097,,
2026-09-05,11.627,ENTRY,fbaead563503c94f5a6c11a8ea797e2a61ff4f1bf28c21680c8ee20a3fd505a8,2026-09-05,11.627,,LONG,0.13999999999999999,34011930549,e72411bef1a5d58aadb4e53b996827a55aa026681d8a391d2cda2f25d381afc9,,0.09351067305983397,Delta_LS_70_30,LINK,,0.18702134611966795,0.05610640383590039
2026-09-05,0.3218,REBALANCE_EXIT,1f6be690b46bd46132ed450625a8ef7169a66dc7dd6f14ea586fa9793a056563,2026-09-05,0.33114,,SHORT,-0.06,34011930549,e72411bef1a5d58aadb4e53b996827a55aa026681d8a391d2cda2f25d381afc9,,,Delta_LS_70_30,TRX,,,
2026-09-05,1.3564,REBALANCE_EXIT,6ee081e5fc7bf3b778df8027fe9e1fc3e0f142e98337d480821c1f9aa4fac483,2026-09-05,1.3978,,LONG,0.13999999999999999,34011930549,e72411bef1a5d58aadb4e53b996827a55aa026681d8a391d2cda2f25d381afc9,,,Delta_LS_70_30,XRP,,,
2026-09-05,11.627,ENTRY,12b53dac8b3f333c30b42f8b19a767dd8d61634f6460274cd6004d4587da52ce,2026-09-05,11.627,,LONG,0.13999999999999999,34011930549,e72411bef1a5d58aadb4e53b996827a55aa026681d8a391d2cda2f25d381afc9,,0.09351067305983397,Delta_LS_70_30_StopVol,LINK,,0.18702134611966795,0.05610640383590039
2026-09-05,0.3218,REBALANCE_EXIT,59b95615af5ed46db784ff119277a0785f9ee479317b1d4791c661f0d39a0517,2026-09-05,0.33114,,SHORT,-0.06,34011930549,e72411bef1a5d58aadb4e53b996827a55aa026681d8a391d2cda2f25d381afc9,,,Delta_LS_70_30_StopVol,TRX,,,
2026-09-05,1.3564,REBALANCE_EXIT,c0c662505799211a0b5aeb1a992dd63d00f427486a49c645c440cd1470363f79,2026-09-05,1.3978,,LONG,0.11754734567628056,34011930549,e72411bef1a5d58aadb4e53b996827a55aa026681d8a391d2cda2f25d381afc9,,,Delta_LS_70_30_StopVol,XRP,,,
2026-09-05,11.627,ENTRY,7d6a9613997114e686facb1dcfa971f0f0e5182e27c6d127162d69b8ffc9443e,2026-09-05,11.627,,LONG,0.1,34011930549,e72411bef1a5d58aadb4e53b996827a55aa026681d8a391d2cda2f25d381afc9,,0.09351067305983397,Delta_LS_50_50,LINK,,0.18702134611966795,0.05610640383590039
2026-09-05,0.3218,REBALANCE_EXIT,14d2f8e7b0b8d530e33b7d94b2a3ea9b8b1d679f960c3e76232010f337f1d037,2026-09-05,0.33114,,SHORT,-0.1,34011930549,e72411bef1a5d58aadb4e53b996827a55aa026681d8a391d2cda2f25d381afc9,,,Delta_LS_50_50,TRX,,,
2026-09-05,1.3564,REBALANCE_EXIT,6027f11703af041529a13ba15b2e8e6e852ecb238eb459c3164a52116e9e69f2,2026-09-05,1.3978,,LONG,0.1,34011930549,e72411bef1a5d58aadb4e53b996827a55aa026681d8a391d2cda2f25d381afc9,,,Delta_LS_50_50,XRP,,,
2026-09-05,11.627,ENTRY,c59666f4e139d43300e593af5f22fdb1108a10e49202763df0b4d17fdcb6992b,2026-09-05,11.627,,LONG,0.1,34011930549,e72411bef1a5d58aadb4e53b996827a55aa026681d8a391d2cda2f25d381afc9,,0.09351067305983397,Delta_LS_50_50_StopVol,LINK,,0.18702134611966795,0.05610640383590039
2026-09-05,0.3218,REBALANCE_EXIT,6481defc6c40c82790fc4f7725c83a42651cc1ccbcacc0e18d1f9d15847e8222,2026-09-05,0.33114,,SHORT,-0.1,34011930549,e72411bef1a5d58aadb4e53b996827a55aa026681d8a391d2cda2f25d381afc9,,,Delta_LS_50_50_StopVol,TRX,,,
2026-09-05,1.3564,REBALANCE_EXIT,e5bd174f3868293d86baee3e04c2841311e192d10eacf4819062326c8b3b96ac,2026-09-05,1.3978,,LONG,0.08396238976877185,34011930549,e72411bef1a5d58aadb4e53b996827a55aa026681d8a391d2cda2f25d381afc9,,,Delta_LS_50_50_StopVol,XRP,,,
2026-09-06,0.2182,ENTRY,d972eb5d5c2acb6266bf09d4da52359d4980ea0717c8a0231922c33fd96c2919,2026-09-06,0.2182,,SHORT,-0.06,34083879732,0027787286b5980406ed4f15f3a042fb58ba9f5c988aeecedc4e2ecbb5422d1a,,0.11181512272285252,Delta_LS_70_30,ADA,,0.22363024544570503,0.0670890736337115
2026-09-06,0.6133,ENTRY,a65d487f98af1ba2c8344a366431b52dcdaa95bb92195a4bd4b64062f4421a26,2026-09-06,0.6133,,SHORT,-0.06,34083879732,0027787286b5980406ed4f15f3a042fb58ba9f5c988aeecedc4e2ecbb5422d1a,,0.10918345882092466,Delta_LS_70_30,APT,,0.21836691764184932,0.0655100752925548
2026-09-06,256.0,ENTRY,c07f8bcf173cfc3ed45a70d3ccccc53d70ce4fd3309239c4335118c6c057a519,2026-09-06,256.0,,SHORT,-0.06,34083879732,0027787286b5980406ed4f15f3a042fb58ba9f5c988aeecedc4e2ecbb5422d1a,,0.14996013314653608,Delta_LS_70_30,BCH,,0.29992026629307217,0.08997607988792164
2026-09-06,7.723,ENTRY,a65420f69cc688156a629749c924084b8ec3ad5430b01eab06a1494319062b2a,2026-09-06,7.723,,SHORT,-0.06,34083879732,0027787286b5980406ed4f15f3a042fb58ba9f5c988aeecedc4e2ecbb5422d1a,,0.11624415296264574,Delta_LS_70_30,ETC,,0.2324883059252915,0.06974649177758745
2026-09-06,2.189,ENTRY,6a0b270c064e77af6f5e7f3f7da54d0cab8db78b1a20fc3996fe788863821ac7,2026-09-06,2.189,,LONG,0.13999999999999999,34083879732,0027787286b5980406ed4f15f3a042fb58ba9f5c988aeecedc4e2ecbb5422d1a,,0.10926188075184363,Delta_LS_70_30,NEAR,,0.21852376150368727,0.06555712845110619
2026-09-06,0.2182,ENTRY,c2f96feba0067580128df064a484c6b9d9cafa0c0dcc19830634e0384bcf7cb9,2026-09-06,0.2182,,SHORT,-0.053660004603060134,34083879732,0027787286b5980406ed4f15f3a042fb58ba9f5c988aeecedc4e2ecbb5422d1a,,0.11181512272285252,Delta_LS_70_30_StopVol,ADA,,0.22363024544570503,0.0670890736337115
2026-09-06,0.6133,ENTRY,a4e93f8e4333b5a6a9c121df587e78ef48b4856e4192809917daae940bf924cb,2026-09-06,0.6133,,SHORT,-0.05495337906303917,34083879732,0027787286b5980406ed4f15f3a042fb58ba9f5c988aeecedc4e2ecbb5422d1a,,0.10918345882092466,Delta_LS_70_30_StopVol,APT,,0.21836691764184932,0.0655100752925548
2026-09-06,256.0,ENTRY,4dba0986b03dbd5b963ecc3ff789922837af73fb8f5e49eb26feec0a7534860a,2026-09-06,256.0,,SHORT,-0.040010633987214446,34083879732,0027787286b5980406ed4f15f3a042fb58ba9f5c988aeecedc4e2ecbb5422d1a,,0.14996013314653608,Delta_LS_70_30_StopVol,BCH,,0.29992026629307217,0.08997607988792164
2026-09-06,7.723,ENTRY,3c8889eba9d68ed80853a5878509a74ba52470deb8c2b76f682d8aa506f72eac,2026-09-06,7.723,,SHORT,-0.05161549933550687,34083879732,0027787286b5980406ed4f15f3a042fb58ba9f5c988aeecedc4e2ecbb5422d1a,,0.11624415296264574,Delta_LS_70_30_StopVol,ETC,,0.2324883059252915,0.06974649177758745
2026-09-06,2.189,ENTRY,d83b998f414e6c2170848b6ba4d99ae9466da0a3b19e6b840b9893ef6506b7f3,2026-09-06,2.189,,LONG,0.12813251889555974,34083879732,0027787286b5980406ed4f15f3a042fb58ba9f5c988aeecedc4e2ecbb5422d1a,,0.10926188075184363,Delta_LS_70_30_StopVol,NEAR,,0.21852376150368727,0.06555712845110619
2026-09-06,0.2182,ENTRY,b40886e77854e1a87ab2cbf19a97f84fd69358fb2e80314a9e97176c026569c0,2026-09-06,0.2182,,SHORT,-0.1,34083879732,0027787286b5980406ed4f15f3a042fb58ba9f5c988aeecedc4e2ecbb5422d1a,,0.11181512272285252,Delta_LS_50_50,ADA,,0.22363024544570503,0.0670890736337115
2026-09-06,0.6133,ENTRY,9bcfe8a22ea2cc61a5b8237f4af76268ce52fcb52a1664352730aff953bebc39,2026-09-06,0.6133,,SHORT,-0.1,34083879732,0027787286b5980406ed4f15f3a042fb58ba9f5c988aeecedc4e2ecbb5422d1a,,0.10918345882092466,Delta_LS_50_50,APT,,0.21836691764184932,0.0655100752925548
2026-09-06,256.0,ENTRY,0ea73ce22f0b8e992bdf051e0f138621cee8525d485e3a3972de7743f1d9d660,2026-09-06,256.0,,SHORT,-0.1,34083879732,0027787286b5980406ed4f15f3a042fb58ba9f5c988aeecedc4e2ecbb5422d1a,,0.14996013314653608,Delta_LS_50_50,BCH,,0.29992026629307217,0.08997607988792164
2026-09-06,7.723,ENTRY,c60c1358e47891bb1aecc86a3426ce007e1381820425275761e161e52e8516fb,2026-09-06,7.723,,SHORT,-0.1,34083879732,0027787286b5980406ed4f15f3a042fb58ba9f5c988aeecedc4e2ecbb5422d1a,,0.11624415296264574,Delta_LS_50_50,ETC,,0.2324883059252915,0.06974649177758745
2026-09-06,2.189,ENTRY,22d59f1f7cc02b6b73fa0d5e2202c7547c1f0352ad66e4cf678daf34d337bc70,2026-09-06,2.189,,LONG,0.1,34083879732,0027787286b5980406ed4f15f3a042fb58ba9f5c988aeecedc4e2ecbb5422d1a,,0.10926188075184363,Delta_LS_50_50,NEAR,,0.21852376150368727,0.06555712845110619
2026-09-06,0.2182,ENTRY,3fa77848ccc7d105bd65b99d418f47ca0475941dd914ea9416c94634d2cadbe7,2026-09-06,0.2182,,SHORT,-0.08943334100510024,34083879732,0027787286b5980406ed4f15f3a042fb58ba9f5c988aeecedc4e2ecbb5422d1a,,0.11181512272285252,Delta_LS_50_50_StopVol,ADA,,0.22363024544570503,0.0670890736337115
2026-09-06,0.6133,ENTRY,6ea2ea9e92df3e3b41a59840cfd28894d63358002a670136fa50778ff5750554,2026-09-06,0.6133,,SHORT,-0.09158896510506528,34083879732,0027787286b5980406ed4f15f3a042fb58ba9f5c988aeecedc4e2ecbb5422d1a,,0.10918345882092466,Delta_LS_50_50_StopVol,APT,,0.21836691764184932,0.0655100752925548
2026-09-06,256.0,ENTRY,fcc57063d5064a206c9832bde35a1a6bb30e8697b86175023ce404d1d87d40d3,2026-09-06,256.0,,SHORT,-0.06668438997869075,34083879732,0027787286b5980406ed4f15f3a042fb58ba9f5c988aeecedc4e2ecbb5422d1a,,0.14996013314653608,Delta_LS_50_50_StopVol,BCH,,0.29992026629307217,0.08997607988792164
2026-09-06,7.723,ENTRY,1d5664bb81c296a666ee1603e462edaa497512d0dea482492bf65aef21457ea5,2026-09-06,7.723,,SHORT,-0.08602583222584478,34083879732,0027787286b5980406ed4f15f3a042fb58ba9f5c988aeecedc4e2ecbb5422d1a,,0.11624415296264574,Delta_LS_50_50_StopVol,ETC,,0.2324883059252915,0.06974649177758745
2026-09-06,2.189,ENTRY,2db5cbe9588d6f9b8e5f038fe629e7974bf5c3c1514e3531df70ab66367dcb71,2026-09-06,2.189,,LONG,0.09152322778254268,34083879732,0027787286b5980406ed4f15f3a042fb58ba9f5c988aeecedc4e2ecbb5422d1a,,0.10926188075184363,Delta_LS_50_50_StopVol,NEAR,,0.21852376150368727,0.06555712845110619
2026-09-07,126.92,REBALANCE_EXIT,cd5eea5a5f702b178ee2d08f3e8e45968bd434287f3309f7571d4aa54232d2a9,2026-09-07,136.77,,LONG,0.13999999999999999,34187408288,751aefd8bacf9343aa30d3689fbd2a745d5bc317b03b920988eb864b15636ea4,,,Delta_LS_70_30,AAVE,,,
2026-09-07,0.18924,ENTRY,68e175bc1a472ebb33f6706eaa4f9d4d1bcd19678418486d2e839cf18c455182,2026-09-07,0.18924,,LONG,0.13999999999999999,34187408288,751aefd8bacf9343aa30d3689fbd2a745d5bc317b03b920988eb864b15636ea4,,0.2439404369822074,Delta_LS_70_30,ARB,,0.4878808739644148,0.14636426218932447
2026-09-07,106.5,ENTRY,7bbbbfc533154d2d48273e05703aa3622eca6356f7c9fb70f71cf5b00ba8c1c7,2026-09-07,106.5,,LONG,0.13999999999999999,34187408288,751aefd8bacf9343aa30d3689fbd2a745d5bc317b03b920988eb864b15636ea4,,0.08315675768674811,Delta_LS_70_30,SOL,,0.16631351537349623,0.04989405461204886
2026-09-07,0.33489,ENTRY,3275de1bc0ba6e2dc901ac09b2e3ccc3d3479d41979cc66ddb22955c0d399fe9,2026-09-07,0.33489,,SHORT,-0.06,34187408288,751aefd8bacf9343aa30d3689fbd2a745d5bc317b03b920988eb864b15636ea4,,0.06,Delta_LS_70_30,TRX,,0.12,0.04
2026-09-07,0.6133,STOP_INTRADAY,772937620dd0ca022f577e75e729a97f3d5a47697d82ec01e69b77135b008a15,2026-09-07,0.6423960243938813,,SHORT,-0.06,34187408288,751aefd8bacf9343aa30d3689fbd2a745d5bc317b03b920988eb864b15636ea4,0.6423960243938813,,Delta_LS_70_30,APT,0.4793755694102538,,
2026-09-07,2.189,STOP_INTRADAY,78b0ff1857be259f88edf0d5fb4605208e2eea0eff866e719f8f7026ba793e57,2026-09-07,2.3370416217437833,,LONG,0.13999999999999999,34187408288,751aefd8bacf9343aa30d3689fbd2a745d5bc317b03b920988eb864b15636ea4,2.3370416217437833,,Delta_LS_70_30,NEAR,2.6673485139315716,,
2026-09-07,0.18924,STOP_INTRADAY,5553ec4df44a18e14b7a22e1504dbd5f9b71577fa9d39b24f0e255429d4da02a,2026-09-07,0.16154202702329223,,LONG,0.13999999999999999,34187408288,751aefd8bacf9343aa30d3689fbd2a745d5bc317b03b920988eb864b15636ea4,0.16154202702329223,,Delta_LS_70_30,ARB,0.28156657658902584,,
2026-09-07,,DAILY_KILL_SWITCH,fcbaf2ce36e3de56c5e670f807ea0edc61b46f8d824d3f1549d9a8938034a198,2026-09-07,,-0.036434625828891176,,,34187408288,751aefd8bacf9343aa30d3689fbd2a745d5bc317b03b920988eb864b15636ea4,,,Delta_LS_70_30,PORTFOLIO,,,
2026-09-07,126.92,REBALANCE_EXIT,2db864132bbf440a1487d18115643b4406ac04e313564798e426a1728d83a97a,2026-09-07,136.77,,LONG,0.09909868426380558,34187408288,751aefd8bacf9343aa30d3689fbd2a745d5bc317b03b920988eb864b15636ea4,,,Delta_LS_70_30_StopVol,AAVE,,,
2026-09-07,0.18924,ENTRY,fae86794850e20355fecd422b249c82313fa0b813091b6ab56133fa259bf9c3d,2026-09-07,0.18924,,LONG,0.05739105895354748,34187408288,751aefd8bacf9343aa30d3689fbd2a745d5bc317b03b920988eb864b15636ea4,,0.2439404369822074,Delta_LS_70_30_StopVol,ARB,,0.4878808739644148,0.14636426218932447
2026-09-07,106.5,ENTRY,8d19132fe28dc3091fba8239752c583fef48dff1b853a290cabab61998b1af4d,2026-09-07,106.5,,LONG,0.13999999999999999,34187408288,751aefd8bacf9343aa30d3689fbd2a745d5bc317b03b920988eb864b15636ea4,,0.08315675768674811,Delta_LS_70_30_StopVol,SOL,,0.16631351537349623,0.04989405461204886
2026-09-07,0.33489,ENTRY,1c16d88554b85cc1d9afd3a0d96dee1c6a23d0eacab92a7a8cb5d2020c130f6a,2026-09-07,0.33489,,SHORT,-0.06,34187408288,751aefd8bacf9343aa30d3689fbd2a745d5bc317b03b920988eb864b15636ea4,,0.06,Delta_LS_70_30_StopVol,TRX,,0.12,0.04
2026-09-07,0.6133,STOP_INTRADAY,2b81b40f21ab46a716af9b0b2f252bb02ad63303c8ba42cdffdb36b8ffed903e,2026-09-07,0.6423960243938813,,SHORT,-0.055092611942168586,34187408288,751aefd8bacf9343aa30d3689fbd2a745d5bc317b03b920988eb864b15636ea4,0.6423960243938813,,Delta_LS_70_30_StopVol,APT,0.4793755694102538,,
2026-09-07,2.189,STOP_INTRADAY,fe6fc106b3f4328eca62518726d3d423a195b1b60e3db11ce513bf80e1c37c87,2026-09-07,2.3370416217437833,,LONG,0.12048374839497511,34187408288,751aefd8bacf9343aa30d3689fbd2a745d5bc317b03b920988eb864b15636ea4,2.3370416217437833,,Delta_LS_70_30_StopVol,NEAR,2.6673485139315716,,
2026-09-07,0.18924,STOP_INTRADAY,2dfbea9e038905c789c4accee8e4f7d25bcfecb736517bc9dfa8918fb65e9dc3,2026-09-07,0.16154202702329223,,LONG,0.05739105895354748,34187408288,751aefd8bacf9343aa30d3689fbd2a745d5bc317b03b920988eb864b15636ea4,0.16154202702329223,,Delta_LS_70_30_StopVol,ARB,0.28156657658902584,,
2026-09-07,126.92,REBALANCE_EXIT,dd75aa13a81a907709c771993cbf645bec68727637ad4d39e40372871f1b0a13,2026-09-07,136.77,,LONG,0.1,34187408288,751aefd8bacf9343aa30d3689fbd2a745d5bc317b03b920988eb864b15636ea4,,,Delta_LS_50_50,AAVE,,,
2026-09-07,0.18924,ENTRY,4aaae1333436e8c5e78012b45db1144f0e77340adacfc10204c6b6e142aefb85,2026-09-07,0.18924,,LONG,0.1,34187408288,751aefd8bacf9343aa30d3689fbd2a745d5bc317b03b920988eb864b15636ea4,,0.2439404369822074,Delta_LS_50_50,ARB,,0.4878808739644148,0.14636426218932447
2026-09-07,106.5,ENTRY,ea94cec67663ab2d1becf8123bd6405cde3ff16436cafe200f6bd1013384e640,2026-09-07,106.5,,LONG,0.1,34187408288,751aefd8bacf9343aa30d3689fbd2a745d5bc317b03b920988eb864b15636ea4,,0.08315675768674811,Delta_LS_50_50,SOL,,0.16631351537349623,0.04989405461204886
2026-09-07,0.33489,ENTRY,a7af93b39bcf4892dd3c5a7eea80f019921db00b8ecde75e130ee68c467950b2,2026-09-07,0.33489,,SHORT,-0.1,34187408288,751aefd8bacf9343aa30d3689fbd2a745d5bc317b03b920988eb864b15636ea4,,0.06,Delta_LS_50_50,TRX,,0.12,0.04
2026-09-07,0.6133,STOP_INTRADAY,1c2d0ba0cd7f9b8d71836f00bec14e2aae8ef30631687171abd89d5f0e3f92ef,2026-09-07,0.6423960243938813,,SHORT,-0.1,34187408288,751aefd8bacf9343aa30d3689fbd2a745d5bc317b03b920988eb864b15636ea4,0.6423960243938813,,Delta_LS_50_50,APT,0.4793755694102538,,
2026-09-07,2.189,STOP_INTRADAY,817ef67c4dbc12c853c4bd6f1382084ff2f870f52d4d5206bdc85c3b4604dc42,2026-09-07,2.3370416217437833,,LONG,0.1,34187408288,751aefd8bacf9343aa30d3689fbd2a745d5bc317b03b920988eb864b15636ea4,2.3370416217437833,,Delta_LS_50_50,NEAR,2.6673485139315716,,
2026-09-07,0.18924,STOP_INTRADAY,5faf19bb71d5504163ff7f10f935ea1da7808d77b36a1af0a972f108789b244f,2026-09-07,0.16154202702329223,,LONG,0.1,34187408288,751aefd8bacf9343aa30d3689fbd2a745d5bc317b03b920988eb864b15636ea4,0.16154202702329223,,Delta_LS_50_50,ARB,0.28156657658902584,,
2026-09-07,126.92,REBALANCE_EXIT,fe9045592c38109d11ee7e68017cf6aeaad07e5d1fb0254dbc0258d591141422,2026-09-07,136.77,,LONG,0.07078477447414686,34187408288,751aefd8bacf9343aa30d3689fbd2a745d5bc317b03b920988eb864b15636ea4,,,Delta_LS_50_50_StopVol,AAVE,,,
2026-09-07,0.18924,ENTRY,48b62768a6b435e1b085c85b84c173669199ec45f42a151b8b9a65cd3857cf68,2026-09-07,0.18924,,LONG,0.04099361353824821,34187408288,751aefd8bacf9343aa30d3689fbd2a745d5bc317b03b920988eb864b15636ea4,,0.2439404369822074,Delta_LS_50_50_StopVol,ARB,,0.4878808739644148,0.14636426218932447
2026-09-07,106.5,ENTRY,4f98a88e1efd3df6f722bb70422a0fc631778039b58cfada77b378f49a8f0ed5,2026-09-07,106.5,,LONG,0.1,34187408288,751aefd8bacf9343aa30d3689fbd2a745d5bc317b03b920988eb864b15636ea4,,0.08315675768674811,Delta_LS_50_50_StopVol,SOL,,0.16631351537349623,0.04989405461204886
2026-09-07,0.33489,ENTRY,13e24ea3aa25bab3342b80b6bc41a07cd5d8d050f70a93d8d471b65cf52184d1,2026-09-07,0.33489,,SHORT,-0.1,34187408288,751aefd8bacf9343aa30d3689fbd2a745d5bc317b03b920988eb864b15636ea4,,0.06,Delta_LS_50_50_StopVol,TRX,,0.12,0.04
2026-09-07,0.6133,STOP_INTRADAY,0c68584e8eeb7e6027db8319b79a75dc6243ba751e1fe901bfc242ff188efe8a,2026-09-07,0.6423960243938813,,SHORT,-0.09182101990361431,34187408288,751aefd8bacf9343aa30d3689fbd2a745d5bc317b03b920988eb864b15636ea4,0.6423960243938813,,Delta_LS_50_50_StopVol,APT,0.4793755694102538,,
2026-09-07,2.189,STOP_INTRADAY,8613f4c2c641ffb32cd1ebe70a682bd0f290ae86b5fa92439fb32c58b5f9a53f,2026-09-07,2.3370416217437833,,LONG,0.0860598202821251,34187408288,751aefd8bacf9343aa30d3689fbd2a745d5bc317b03b920988eb864b15636ea4,2.3370416217437833,,Delta_LS_50_50_StopVol,NEAR,2.6673485139315716,,
2026-09-07,0.18924,STOP_INTRADAY,9eba07eb4108dd28235ad99e2cb9770e534b1ebb5d30b665ec36323bde3aea77,2026-09-07,0.16154202702329223,,LONG,0.04099361353824821,34187408288,751aefd8bacf9343aa30d3689fbd2a745d5bc317b03b920988eb864b15636ea4,0.16154202702329223,,Delta_LS_50_50_StopVol,ARB,0.28156657658902584,,
2026-09-08,11.627,STOP_GAP,57ff851df26e5f28a038d428f67355619881803c16c114496a646c04ab7b8df8,2026-09-08,12.741,,LONG,0.13999999999999999,34323454513,cb684053e833bdb1f73da4caf7dcdafaed0da4e8c2cbb677a0e9d6ab2942ca94,12.904913246755571,,Delta_LS_70_30,LINK,13.801497191333379,,
2026-09-08,0.2182,REBALANCE_EXIT,155d88bc98d77a37b0a4ecc2df58d30214bf20ca7bf25e1fc3a52ef649750598,2026-09-08,0.2204,,SHORT,-0.06,34323454513,cb684053e833bdb1f73da4caf7dcdafaed0da4e8c2cbb677a0e9d6ab2942ca94,,,Delta_LS_70_30,ADA,,,
2026-09-08,256.0,REBALANCE_EXIT,7fa1cb4f25b981bec643267a37b267d01da9653bca310ac8fcdeb3d0f624045e,2026-09-08,258.8,,SHORT,-0.06,34323454513,cb684053e833bdb1f73da4caf7dcdafaed0da4e8c2cbb677a0e9d6ab2942ca94,,,Delta_LS_70_30,BCH,,,
2026-09-08,7.723,REBALANCE_EXIT,85c4917da90f6b7b9e8ce22f652d3ae1a6a67383d993784716c387c4297d0d8d,2026-09-08,7.891,,SHORT,-0.06,34323454513,cb684053e833bdb1f73da4caf7dcdafaed0da4e8c2cbb677a0e9d6ab2942ca94,,,Delta_LS_70_30,ETC,,,
2026-09-08,106.5,REBALANCE_EXIT,15fad603b848d2d3a95a116d053e77292e8fa73ebfb8c4f8f763926b872b7ee6,2026-09-08,103.74,,LONG,0.13999999999999999,34323454513,cb684053e833bdb1f73da4caf7dcdafaed0da4e8c2cbb677a0e9d6ab2942ca94,,,Delta_LS_70_30,SOL,,,
2026-09-08,0.33489,REBALANCE_EXIT,e615d45e50f0b1b67353da382612f3fcde64892d1edb9aae936651246cb12fbb,2026-09-08,0.3343,,SHORT,-0.06,34323454513,cb684053e833bdb1f73da4caf7dcdafaed0da4e8c2cbb677a0e9d6ab2942ca94,,,Delta_LS_70_30,TRX,,,
2026-09-08,11.627,STOP_GAP,f050ee482ed9086bc613a4d898ed2a2c0c44bc70231ad83454ef1a7806709442,2026-09-08,12.741,,LONG,0.13818450313043681,34323454513,cb684053e833bdb1f73da4caf7dcdafaed0da4e8c2cbb677a0e9d6ab2942ca94,12.904913246755571,,Delta_LS_70_30_StopVol,LINK,13.801497191333379,,
2026-09-08,106.5,REBALANCE_EXIT,689e5e6666b5a44bfe140fcf5c4c724428316e292d4cf54ad6b7165d5b080cdc,2026-09-08,103.74,,LONG,0.13999999999999999,34323454513,cb684053e833bdb1f73da4caf7dcdafaed0da4e8c2cbb677a0e9d6ab2942ca94,,,Delta_LS_70_30_StopVol,SOL,,,
2026-09-08,0.2182,STOP_INTRADAY,09f524b2860baab9d00fddb73f18fefd30b3286f150b35d4fd3bba9d77ec4451,2026-09-08,0.22846377066497764,,SHORT,-0.053410596053836426,34323454513,cb684053e833bdb1f73da4caf7dcdafaed0da4e8c2cbb677a0e9d6ab2942ca94,0.22846377066497764,,Delta_LS_70_30_StopVol,ADA,0.16940388044374716,,
2026-09-08,7.723,STOP_INTRADAY,0d906ee208d0c0ac89839b59ca607639cf457f6b8619730e8b941d175c6badc9,2026-09-08,8.07872550590434,,SHORT,-0.051617783824675544,34323454513,cb684053e833bdb1f73da4caf7dcdafaed0da4e8c2cbb677a0e9d6ab2942ca94,8.07872550590434,,Delta_LS_70_30_StopVol,ETC,5.927492813338974,,
2026-09-08,11.627,STOP_GAP,4cc13552e83e019072f0d6cf42768aaf3ce56c192afdcdf092dacb643abf2bda,2026-09-08,12.741,,LONG,0.1,34323454513,cb684053e833bdb1f73da4caf7dcdafaed0da4e8c2cbb677a0e9d6ab2942ca94,12.904913246755571,,Delta_LS_50_50,LINK,13.801497191333379,,
2026-09-08,106.5,REBALANCE_EXIT,c245853d1a213db3490cc26bfd7200ac977025c2074b3c6d4465f816e44ab1f8,2026-09-08,103.74,,LONG,0.1,34323454513,cb684053e833bdb1f73da4caf7dcdafaed0da4e8c2cbb677a0e9d6ab2942ca94,,,Delta_LS_50_50,SOL,,,
2026-09-08,0.2182,STOP_INTRADAY,028dd368fcb8fb53b747c457f1f6bca33146b739e5c26d12fc2200c0b23cd9f6,2026-09-08,0.22846377066497764,,SHORT,-0.1,34323454513,cb684053e833bdb1f73da4caf7dcdafaed0da4e8c2cbb677a0e9d6ab2942ca94,0.22846377066497764,,Delta_LS_50_50,ADA,0.16940388044374716,,
2026-09-08,7.723,STOP_INTRADAY,a54d9e1bf9d9e78b1c8e066c2a7f5e95fd3be010747cd16d78715651dd6e5359,2026-09-08,8.07872550590434,,SHORT,-0.1,34323454513,cb684053e833bdb1f73da4caf7dcdafaed0da4e8c2cbb677a0e9d6ab2942ca94,8.07872550590434,,Delta_LS_50_50,ETC,5.927492813338974,,
2026-09-08,11.627,STOP_GAP,a200a0b716682332da3bd19b741e2c9e7e3ced0518f95995495abeedb920ab5a,2026-09-08,12.741,,LONG,0.0987032165217406,34323454513,cb684053e833bdb1f73da4caf7dcdafaed0da4e8c2cbb677a0e9d6ab2942ca94,12.904913246755571,,Delta_LS_50_50_StopVol,LINK,13.801497191333379,,
2026-09-08,106.5,REBALANCE_EXIT,1666a8a82e17205ff20c953e81a662a0cdd9bb4cd57cfdafa09db871ccf08c89,2026-09-08,103.74,,LONG,0.1,34323454513,cb684053e833bdb1f73da4caf7dcdafaed0da4e8c2cbb677a0e9d6ab2942ca94,,,Delta_LS_50_50_StopVol,SOL,,,
2026-09-08,0.2182,STOP_INTRADAY,ad05ad064ddd3f9a19c247614a9c03a12fa51fb16da19ba454bddb16c672abcf,2026-09-08,0.22846377066497764,,SHORT,-0.08901766008972739,34323454513,cb684053e833bdb1f73da4caf7dcdafaed0da4e8c2cbb677a0e9d6ab2942ca94,0.22846377066497764,,Delta_LS_50_50_StopVol,ADA,0.16940388044374716,,
2026-09-08,7.723,STOP_INTRADAY,363793ef8e03cca9193efc8ea53ddc9ac07689c9c2b030eba3cbd898d46dc3f6,2026-09-08,8.07872550590434,,SHORT,-0.08602963970779258,34323454513,cb684053e833bdb1f73da4caf7dcdafaed0da4e8c2cbb677a0e9d6ab2942ca94,8.07872550590434,,Delta_LS_50_50_StopVol,ETC,5.927492813338974,,
2026-09-09,0.2193,ENTRY,52f1aa7d1d64b6ef40d056780955ebd5a41420deff2f37804be4ba8e718ceac3,2026-09-09,0.2193,,SHORT,-0.06,34449199835,2d1400233bd220ab02fc8a4ac038ac871163feafefd93b04e691d3375b6e2eb6,,0.11158533165641178,Delta_LS_70_30,ADA,,0.22317066331282356,0.06695119899384706
2026-09-09,258.1,ENTRY,3099e0944acda8341dd3404842957ccb7c8f364fa3d6bb56d08ac3c3d2b6251e,2026-09-09,258.1,,SHORT,-0.06,34449199835,2d1400233bd220ab02fc8a4ac038ac871163feafefd93b04e691d3375b6e2eb6,,0.15015291460819094,Delta_LS_70_30,BCH,,0.3003058292163819,0.09009174876491458
2026-09-09,1.2455,ENTRY,42e755d65f14e0665afb82499f2a4c978d1deae46f6c2c591f5894e84724aa6d,2026-09-09,1.2455,,LONG,0.13999999999999999,34449199835,2d1400233bd220ab02fc8a4ac038ac871163feafefd93b04e691d3375b6e2eb6,,0.11946222107129632,Delta_LS_70_30,DOT,,0.23892444214259265,0.0716773326427778
2026-09-09,0.33858,ENTRY,f9c01e2317c7acac426a2d029e1f2297128c7e6925812b325414ed9921410c83,2026-09-09,0.33858,,SHORT,-0.06,34449199835,2d1400233bd220ab02fc8a4ac038ac871163feafefd93b04e691d3375b6e2eb6,,0.06,Delta_LS_70_30,TRX,,0.12,0.04
2026-09-09,1.2455,STOP_INTRADAY,05fac8916cad89cfabf6bae22e4323c5956945b30dc6837cbceed94bf383efeb,2026-09-09,1.1562258821934204,,LONG,0.13999999999999999,34449199835,2d1400233bd220ab02fc8a4ac038ac871163feafefd93b04e691d3375b6e2eb6,1.1562258821934204,,Delta_LS_70_30,DOT,1.5430803926885992,,
2026-09-09,1.2455,ENTRY,f5ccb5dc4f7367bdbe16c60ca404ca8c7dc2e86e6a07047edaf7355cf261079d,2026-09-09,1.2455,,LONG,0.11719186094526612,34449199835,2d1400233bd220ab02fc8a4ac038ac871163feafefd93b04e691d3375b6e2eb6,,0.11946222107129632,Delta_LS_70_30_StopVol,DOT,,0.23892444214259265,0.0716773326427778
2026-09-09,1.2455,STOP_INTRADAY,a60bac58e7d02dd3e582d5c55e1479b19d5a36b683d950e6d06e97053b3b4b9b,2026-09-09,1.1562258821934204,,LONG,0.11719186094526612,34449199835,2d1400233bd220ab02fc8a4ac038ac871163feafefd93b04e691d3375b6e2eb6,1.1562258821934204,,Delta_LS_70_30_StopVol,DOT,1.5430803926885992,,
2026-09-09,1.2455,ENTRY,0e70c60047a396c4c431d6e8c499e6bf61511786205d158683d1f24de18bc664,2026-09-09,1.2455,,LONG,0.1,34449199835,2d1400233bd220ab02fc8a4ac038ac871163feafefd93b04e691d3375b6e2eb6,,0.11946222107129632,Delta_LS_50_50,DOT,,0.23892444214259265,0.0716773326427778
2026-09-09,1.2455,STOP_INTRADAY,a391eb08d2af04dfe08b240521fb6777e21c6a4e382d0766c51b45370d776a01,2026-09-09,1.1562258821934204,,LONG,0.1,34449199835,2d1400233bd220ab02fc8a4ac038ac871163feafefd93b04e691d3375b6e2eb6,1.1562258821934204,,Delta_LS_50_50,DOT,1.5430803926885992,,
2026-09-09,1.2455,ENTRY,22876c6d17573828f52d3c1d078d1ba85442c0506899152ca433ec3a031ae5f6,2026-09-09,1.2455,,LONG,0.08370847210376153,34449199835,2d1400233bd220ab02fc8a4ac038ac871163feafefd93b04e691d3375b6e2eb6,,0.11946222107129632,Delta_LS_50_50_StopVol,DOT,,0.23892444214259265,0.0716773326427778
2026-09-09,1.2455,STOP_INTRADAY,eccbe97c16ab1f0acbee3f18795e49fd2a70f0c395eeb969a6badac4eec6ca9b,2026-09-09,1.1562258821934204,,LONG,0.08370847210376153,34449199835,2d1400233bd220ab02fc8a4ac038ac871163feafefd93b04e691d3375b6e2eb6,1.1562258821934204,,Delta_LS_50_50_StopVol,DOT,1.5430803926885992,,
2026-09-10,0.14944,ENTRY,7a5bd0612103b0b6db663071c94cc4be876a62efc34d776f0fa30def73b5eb85,2026-09-10,0.14944,,LONG,0.13999999999999999,34595758428,0de81a1cf2a69e6bbec58ac86bc1a308b19c8e9355fba8ff2ba55f8d6ac6e5f6,,0.25832916222464136,Delta_LS_70_30,ARB,,0.5166583244492827,0.1549974973347848
2026-09-10,2.482,ENTRY,4a0dc18cc2d249a8f51f22f76290d576d0f0aa242130adcc901d9fd3aeb8186d,2026-09-10,2.482,,LONG,0.13999999999999999,34595758428,0de81a1cf2a69e6bbec58ac86bc1a308b19c8e9355fba8ff2ba55f8d6ac6e5f6,,0.12274741990790704,Delta_LS_70_30,NEAR,,0.24549483981581408,0.07364845194474422
2026-09-10,0.09943,ENTRY,315e80e7b0bbef1e60eccfc4966860390b5d824b6a359f01b299e2fa8cb52af0,2026-09-10,0.09943,,SHORT,-0.06,34595758428,0de81a1cf2a69e6bbec58ac86bc1a308b19c8e9355fba8ff2ba55f8d6ac6e5f6,,0.12330270234204245,Delta_LS_70_30,OP,,0.2466054046840849,0.07398162140522548
2026-09-10,0.14944,ENTRY,152a44640c2b25ac6eccb3bdd682780f514664dda22f8be9399440a84e6ab8b3,2026-09-10,0.14944,,LONG,0.05419442342257004,34595758428,0de81a1cf2a69e6bbec58ac86bc1a308b19c8e9355fba8ff2ba55f8d6ac6e5f6,,0.25832916222464136,Delta_LS_70_30_StopVol,ARB,,0.5166583244492827,0.1549974973347848
2026-09-10,2.482,ENTRY,4f0cca02c63aecd7982a6627f287bed581108d9561a2feb4b30cf260a9719217,2026-09-10,2.482,,LONG,0.11405535049538063,34595758428,0de81a1cf2a69e6bbec58ac86bc1a308b19c8e9355fba8ff2ba55f8d6ac6e5f6,,0.12274741990790704,Delta_LS_70_30_StopVol,NEAR,,0.24549483981581408,0.07364845194474422
2026-09-10,0.09943,ENTRY,bf8d5464df10bddeba01ca2264b21291708b6e1cb1322baf45578a4aa539a9d0,2026-09-10,0.09943,,SHORT,-0.048660733998805335,34595758428,0de81a1cf2a69e6bbec58ac86bc1a308b19c8e9355fba8ff2ba55f8d6ac6e5f6,,0.12330270234204245,Delta_LS_70_30_StopVol,OP,,0.2466054046840849,0.07398162140522548
2026-09-10,0.14944,ENTRY,6291694eb2a8d1329e9747e565d011b49e1dac88b55a5feb7338d5d86cb4a20c,2026-09-10,0.14944,,LONG,0.1,34595758428,0de81a1cf2a69e6bbec58ac86bc1a308b19c8e9355fba8ff2ba55f8d6ac6e5f6,,0.25832916222464136,Delta_LS_50_50,ARB,,0.5166583244492827,0.1549974973347848
2026-09-10,2.482,ENTRY,7cb71e9c59ef2876578ad5f47ff82c76a05075de20c91013a9d652d90a9a8583,2026-09-10,2.482,,LONG,0.1,34595758428,0de81a1cf2a69e6bbec58ac86bc1a308b19c8e9355fba8ff2ba55f8d6ac6e5f6,,0.12274741990790704,Delta_LS_50_50,NEAR,,0.24549483981581408,0.07364845194474422
2026-09-10,0.09943,ENTRY,9f55f538d4efc2a2bd705deaca8c767e9e5bd46bdbd58e8c9399c1ea1f50819e,2026-09-10,0.09943,,SHORT,-0.1,34595758428,0de81a1cf2a69e6bbec58ac86bc1a308b19c8e9355fba8ff2ba55f8d6ac6e5f6,,0.12330270234204245,Delta_LS_50_50,OP,,0.2466054046840849,0.07398162140522548
2026-09-10,0.14944,ENTRY,837e5a59087fa65f9ad26e15497c2c014cd0307bdd9de6c6d076d33ba1a0d9ff,2026-09-10,0.14944,,LONG,0.038710302444692896,34595758428,0de81a1cf2a69e6bbec58ac86bc1a308b19c8e9355fba8ff2ba55f8d6ac6e5f6,,0.25832916222464136,Delta_LS_50_50_StopVol,ARB,,0.5166583244492827,0.1549974973347848
2026-09-10,2.482,ENTRY,8ae582c1bfc392fd5e32a693be27373d4bdd9372c31273ec3075347784160f36,2026-09-10,2.482,,LONG,0.08146810749670047,34595758428,0de81a1cf2a69e6bbec58ac86bc1a308b19c8e9355fba8ff2ba55f8d6ac6e5f6,,0.12274741990790704,Delta_LS_50_50_StopVol,NEAR,,0.24549483981581408,0.07364845194474422
2026-09-10,0.09943,ENTRY,2076f28b4347bdcb729dac9e3cb7a3da9d5f17e3a90441d2f907196f4f858ccf,2026-09-10,0.09943,,SHORT,-0.08110122333134223,34595758428,0de81a1cf2a69e6bbec58ac86bc1a308b19c8e9355fba8ff2ba55f8d6ac6e5f6,,0.12330270234204245,Delta_LS_50_50_StopVol,OP,,0.2466054046840849,0.07398162140522548
2026-09-11,2437.25,ENTRY,b7c46456b9b3748b507547de936403b4b2c764e7e9af121580d43eba797e1927,2026-09-11,2437.25,,LONG,0.13999999999999999,34673266523,b44ba367aa232958f3cd6d2bfab14bb8a417e27c1b9aa00a1a2b6ff9a7b1124d,,0.09750526259903822,Delta_LS_70_30,ETH,,0.19501052519807643,0.058503157559422925
2026-09-11,0.727,ENTRY,2e1d398d951a2a6d1ac780da091cf53f453190f753ac82239f49e001b385a4f7,2026-09-11,0.727,,SHORT,-0.06,34673266523,b44ba367aa232958f3cd6d2bfab14bb8a417e27c1b9aa00a1a2b6ff9a7b1124d,,0.11531497987343148,Delta_LS_70_30,SUI,,0.23062995974686296,0.06918898792405889
2026-09-11,0.33858,REBALANCE_EXIT,99286f6d4c86f189b7fdc12feceee08f6ff0a40774666a72ffd91f3029a323d5,2026-09-11,0.33978,,SHORT,-0.06,34673266523,b44ba367aa232958f3cd6d2bfab14bb8a417e27c1b9aa00a1a2b6ff9a7b1124d,,,Delta_LS_70_30,TRX,,,
2026-09-11,2.482,STOP_INTRADAY,b0f99dbd36e698d738373aaf605554afd4799bbf7f5b8a81935ab0c3ed070ac9,2026-09-11,2.360343744444792,,LONG,0.13999999999999999,34673266523,b44ba367aa232958f3cd6d2bfab14bb8a417e27c1b9aa00a1a2b6ff9a7b1124d,2.360343744444792,,Delta_LS_70_30,NEAR,3.0913181924228508,,
2026-09-11,0.09943,STOP_INTRADAY,fe5c98a582039556f69740b8409c7dc6f21918ee34f7f4f4a3f01be123cc7937,2026-09-11,0.10041728160138859,,SHORT,-0.06,34673266523,b44ba367aa232958f3cd6d2bfab14bb8a417e27c1b9aa00a1a2b6ff9a7b1124d,0.10041728160138859,,Delta_LS_70_30,OP,0.07491002461226144,,
2026-09-11,0.2045,ENTRY,dc2ebfd2a6f09088cdb9c781e3e5e71a34815f4ecbaaf8e904373db48b70dd58,2026-09-11,0.2045,,SHORT,-0.05292882727073946,34673266523,b44ba367aa232958f3cd6d2bfab14bb8a417e27c1b9aa00a1a2b6ff9a7b1124d,,0.11335977593663724,Delta_LS_70_30_StopVol,ADA,,0.22671955187327447,0.06801586556198233
2026-09-11,2437.25,ENTRY,ce4ca3bfcb1ceb6410f855d8d36abfa3dec938f435e61a88c94385435731f3e1,2026-09-11,2437.25,,LONG,0.13999999999999999,34673266523,b44ba367aa232958f3cd6d2bfab14bb8a417e27c1b9aa00a1a2b6ff9a7b1124d,,0.09750526259903822,Delta_LS_70_30_StopVol,ETH,,0.19501052519807643,0.058503157559422925
2026-09-11,0.727,ENTRY,c4a743b5715190011fb0964c1e50324e43a4b63082e7536013acd82957abaeea,2026-09-11,0.727,,SHORT,-0.05203140135466821,34673266523,b44ba367aa232958f3cd6d2bfab14bb8a417e27c1b9aa00a1a2b6ff9a7b1124d,,0.11531497987343148,Delta_LS_70_30_StopVol,SUI,,0.23062995974686296,0.06918898792405889
2026-09-11,0.33489,REBALANCE_EXIT,1952ce05645d941439e8e35cbeb7df76cd1204fbaf5bce80d49146f2d01bc478,2026-09-11,0.33978,,SHORT,-0.06,34673266523,b44ba367aa232958f3cd6d2bfab14bb8a417e27c1b9aa00a1a2b6ff9a7b1124d,,,Delta_LS_70_30_StopVol,TRX,,,
2026-09-11,2.482,STOP_INTRADAY,7aa53c227ac802aee59800b142273717d7d62a5ae66d944f527d8fe1f02b7925,2026-09-11,2.360343744444792,,LONG,0.11323749286789149,34673266523,b44ba367aa232958f3cd6d2bfab14bb8a417e27c1b9aa00a1a2b6ff9a7b1124d,2.360343744444792,,Delta_LS_70_30_StopVol,NEAR,3.0913181924228508,,
2026-09-11,0.09943,STOP_INTRADAY,3212cb4047d24db9ec53ddff23fd2d4a6f5ca5d2f0180fda40f1e9c0e6e94d1e,2026-09-11,0.10041728160138859,,SHORT,-0.047450007308312704,34673266523,b44ba367aa232958f3cd6d2bfab14bb8a417e27c1b9aa00a1a2b6ff9a7b1124d,0.10041728160138859,,Delta_LS_70_30_StopVol,OP,0.07491002461226144,,
2026-09-11,0.2045,ENTRY,8fa250695eee63b59a2dd2f2e1b60b14bdd6f33dfbc963481ad51cb2b5e37871,2026-09-11,0.2045,,SHORT,-0.1,34673266523,b44ba367aa232958f3cd6d2bfab14bb8a417e27c1b9aa00a1a2b6ff9a7b1124d,,0.11335977593663724,Delta_LS_50_50,ADA,,0.22671955187327447,0.06801586556198233
2026-09-11,2437.25,ENTRY,44d0c170fb9fcf3d680a5967b8d440c85b57f5ee29ae3242726bfa84440837e5,2026-09-11,2437.25,,LONG,0.1,34673266523,b44ba367aa232958f3cd6d2bfab14bb8a417e27c1b9aa00a1a2b6ff9a7b1124d,,0.09750526259903822,Delta_LS_50_50,ETH,,0.19501052519807643,0.058503157559422925
2026-09-11,0.727,ENTRY,5c876c70100f70f7e69dc7aa5c20e52d88fbd6a52be5a53ae6e36aac251ca750,2026-09-11,0.727,,SHORT,-0.1,34673266523,b44ba367aa232958f3cd6d2bfab14bb8a417e27c1b9aa00a1a2b6ff9a7b1124d,,0.11531497987343148,Delta_LS_50_50,SUI,,0.23062995974686296,0.06918898792405889
2026-09-11,0.33489,REBALANCE_EXIT,4677ecca6a7132dace136bae50bc0c0d5ffde90e62d5d2e2f73cbbd9f520fe44,2026-09-11,0.33978,,SHORT,-0.1,34673266523,b44ba367aa232958f3cd6d2bfab14bb8a417e27c1b9aa00a1a2b6ff9a7b1124d,,,Delta_LS_50_50,TRX,,,
2026-09-11,2.482,STOP_INTRADAY,ae12ead51933508d3827b9b3b6cc79f780714329dec669a01e7c1eee952f3114,2026-09-11,2.360343744444792,,LONG,0.1,34673266523,b44ba367aa232958f3cd6d2bfab14bb8a417e27c1b9aa00a1a2b6ff9a7b1124d,2.360343744444792,,Delta_LS_50_50,NEAR,3.0913181924228508,,
2026-09-11,0.09943,STOP_INTRADAY,b06291a9c3a81f62ad3cd256b04bc19bb26222686965a5df402d1da2e42e04e6,2026-09-11,0.10041728160138859,,SHORT,-0.1,34673266523,b44ba367aa232958f3cd6d2bfab14bb8a417e27c1b9aa00a1a2b6ff9a7b1124d,0.10041728160138859,,Delta_LS_50_50,OP,0.07491002461226144,,
2026-09-11,0.2045,ENTRY,7e39e3d2df654573dff85dc6272604b0bb7d46546d4e137e3c939e15f18cc30d,2026-09-11,0.2045,,SHORT,-0.08821471211789911,34673266523,b44ba367aa232958f3cd6d2bfab14bb8a417e27c1b9aa00a1a2b6ff9a7b1124d,,0.11335977593663724,Delta_LS_50_50_StopVol,ADA,,0.22671955187327447,0.06801586556198233
2026-09-11,2437.25,ENTRY,c14aa35a84a74390d787e7d53110e6c0290341a4ce88d4e558a5f8d2abf45645,2026-09-11,2437.25,,LONG,0.1,34673266523,b44ba367aa232958f3cd6d2bfab14bb8a417e27c1b9aa00a1a2b6ff9a7b1124d,,0.09750526259903822,Delta_LS_50_50_StopVol,ETH,,0.19501052519807643,0.058503157559422925
2026-09-11,0.727,ENTRY,6d34aebeb010be7d432233cc08f1c9ef638633d3ae7d12959ab2588733139d9b,2026-09-11,0.727,,SHORT,-0.08671900225778036,34673266523,b44ba367aa232958f3cd6d2bfab14bb8a417e27c1b9aa00a1a2b6ff9a7b1124d,,0.11531497987343148,Delta_LS_50_50_StopVol,SUI,,0.23062995974686296,0.06918898792405889
2026-09-11,0.33489,REBALANCE_EXIT,050b0311044df32fb28bfcde0b5a4e5839a6b63f18b16bbf1e4b5ec39f73625d,2026-09-11,0.33978,,SHORT,-0.1,34673266523,b44ba367aa232958f3cd6d2bfab14bb8a417e27c1b9aa00a1a2b6ff9a7b1124d,,,Delta_LS_50_50_StopVol,TRX,,,
2026-09-11,2.482,STOP_INTRADAY,5c1d0b03618d3286b3eaa7a11fa6d834af8332a4828e51199091e3cf6674cb4c,2026-09-11,2.360343744444792,,LONG,0.08088392347706536,34673266523,b44ba367aa232958f3cd6d2bfab14bb8a417e27c1b9aa00a1a2b6ff9a7b1124d,2.360343744444792,,Delta_LS_50_50_StopVol,NEAR,3.0913181924228508,,
2026-09-11,0.09943,STOP_INTRADAY,eceb577742931139ff0aa3e5bdcbc8da51e27dadee1995b20b13db413603e1dd,2026-09-11,0.10041728160138859,,SHORT,-0.07908334551385451,34673266523,b44ba367aa232958f3cd6d2bfab14bb8a417e27c1b9aa00a1a2b6ff9a7b1124d,0.10041728160138859,,Delta_LS_50_50_StopVol,OP,0.07491002461226144,,
2026-09-12,1.0399,ENTRY,b121ec6eb44939d83659d7084798944af323f151a1446365ec3b95a7de0642b8,2026-09-12,1.0399,,LONG,0.13999999999999999,34738631912,d95f36020b7af7ae46aae04334e6f16efb97baef3833e180883e2f537b7260ee,,0.1331705759928679,Delta_LS_70_30,DOT,,0.2663411519857358,0.07990234559572075
2026-09-12,2437.25,STOP_INTRADAY,f0e6d7e7278fbe1b5c39b0d1230295e4c88b36c05997ac3cdeef8433c65ce07c,2026-09-12,2511.301602683873,,LONG,0.13999999999999999,34738631912,d95f36020b7af7ae46aae04334e6f16efb97baef3833e180883e2f537b7260ee,2511.301602683873,,Delta_LS_70_30,ETH,2912.539402539012,,
2026-09-12,1.0399,ENTRY,f269e01f25d98e7f754eaecb328f84057e100080d3814fcfec7311c91ecd3fdc,2026-09-12,1.0399,,LONG,0.10512832805311123,34738631912,d95f36020b7af7ae46aae04334e6f16efb97baef3833e180883e2f537b7260ee,,0.1331705759928679,Delta_LS_70_30_StopVol,DOT,,0.2663411519857358,0.07990234559572075
2026-09-12,2437.25,STOP_INTRADAY,308864f1cf9000ed8d3ded0f318acc2e6d4b75072c12d7dba9599f7c2cd6ba71,2026-09-12,2511.301602683873,,LONG,0.13999999999999999,34738631912,d95f36020b7af7ae46aae04334e6f16efb97baef3833e180883e2f537b7260ee,2511.301602683873,,Delta_LS_70_30_StopVol,ETH,2912.539402539012,,
2026-09-12,1.0399,ENTRY,abe772d6eb51f4a8c095a5b18c1d1d9db952ca4ed1c0df6d92f72f246efa0a85,2026-09-12,1.0399,,LONG,0.1,34738631912,d95f36020b7af7ae46aae04334e6f16efb97baef3833e180883e2f537b7260ee,,0.1331705759928679,Delta_LS_50_50,DOT,,0.2663411519857358,0.07990234559572075
2026-09-12,2437.25,STOP_INTRADAY,c46a4527d79204a634e9707a8672623937133896801bf0762c4b542e2e1ade53,2026-09-12,2511.301602683873,,LONG,0.1,34738631912,d95f36020b7af7ae46aae04334e6f16efb97baef3833e180883e2f537b7260ee,2511.301602683873,,Delta_LS_50_50,ETH,2912.539402539012,,
2026-09-12,1.0399,ENTRY,1694f1b2a5f0ed1d15bde3e569b39d3020d089a3cec5c7d64ca4a7ec8789dd3c,2026-09-12,1.0399,,LONG,0.07509166289507946,34738631912,d95f36020b7af7ae46aae04334e6f16efb97baef3833e180883e2f537b7260ee,,0.1331705759928679,Delta_LS_50_50_StopVol,DOT,,0.2663411519857358,0.07990234559572075
2026-09-12,2437.25,STOP_INTRADAY,03cc663ae5e5daf8883ba50a577fcc097628adcbe1e5f99022c4dd4455c911ae,2026-09-12,2511.301602683873,,LONG,0.1,34738631912,d95f36020b7af7ae46aae04334e6f16efb97baef3833e180883e2f537b7260ee,2511.301602683873,,Delta_LS_50_50_StopVol,ETH,2912.539402539012,,
2026-09-13,0.33963,ENTRY,a374032ad059efd3255d9d9272b60bb47a5cdd11b269fd27971ec30c00c11f9d,2026-09-13,0.33963,,SHORT,-0.06,34807686971,1b4550c6bb16e95281320e085e40dbdd056d71e72f0142e7030a2a5f5dbcea58,,0.06,Delta_LS_70_30,TRX,,0.12,0.04
2026-09-13,0.33963,ENTRY,8dd51bfbd61394b968554f1b1a1b8576069982ca292e9bb93ebd50794abc6943,2026-09-13,0.33963,,SHORT,-0.06,34807686971,1b4550c6bb16e95281320e085e40dbdd056d71e72f0142e7030a2a5f5dbcea58,,0.06,Delta_LS_70_30_StopVol,TRX,,0.12,0.04
2026-09-13,0.33963,ENTRY,63a3a54f7bed8d737deffa96f57d91bd0bed9b474b052f50b268e8aa33d62cc3,2026-09-13,0.33963,,SHORT,-0.1,34807686971,1b4550c6bb16e95281320e085e40dbdd056d71e72f0142e7030a2a5f5dbcea58,,0.06,Delta_LS_50_50,TRX,,0.12,0.04
2026-09-13,0.33963,ENTRY,9faf1a42a8617cf9aa09c37c1ba9c5617823d10fef9c2ed2dfc06218a4934553,2026-09-13,0.33963,,SHORT,-0.1,34807686971,1b4550c6bb16e95281320e085e40dbdd056d71e72f0142e7030a2a5f5dbcea58,,0.06,Delta_LS_50_50_StopVol,TRX,,0.12,0.04
2026-09-14,0.2193,REBALANCE_EXIT,fc342bcb81fddb1a93d76ce918f51e334e1acfe7816db790b4ce64a26e1a6f86,2026-09-14,0.2033,,SHORT,-0.06,34943084063,a40e0293fb03541c6dec3b1546e3da4b9c4ba580a801b6699c26c3577d8b0984,,,Delta_LS_70_30,ADA,,,
2026-09-14,0.9512,ENTRY,f766dfc13c3c5b6fff140c8c4520151482d0036eecb0be183c6e70dcdb1d7315,2026-09-14,0.9512,,LONG,0.13999999999999999,34943084063,a40e0293fb03541c6dec3b1546e3da4b9c4ba580a801b6699c26c3577d8b0984,,0.1453179273864247,Delta_LS_70_30,FIL,,0.2906358547728494,0.08719075643185482
2026-09-14,2.295,ENTRY,a2f9384750030530c1d02271234f0a3101c828b2dfbbe8a800ecfb6187698486,2026-09-14,2.295,,LONG,0.13999999999999999,34943084063,a40e0293fb03541c6dec3b1546e3da4b9c4ba580a801b6699c26c3577d8b0984,,0.1268171066981774,Delta_LS_70_30,NEAR,,0.2536342133963548,0.07609026401890642
2026-09-14,0.09466,ENTRY,68dcdc0350fa658d1e37ab7a274b4bfd3d5c9740a7279a936f787b02b88e41d0,2026-09-14,0.09466,,SHORT,-0.06,34943084063,a40e0293fb03541c6dec3b1546e3da4b9c4ba580a801b6699c26c3577d8b0984,,0.12211892402801464,Delta_LS_70_30,OP,,0.24423784805602927,0.07327135441680879
2026-09-14,0.33963,REBALANCE_EXIT,a644ee685f6d40297fdc9df211413709c6b8b55a254265434f1d08e9a7b9fd94,2026-09-14,0.33802,,SHORT,-0.06,34943084063,a40e0293fb03541c6dec3b1546e3da4b9c4ba580a801b6699c26c3577d8b0984,,,Delta_LS_70_30,TRX,,,
2026-09-14,0.727,STOP_INTRADAY,5e58b0a73f9f5d6e935486bfd449d5161236965239ee6ffaa4fce892ec907b7a,2026-09-14,0.7436209411011829,,SHORT,-0.06,34943084063,a40e0293fb03541c6dec3b1546e3da4b9c4ba580a801b6699c26c3577d8b0984,0.7436209411011829,,Delta_LS_70_30,SUI,0.5593320192640306,,
2026-09-14,0.09466,STOP_INTRADAY,4cd93785da451aac67129027863d5b29d6d2ad438f90bbb9636ac79b0b74a7ef,2026-09-14,0.10159586640909513,,SHORT,-0.06,34943084063,a40e0293fb03541c6dec3b1546e3da4b9c4ba580a801b6699c26c3577d8b0984,0.10159586640909513,,Delta_LS_70_30,OP,0.07154044530301627,,
2026-09-14,0.2045,REBALANCE_EXIT,e04d3f986b45d250a29998f9d139c6496e8b26c26a951ae274348099e6a2b306,2026-09-14,0.2033,,SHORT,-0.05329605519058723,34943084063,a40e0293fb03541c6dec3b1546e3da4b9c4ba580a801b6699c26c3577d8b0984,,,Delta_LS_70_30_StopVol,ADA,,,
2026-09-14,0.9512,ENTRY,06d7ee1e45cdfeda41bd36e26da6cc480d2b97f1e57f09c39b0d8008b9b8c8d6,2026-09-14,0.9512,,LONG,0.09634048772779187,34943084063,a40e0293fb03541c6dec3b1546e3da4b9c4ba580a801b6699c26c3577d8b0984,,0.1453179273864247,Delta_LS_70_30_StopVol,FIL,,0.2906358547728494,0.08719075643185482
2026-09-14,2.295,ENTRY,ebe4801955edd21cafdc9aff8a5d0f6db142f7d760deb25451a77e81fb4ba8b5,2026-09-14,2.295,,LONG,0.11039520112471708,34943084063,a40e0293fb03541c6dec3b1546e3da4b9c4ba580a801b6699c26c3577d8b0984,,0.1268171066981774,Delta_LS_70_30_StopVol,NEAR,,0.2536342133963548,0.07609026401890642
2026-09-14,0.09466,ENTRY,cc0157b4f196a86b87bdc89cba84eb1e99708ef61e98964e1c3b0a103f7b4ccf,2026-09-14,0.09466,,SHORT,-0.04913243420506696,34943084063,a40e0293fb03541c6dec3b1546e3da4b9c4ba580a801b6699c26c3577d8b0984,,0.12211892402801464,Delta_LS_70_30_StopVol,OP,,0.24423784805602927,0.07327135441680879
2026-09-14,0.33963,REBALANCE_EXIT,bbfb3a9d49bc0235583919e2ed495f51deeea57780633697f2cff2e2d87033b8,2026-09-14,0.33802,,SHORT,-0.06,34943084063,a40e0293fb03541c6dec3b1546e3da4b9c4ba580a801b6699c26c3577d8b0984,,,Delta_LS_70_30_StopVol,TRX,,,
2026-09-14,0.727,STOP_INTRADAY,ad1b3c521d304595ff2f9a669d4c1676d4f5616f36f3fd0e816dff2e471c5d81,2026-09-14,0.7436209411011829,,SHORT,-0.05178152857708605,34943084063,a40e0293fb03541c6dec3b1546e3da4b9c4ba580a801b6699c26c3577d8b0984,0.7436209411011829,,Delta_LS_70_30_StopVol,SUI,0.5593320192640306,,
2026-09-14,0.09466,STOP_INTRADAY,4b45da3143e882232517aa3b0ca35262d510a36e0575b6d11dea221faf141ba2,2026-09-14,0.10159586640909513,,SHORT,-0.04913243420506696,34943084063,a40e0293fb03541c6dec3b1546e3da4b9c4ba580a801b6699c26c3577d8b0984,0.10159586640909513,,Delta_LS_70_30_StopVol,OP,0.07154044530301627,,
2026-09-14,0.2045,REBALANCE_EXIT,790e6edd00d64bf2d19614a1ed014d793d253930359d8a3758f1a8ba4935c8ba,2026-09-14,0.2033,,SHORT,-0.1,34943084063,a40e0293fb03541c6dec3b1546e3da4b9c4ba580a801b6699c26c3577d8b0984,,,Delta_LS_50_50,ADA,,,
2026-09-14,0.9512,ENTRY,918f0e77b08e5c2ee6d3c79afc15634d6c86ac1f7b7fdbde4cb8713d7c7e6241,2026-09-14,0.9512,,LONG,0.1,34943084063,a40e0293fb03541c6dec3b1546e3da4b9c4ba580a801b6699c26c3577d8b0984,,0.1453179273864247,Delta_LS_50_50,FIL,,0.2906358547728494,0.08719075643185482
2026-09-14,2.295,ENTRY,4571710664644fa0025350bc6fe39ab8dc6d6a970506196b393d1c16111ea0df,2026-09-14,2.295,,LONG,0.1,34943084063,a40e0293fb03541c6dec3b1546e3da4b9c4ba580a801b6699c26c3577d8b0984,,0.1268171066981774,Delta_LS_50_50,NEAR,,0.2536342133963548,0.07609026401890642
2026-09-14,0.09466,ENTRY,6909e5dec161483cc0822e70aba876b85ec50e024cdb73af9f957e3a12ce1754,2026-09-14,0.09466,,SHORT,-0.1,34943084063,a40e0293fb03541c6dec3b1546e3da4b9c4ba580a801b6699c26c3577d8b0984,,0.12211892402801464,Delta_LS_50_50,OP,,0.24423784805602927,0.07327135441680879
2026-09-14,0.33963,REBALANCE_EXIT,3a758d2dac21fe916d2b8d278806a106d382da1a6d87b939f359959714872220,2026-09-14,0.33802,,SHORT,-0.1,34943084063,a40e0293fb03541c6dec3b1546e3da4b9c4ba580a801b6699c26c3577d8b0984,,,Delta_LS_50_50,TRX,,,
2026-09-14,0.727,STOP_INTRADAY,5ca091de603be3196ad335da58b7a2599a677587a8c5edb1a8d2a268c47e4d5b,2026-09-14,0.7436209411011829,,SHORT,-0.1,34943084063,a40e0293fb03541c6dec3b1546e3da4b9c4ba580a801b6699c26c3577d8b0984,0.7436209411011829,,Delta_LS_50_50,SUI,0.5593320192640306,,
2026-09-14,0.09466,STOP_INTRADAY,2e39a95308f86d756f64d3be5e0b3fcb1e055266ad3b98e30dba78f22811751c,2026-09-14,0.10159586640909513,,SHORT,-0.1,34943084063,a40e0293fb03541c6dec3b1546e3da4b9c4ba580a801b6699c26c3577d8b0984,0.10159586640909513,,Delta_LS_50_50,OP,0.07154044530301627,,
2026-09-14,0.2045,REBALANCE_EXIT,9e34af0f43ce83bd7b11e8fc495be0f8c1bfa415074345aafe81cf71a2632432,2026-09-14,0.2033,,SHORT,-0.08882675865097872,34943084063,a40e0293fb03541c6dec3b1546e3da4b9c4ba580a801b6699c26c3577d8b0984,,,Delta_LS_50_50_StopVol,ADA,,,
2026-09-14,0.9512,ENTRY,6d76c44192e47ac1cd7f2bcc2ca70f915a88a29284928a924265168e57fc68cb,2026-09-14,0.9512,,LONG,0.06881463409127991,34943084063,a40e0293fb03541c6dec3b1546e3da4b9c4ba580a801b6699c26c3577d8b0984,,0.1453179273864247,Delta_LS_50_50_StopVol,FIL,,0.2906358547728494,0.08719075643185482
2026-09-14,2.295,ENTRY,408281a3a83a844ce304844eaad563b97f08b40c0d7a2a2f9cfdf8b39218f63f,2026-09-14,2.295,,LONG,0.07885371508908365,34943084063,a40e0293fb03541c6dec3b1546e3da4b9c4ba580a801b6699c26c3577d8b0984,,0.1268171066981774,Delta_LS_50_50_StopVol,NEAR,,0.2536342133963548,0.07609026401890642
2026-09-14,0.09466,ENTRY,2826e18d7473403573c0b1e8b32ee49957446294561783379c78155aba0926a7,2026-09-14,0.09466,,SHORT,-0.08188739034177828,34943084063,a40e0293fb03541c6dec3b1546e3da4b9c4ba580a801b6699c26c3577d8b0984,,0.12211892402801464,Delta_LS_50_50_StopVol,OP,,0.24423784805602927,0.07327135441680879
2026-09-14,0.33963,REBALANCE_EXIT,63046e52386d15c837bb45d60f6c251fff289b32e987b0c22f20f9e39a1a285d,2026-09-14,0.33802,,SHORT,-0.1,34943084063,a40e0293fb03541c6dec3b1546e3da4b9c4ba580a801b6699c26c3577d8b0984,,,Delta_LS_50_50_StopVol,TRX,,,
2026-09-14,0.727,STOP_INTRADAY,0201c353a7d31514bc44fea7ee877a9d653f68bf8dc41a25cc1452298852c524,2026-09-14,0.7436209411011829,,SHORT,-0.08630254762847676,34943084063,a40e0293fb03541c6dec3b1546e3da4b9c4ba580a801b6699c26c3577d8b0984,0.7436209411011829,,Delta_LS_50_50_StopVol,SUI,0.5593320192640306,,
2026-09-14,0.09466,STOP_INTRADAY,00018fbef10b9e7a0afda8fb38105d2ee36cd51c6e07ceac2f53830636cc24a5,2026-09-14,0.10159586640909513,,SHORT,-0.08188739034177828,34943084063,a40e0293fb03541c6dec3b1546e3da4b9c4ba580a801b6699c26c3577d8b0984,0.10159586640909513,,Delta_LS_50_50_StopVol,OP,0.07154044530301627,,
2026-09-15,0.9512,STOP_GAP,98750253ce313fa9da291321f31d832bba136428827fc1e757d5c01cdd11f8c3,2026-09-15,0.9351,,LONG,0.13999999999999999,35056950076,067b90bc3b639e5e89903732bd93fe35f0f073897f9e799c4d0ef683b868bc12,0.9492303323865142,,Delta_LS_70_30,FIL,1.2276528250599343,,
2026-09-15,11.51,ENTRY,b9cc5f69215cc9d5619f9df4766d556df2c6f3c6cec33ec6fe31dfe8e19e804c,2026-09-15,11.51,,SHORT,-0.06,35056950076,067b90bc3b639e5e89903732bd93fe35f0f073897f9e799c4d0ef683b868bc12,,0.10782616500065159,Delta_LS_70_30,LINK,,0.21565233000130318,0.06469569900039096
2026-09-15,1.0399,STOP_INTRADAY,87673c55c6ea5503d0b552d75a9d6e40b2370fbe8e21ce8a5679b3903023c188,2026-09-15,0.9741073867178104,,LONG,0.13999999999999999,35056950076,067b90bc3b639e5e89903732bd93fe35f0f073897f9e799c4d0ef683b868bc12,0.9741073867178104,,Delta_LS_70_30,DOT,1.3168681639499666,,
2026-09-15,2.295,STOP_INTRADAY,50c30c7be0a0010dbeaccbb23bfe8127f1ca5c935c822815b692e6739f03b5fe,2026-09-15,2.397545764870938,,LONG,0.13999999999999999,35056950076,067b90bc3b639e5e89903732bd93fe35f0f073897f9e799c4d0ef683b868bc12,2.397545764870938,,Delta_LS_70_30,NEAR,2.877090519744634,,
2026-09-15,0.9512,STOP_GAP,caccf52e4937ee1984e6e37a312689ababacb6737151755832240ea3a6e2d920,2026-09-15,0.9351,,LONG,0.09634048772779187,35056950076,067b90bc3b639e5e89903732bd93fe35f0f073897f9e799c4d0ef683b868bc12,0.9492303323865142,,Delta_LS_70_30_StopVol,FIL,1.2276528250599343,,
2026-09-15,11.51,ENTRY,ccef8a56178fbb8c52e87ec45b055e9a708f93f2a23ca35f0efb7ea3158ef8e4,2026-09-15,11.51,,SHORT,-0.05564512101458622,35056950076,067b90bc3b639e5e89903732bd93fe35f0f073897f9e799c4d0ef683b868bc12,,0.10782616500065159,Delta_LS_70_30_StopVol,LINK,,0.21565233000130318,0.06469569900039096
2026-09-15,1.0399,STOP_INTRADAY,4244595062543fcf00060a4eb2a45f088431dd25517bd06481efe0aa52dea8c1,2026-09-15,0.9741073867178104,,LONG,0.10441302908786142,35056950076,067b90bc3b639e5e89903732bd93fe35f0f073897f9e799c4d0ef683b868bc12,0.9741073867178104,,Delta_LS_70_30_StopVol,DOT,1.3168681639499666,,
2026-09-15,2.295,STOP_INTRADAY,534d4ea947c6f16150b4fdfe8a45870b805ddf96f2fa45cd91bbdf522d8634f7,2026-09-15,2.397545764870938,,LONG,0.10829996837924404,35056950076,067b90bc3b639e5e89903732bd93fe35f0f073897f9e799c4d0ef683b868bc12,2.397545764870938,,Delta_LS_70_30_StopVol,NEAR,2.877090519744634,,
2026-09-15,0.9512,STOP_GAP,87b52bd58187d0c1825af64a547c9ee463bfdfe7da8d4d98aa963755d3308d06,2026-09-15,0.9351,,LONG,0.1,35056950076,067b90bc3b639e5e89903732bd93fe35f0f073897f9e799c4d0ef683b868bc12,0.9492303323865142,,Delta_LS_50_50,FIL,1.2276528250599343,,
2026-09-15,11.51,ENTRY,447b634da5ddbc738bd5531d08277c47a799ca41ae15c9d7c12675ea647f9c45,2026-09-15,11.51,,SHORT,-0.1,35056950076,067b90bc3b639e5e89903732bd93fe35f0f073897f9e799c4d0ef683b868bc12,,0.10782616500065159,Delta_LS_50_50,LINK,,0.21565233000130318,0.06469569900039096
2026-09-15,1.0399,STOP_INTRADAY,b9951bebaae788688d9ce81b0a7d3f081a2853185e9713aaa1aa074b6a4c3e50,2026-09-15,0.9741073867178104,,LONG,0.1,35056950076,067b90bc3b639e5e89903732bd93fe35f0f073897f9e799c4d0ef683b868bc12,0.9741073867178104,,Delta_LS_50_50,DOT,1.3168681639499666,,
2026-09-15,2.295,STOP_INTRADAY,2d8c2c8dc12335107962130e5451fd9a148a7865b440a87b47a6385a7e9344fa,2026-09-15,2.397545764870938,,LONG,0.1,35056950076,067b90bc3b639e5e89903732bd93fe35f0f073897f9e799c4d0ef683b868bc12,2.397545764870938,,Delta_LS_50_50,NEAR,2.877090519744634,,
2026-09-15,0.9512,STOP_GAP,d21e46b5a3ad29ea6e81bc9c56b8fcf3da644a7eb4ebde8e03b2cbc9bc85a666,2026-09-15,0.9351,,LONG,0.06881463409127991,35056950076,067b90bc3b639e5e89903732bd93fe35f0f073897f9e799c4d0ef683b868bc12,0.9492303323865142,,Delta_LS_50_50_StopVol,FIL,1.2276528250599343,,
2026-09-15,11.51,ENTRY,09b525443338aa95a0aab9fc85a5e3b43e41430626279ec6321b89033b9f851a,2026-09-15,11.51,,SHORT,-0.09274186835764371,35056950076,067b90bc3b639e5e89903732bd93fe35f0f073897f9e799c4d0ef683b868bc12,,0.10782616500065159,Delta_LS_50_50_StopVol,LINK,,0.21565233000130318,0.06469569900039096
2026-09-15,1.0399,STOP_INTRADAY,6147922dda9bf95e7ba684d5c0ce64723c77a6397c8ee3068378311814cf3830,2026-09-15,0.9741073867178104,,LONG,0.07458073506275817,35056950076,067b90bc3b639e5e89903732bd93fe35f0f073897f9e799c4d0ef683b868bc12,0.9741073867178104,,Delta_LS_50_50_StopVol,DOT,1.3168681639499666,,
2026-09-15,2.295,STOP_INTRADAY,70b4ed7a7b777f4a84025c7623d3b3bf2df6e14cbd1fbfd28610433be39818f5,2026-09-15,2.397545764870938,,LONG,0.0773571202708886,35056950076,067b90bc3b639e5e89903732bd93fe35f0f073897f9e799c4d0ef683b868bc12,2.397545764870938,,Delta_LS_50_50_StopVol,NEAR,2.877090519744634,,
2026-09-16,0.547,ENTRY,b52c4017a03d3b58a7ee22f85a07441a46f4571e379b55e1542139591f76e5b2,2026-09-16,0.547,,SHORT,-0.06,35183449047,a4b3d15beb515fe84a76fd353938c082f9c88f8ade693841fbc7cec3bb412a71,,0.11554547912792024,Delta_LS_70_30,APT,,0.23109095825584047,0.06932728747675215
2026-09-16,11.51,REBALANCE_EXIT,a7141298ac894e23532233c6d67c971bf595a6ed64ee7b3c74c1a06c19a70f91,2026-09-16,10.878,,SHORT,-0.06,35183449047,a4b3d15beb515fe84a76fd353938c082f9c88f8ade693841fbc7cec3bb412a71,,,Delta_LS_70_30,LINK,,,
2026-09-16,0.547,ENTRY,8fa5ff632337f19c8c4367a2b090f610145e1b90bde66fde8e2279fe42586130,2026-09-16,0.547,,SHORT,-0.051927605002679574,35183449047,a4b3d15beb515fe84a76fd353938c082f9c88f8ade693841fbc7cec3bb412a71,,0.11554547912792024,Delta_LS_70_30_StopVol,APT,,0.23109095825584047,0.06932728747675215
2026-09-16,11.51,REBALANCE_EXIT,d4ed5d2a84a53117de6228d2f696a28692e52c744ff5ce9310fe7a5d581802f1,2026-09-16,10.878,,SHORT,-0.05564512101458622,35183449047,a4b3d15beb515fe84a76fd353938c082f9c88f8ade693841fbc7cec3bb412a71,,,Delta_LS_70_30_StopVol,LINK,,,
2026-09-16,0.547,ENTRY,772e0891330b487f0fbb28dff0f84c7c3c8c743e497af646f25a866da94f5a84,2026-09-16,0.547,,SHORT,-0.1,35183449047,a4b3d15beb515fe84a76fd353938c082f9c88f8ade693841fbc7cec3bb412a71,,0.11554547912792024,Delta_LS_50_50,APT,,0.23109095825584047,0.06932728747675215
2026-09-16,11.51,REBALANCE_EXIT,6e8772ea1499af8d9a6bc0c49208becec7501eb8ffc4e52d07474ab1b59c6385,2026-09-16,10.878,,SHORT,-0.1,35183449047,a4b3d15beb515fe84a76fd353938c082f9c88f8ade693841fbc7cec3bb412a71,,,Delta_LS_50_50,LINK,,,
2026-09-16,0.547,ENTRY,6ecc63c8b7d343da4c5a0af3326ee2b5c3ab968168be276242991223e8816e08,2026-09-16,0.547,,SHORT,-0.0865460083377993,35183449047,a4b3d15beb515fe84a76fd353938c082f9c88f8ade693841fbc7cec3bb412a71,,0.11554547912792024,Delta_LS_50_50_StopVol,APT,,0.23109095825584047,0.06932728747675215
2026-09-16,11.51,REBALANCE_EXIT,e2bcda2bf25c1822ad6ebb5efe513dac10e0fd015c88ca98ca06f3ea5b28c1c2,2026-09-16,10.878,,SHORT,-0.09274186835764371,35183449047,a4b3d15beb515fe84a76fd353938c082f9c88f8ade693841fbc7cec3bb412a71,,,Delta_LS_50_50_StopVol,LINK,,,
2026-09-17,2417.38,ENTRY,dcd743d2b020b023c7424c43f27fe101e6e78797d1988bef66027616cc18f49a,2026-09-17,2417.38,,LONG,0.13999999999999999,35307914124,f72ba8db6fc88cb10385e9af5b2ae8780cc700023eb22370e5216b267eccf2a7,,0.10170827625320944,Delta_LS_70_30,ETH,,0.20341655250641888,0.06102496575192567
2026-09-17,0.09577,ENTRY,cac511398615cf45295f481245822a728289d527da7f8c0955c9da159c75fdff,2026-09-17,0.09577,,SHORT,-0.06,35307914124,f72ba8db6fc88cb10385e9af5b2ae8780cc700023eb22370e5216b267eccf2a7,,0.1327159805955155,Delta_LS_70_30,OP,,0.265431961191031,0.07962958835730931
2026-09-17,0.7132,ENTRY,65dd2d70f0847b56c029146739c27957082130877c76e0636ce5e5c9dbc8e449,2026-09-17,0.7132,,SHORT,-0.06,35307914124,f72ba8db6fc88cb10385e9af5b2ae8780cc700023eb22370e5216b267eccf2a7,,0.11972443461906816,Delta_LS_70_30,SUI,,0.23944886923813632,0.07183466077144089
2026-09-17,258.1,STOP_INTRADAY,cd6d57faf78e089bf85c88713b08b631fbe11fd78d2b3c883f7fea9722840195,2026-09-17,231.64449661254437,,SHORT,-0.06,35307914124,f72ba8db6fc88cb10385e9af5b2ae8780cc700023eb22370e5216b267eccf2a7,231.64449661254437,,Delta_LS_70_30,BCH,180.59106547925185,,
2026-09-17,0.547,STOP_INTRADAY,e4bed1f726db655c4450a20a62e82911ca4f8c47195c9cee3ec6c89badd2a333,2026-09-17,0.5598997677228273,,SHORT,-0.06,35307914124,f72ba8db6fc88cb10385e9af5b2ae8780cc700023eb22370e5216b267eccf2a7,0.5598997677228273,,Delta_LS_70_30,APT,0.4205932458340553,,
2026-09-17,2417.38,ENTRY,932759c5aed52ae90501b8883158ecf223fb4d42e74f718b12d2fcabe5bd6f80,2026-09-17,2417.38,,LONG,0.13764858196147262,35307914124,f72ba8db6fc88cb10385e9af5b2ae8780cc700023eb22370e5216b267eccf2a7,,0.10170827625320944,Delta_LS_70_30_StopVol,ETH,,0.20341655250641888,0.06102496575192567
2026-09-17,0.09577,ENTRY,648fa1cb8b8626f968d130b5ee8b9d9ea7f0d438bcff22881c84a8e832d55eab,2026-09-17,0.09577,,SHORT,-0.04520932575773577,35307914124,f72ba8db6fc88cb10385e9af5b2ae8780cc700023eb22370e5216b267eccf2a7,,0.1327159805955155,Delta_LS_70_30_StopVol,OP,,0.265431961191031,0.07962958835730931
2026-09-17,0.7132,ENTRY,594be6727aa4399156cfbb41fe2d768e63d1ca23c4b991ba90ef570e5aa11a43,2026-09-17,0.7132,,SHORT,-0.050115083183231816,35307914124,f72ba8db6fc88cb10385e9af5b2ae8780cc700023eb22370e5216b267eccf2a7,,0.11972443461906816,Delta_LS_70_30_StopVol,SUI,,0.23944886923813632,0.07183466077144089
2026-09-17,256.0,STOP_INTRADAY,094994fd58b0e7114fdfe9941ce789a65e5ecf18bb6d4d415052555e572da8cb,2026-09-17,231.61991697618336,,SHORT,-0.037283002775000136,35307914124,f72ba8db6fc88cb10385e9af5b2ae8780cc700023eb22370e5216b267eccf2a7,231.61991697618336,,Delta_LS_70_30_StopVol,BCH,179.2204118289735,,
2026-09-17,0.547,STOP_INTRADAY,58cd681e9a8f308fe94afe8847ecb7ff97119c4bea57c56bdce9a6e5800f3082,2026-09-17,0.5598997677228273,,SHORT,-0.05210729613160273,35307914124,f72ba8db6fc88cb10385e9af5b2ae8780cc700023eb22370e5216b267eccf2a7,0.5598997677228273,,Delta_LS_70_30_StopVol,APT,0.4205932458340553,,
2026-09-17,2417.38,ENTRY,437420d7a2f4d6a636de066590c355a8adec1616a4cb01f19b99b59ad730db8b,2026-09-17,2417.38,,LONG,0.1,35307914124,f72ba8db6fc88cb10385e9af5b2ae8780cc700023eb22370e5216b267eccf2a7,,0.10170827625320944,Delta_LS_50_50,ETH,,0.20341655250641888,0.06102496575192567
2026-09-17,0.09577,ENTRY,71115b903738268d8d3aef0df1c83e5154af86b13fb04949f48d8f9d51462177,2026-09-17,0.09577,,SHORT,-0.1,35307914124,f72ba8db6fc88cb10385e9af5b2ae8780cc700023eb22370e5216b267eccf2a7,,0.1327159805955155,Delta_LS_50_50,OP,,0.265431961191031,0.07962958835730931
2026-09-17,0.7132,ENTRY,b5f42a36467f19d7895ea381dfbe22d7e0f5742166be33a839a8efc44117e103,2026-09-17,0.7132,,SHORT,-0.1,35307914124,f72ba8db6fc88cb10385e9af5b2ae8780cc700023eb22370e5216b267eccf2a7,,0.11972443461906816,Delta_LS_50_50,SUI,,0.23944886923813632,0.07183466077144089
2026-09-17,256.0,STOP_INTRADAY,c9019f2aaabe090589e0656aa5b6da683d51472579b2a3f996a2c9d70db59b17,2026-09-17,231.61991697618336,,SHORT,-0.1,35307914124,f72ba8db6fc88cb10385e9af5b2ae8780cc700023eb22370e5216b267eccf2a7,231.61991697618336,,Delta_LS_50_50,BCH,179.2204118289735,,
2026-09-17,0.547,STOP_INTRADAY,c4d25cfb289188924ac0bdcf8ca905aafc23c2b0d392285b889ed6eb3619c61f,2026-09-17,0.5598997677228273,,SHORT,-0.1,35307914124,f72ba8db6fc88cb10385e9af5b2ae8780cc700023eb22370e5216b267eccf2a7,0.5598997677228273,,Delta_LS_50_50,APT,0.4205932458340553,,
2026-09-17,2417.38,ENTRY,90df7475e159fcd0b00f36b5a8df6ed96e39647ce3d7c7246edaca3be8fbc70b,2026-09-17,2417.38,,LONG,0.09832041568676617,35307914124,f72ba8db6fc88cb10385e9af5b2ae8780cc700023eb22370e5216b267eccf2a7,,0.10170827625320944,Delta_LS_50_50_StopVol,ETH,,0.20341655250641888,0.06102496575192567
2026-09-17,0.09577,ENTRY,64c4b013002c4d1a6f9e668767249eb13eaac8d2cd4ec5528d961839694c0a13,2026-09-17,0.09577,,SHORT,-0.07534887626289295,35307914124,f72ba8db6fc88cb10385e9af5b2ae8780cc700023eb22370e5216b267eccf2a7,,0.1327159805955155,Delta_LS_50_50_StopVol,OP,,0.265431961191031,0.07962958835730931
2026-09-17,0.7132,ENTRY,eddef99c760ab6a1e274a8b56f577d359d5861f78f863e55d2082d38c25f220e,2026-09-17,0.7132,,SHORT,-0.0835251386387197,35307914124,f72ba8db6fc88cb10385e9af5b2ae8780cc700023eb22370e5216b267eccf2a7,,0.11972443461906816,Delta_LS_50_50_StopVol,SUI,,0.23944886923813632,0.07183466077144089
2026-09-17,256.0,STOP_INTRADAY,87ca0e3d8b22086271b355fbcba8e849adb2de1933b771d950c6e36c09ca5dea,2026-09-17,231.61991697618336,,SHORT,-0.06213833795833357,35307914124,f72ba8db6fc88cb10385e9af5b2ae8780cc700023eb22370e5216b267eccf2a7,231.61991697618336,,Delta_LS_50_50_StopVol,BCH,179.2204118289735,,
2026-09-17,0.547,STOP_INTRADAY,2371628d63d16df49ae5f11f07db5b3fe9a18994a482623d2bca64b0e9939559,2026-09-17,0.5598997677228273,,SHORT,-0.08684549355267124,35307914124,f72ba8db6fc88cb10385e9af5b2ae8780cc700023eb22370e5216b267eccf2a7,0.5598997677228273,,Delta_LS_50_50_StopVol,APT,0.4205932458340553,,
2026-09-18,0.2025,ENTRY,47b2930a2ec1e523a3f4365540d169a6f9b135903b592c959045b38ba1eccc21,2026-09-18,0.2025,,SHORT,-0.06,35445869089,d962105ad75fc522b79d8f0a8de5fbcd5efc497d0ed53711020d8818dd467a50,,0.11738849889386005,Delta_LS_70_30,ADA,,0.2347769977877201,0.07043309933631603
2026-09-18,1.0786,ENTRY,18a8db0d72498da76c3629aa5d85c80a84d8f480718fb9e46e460abd7c8e6978,2026-09-18,1.0786,,LONG,0.13999999999999999,35445869089,d962105ad75fc522b79d8f0a8de5fbcd5efc497d0ed53711020d8818dd467a50,,0.14245913915484587,Delta_LS_70_30,DOT,,0.28491827830969174,0.08547548349290751
2026-09-18,2417.38,REBALANCE_EXIT,21e63445df19286ae51d81c6d9819a5018d9f5a00aa3281c03892b4d8e7371b4,2026-09-18,2446.27,,LONG,0.13999999999999999,35445869089,d962105ad75fc522b79d8f0a8de5fbcd5efc497d0ed53711020d8818dd467a50,,,Delta_LS_70_30,ETH,,,
2026-09-18,3.145,ENTRY,0340e1f667adb8704a87ba453c5322ff52eeae39dae7496e72cfb5eb16e8773c,2026-09-18,3.145,,LONG,0.13999999999999999,35445869089,d962105ad75fc522b79d8f0a8de5fbcd5efc497d0ed53711020d8818dd467a50,,0.16242685012897526,Delta_LS_70_30,NEAR,,0.3248537002579505,0.09745611007738517
2026-09-18,0.09577,REBALANCE_EXIT,d378488d94a44b43e1a59065a65f950c8557ab580e9f91787bd156e7ef53d67b,2026-09-18,0.10092,,SHORT,-0.06,35445869089,d962105ad75fc522b79d8f0a8de5fbcd5efc497d0ed53711020d8818dd467a50,,,Delta_LS_70_30,OP,,,
2026-09-18,0.7132,REBALANCE_EXIT,e818ffede6ffb12b3fa0cf8637d28067c0f7b87b5fc8e9d1a4cbdb67861d4a3f,2026-09-18,0.7409,,SHORT,-0.06,35445869089,d962105ad75fc522b79d8f0a8de5fbcd5efc497d0ed53711020d8818dd467a50,,,Delta_LS_70_30,SUI,,,
2026-09-18,0.14944,TAKE_PROFIT_INTRADAY,99199aa34b8408322c2dd67c930f179c231651d4952d378cf58c323db51c69dd,2026-09-18,0.2266494200057008,,LONG,0.13999999999999999,35445869089,d962105ad75fc522b79d8f0a8de5fbcd5efc497d0ed53711020d8818dd467a50,0.15589451171670554,,Delta_LS_70_30,ARB,0.2266494200057008,,
2026-09-18,0.2025,STOP_INTRADAY,55505283382bad8e0ec8991d0b0dde416daecf8489b1d0d09bc2cc6835a41e71,2026-09-18,0.216762702615604,,SHORT,-0.06,35445869089,d962105ad75fc522b79d8f0a8de5fbcd5efc497d0ed53711020d8818dd467a50,0.216762702615604,,Delta_LS_70_30,ADA,0.1549576579479867,,
2026-09-18,0.2025,ENTRY,8f047bf5ec9845f1b244bad21ab595797db693c2ae58979f1d8a55388f936ab9,2026-09-18,0.2025,,SHORT,-0.0511123326095605,35445869089,d962105ad75fc522b79d8f0a8de5fbcd5efc497d0ed53711020d8818dd467a50,,0.11738849889386005,Delta_LS_70_30_StopVol,ADA,,0.2347769977877201,0.07043309933631603
2026-09-18,1.0786,ENTRY,25ef967621df839182e329f07d5f2af0d5c5409e8dee99871f649380021b8d7f,2026-09-18,1.0786,,LONG,0.09827379333510299,35445869089,d962105ad75fc522b79d8f0a8de5fbcd5efc497d0ed53711020d8818dd467a50,,0.14245913915484587,Delta_LS_70_30_StopVol,DOT,,0.28491827830969174,0.08547548349290751
2026-09-18,2417.38,REBALANCE_EXIT,304a00b9c86c68c29864182075750b7f2ee01e709fe0e6b958cf5eff52a78fef,2026-09-18,2446.27,,LONG,0.13764858196147262,35445869089,d962105ad75fc522b79d8f0a8de5fbcd5efc497d0ed53711020d8818dd467a50,,,Delta_LS_70_30_StopVol,ETH,,,
2026-09-18,3.145,ENTRY,0bda6637c7c7f4e4f08c75306c6fcdb1216b50cd7614b9f01515126dc63d677f,2026-09-18,3.145,,LONG,0.0861926460365591,35445869089,d962105ad75fc522b79d8f0a8de5fbcd5efc497d0ed53711020d8818dd467a50,,0.16242685012897526,Delta_LS_70_30_StopVol,NEAR,,0.3248537002579505,0.09745611007738517
2026-09-18,0.09577,REBALANCE_EXIT,59290da5a40ffb269c127d24677fbe2c4627c6b823ecdd481a0af2f937b95d2c,2026-09-18,0.10092,,SHORT,-0.04520932575773577,35445869089,d962105ad75fc522b79d8f0a8de5fbcd5efc497d0ed53711020d8818dd467a50,,,Delta_LS_70_30_StopVol,OP,,,
2026-09-18,0.7132,REBALANCE_EXIT,acb545a2dd229f4100069b337aa6a93f6e0e441547de169928ba2a9c05c9e423,2026-09-18,0.7409,,SHORT,-0.050115083183231816,35445869089,d962105ad75fc522b79d8f0a8de5fbcd5efc497d0ed53711020d8818dd467a50,,,Delta_LS_70_30_StopVol,SUI,,,
2026-09-18,0.14944,TAKE_PROFIT_INTRADAY,cab372dd0835f9fd988ff1bd3f6572345c571a8ebdf3682d2d595a28f3845e4e,2026-09-18,0.2266494200057008,,LONG,0.05270306354837585,35445869089,d962105ad75fc522b79d8f0a8de5fbcd5efc497d0ed53711020d8818dd467a50,0.15589451171670554,,Delta_LS_70_30_StopVol,ARB,0.2266494200057008,,
2026-09-18,0.2025,STOP_INTRADAY,d20300c8b46184353e5ec000143778a9b00ea4ae05057f2bdaecbb9344e51c24,2026-09-18,0.216762702615604,,SHORT,-0.0511123326095605,35445869089,d962105ad75fc522b79d8f0a8de5fbcd5efc497d0ed53711020d8818dd467a50,0.216762702615604,,Delta_LS_70_30_StopVol,ADA,0.1549576579479867,,
2026-09-18,0.2025,ENTRY,b722632707110c110672d0a363267e0f0dddfb8df264cf1cb22de1fb1fca944a,2026-09-18,0.2025,,SHORT,-0.1,35445869089,d962105ad75fc522b79d8f0a8de5fbcd5efc497d0ed53711020d8818dd467a50,,0.11738849889386005,Delta_LS_50_50,ADA,,0.2347769977877201,0.07043309933631603
2026-09-18,1.0786,ENTRY,44bd02c6b828faec07c0a93d1214b32f75132342c651a9e6d89f783f5e5451d7,2026-09-18,1.0786,,LONG,0.1,35445869089,d962105ad75fc522b79d8f0a8de5fbcd5efc497d0ed53711020d8818dd467a50,,0.14245913915484587,Delta_LS_50_50,DOT,,0.28491827830969174,0.08547548349290751
2026-09-18,2417.38,REBALANCE_EXIT,c9a9896cca3c4beb65fb03a2307a6d6e77cb537e487da58af7c61bc38755c31d,2026-09-18,2446.27,,LONG,0.1,35445869089,d962105ad75fc522b79d8f0a8de5fbcd5efc497d0ed53711020d8818dd467a50,,,Delta_LS_50_50,ETH,,,
2026-09-18,3.145,ENTRY,f46945c477c21c2e66c6ba8d9e6d9ae9739102e578dd33d4101edbf27a4a59d1,2026-09-18,3.145,,LONG,0.1,35445869089,d962105ad75fc522b79d8f0a8de5fbcd5efc497d0ed53711020d8818dd467a50,,0.16242685012897526,Delta_LS_50_50,NEAR,,0.3248537002579505,0.09745611007738517
2026-09-18,0.09577,REBALANCE_EXIT,1675dbb1227607fc04ac58e137a266f1bd36ce247bb356794e3f4698f4739c39,2026-09-18,0.10092,,SHORT,-0.1,35445869089,d962105ad75fc522b79d8f0a8de5fbcd5efc497d0ed53711020d8818dd467a50,,,Delta_LS_50_50,OP,,,
2026-09-18,0.7132,REBALANCE_EXIT,04ab08f187f0fbd190b7c9afee2c9dc225f80f0a99ae5eb6db5eeb43bdb3279e,2026-09-18,0.7409,,SHORT,-0.1,35445869089,d962105ad75fc522b79d8f0a8de5fbcd5efc497d0ed53711020d8818dd467a50,,,Delta_LS_50_50,SUI,,,
2026-09-18,0.14944,TAKE_PROFIT_INTRADAY,5a470e6b4ca1914e5ed70aa2a0bef1a12ed11d97bb71fcf62d249c951e846400,2026-09-18,0.2266494200057008,,LONG,0.1,35445869089,d962105ad75fc522b79d8f0a8de5fbcd5efc497d0ed53711020d8818dd467a50,0.15589451171670554,,Delta_LS_50_50,ARB,0.2266494200057008,,
2026-09-18,0.2025,STOP_INTRADAY,3176322c14faafed1cf9bd419feba14dd8b1ab62b2b2b12c380e499128fe608e,2026-09-18,0.216762702615604,,SHORT,-0.1,35445869089,d962105ad75fc522b79d8f0a8de5fbcd5efc497d0ed53711020d8818dd467a50,0.216762702615604,,Delta_LS_50_50,ADA,0.1549576579479867,,
2026-09-18,0.2025,ENTRY,ab32eb2ea229fbe622e1a008cd49de23bf4e13f1a2c55ba37c06b4166956be2a,2026-09-18,0.2025,,SHORT,-0.08518722101593418,35445869089,d962105ad75fc522b79d8f0a8de5fbcd5efc497d0ed53711020d8818dd467a50,,0.11738849889386005,Delta_LS_50_50_StopVol,ADA,,0.2347769977877201,0.07043309933631603
2026-09-18,1.0786,ENTRY,ced6aede3fbab03f01e8549dc4878f4bb96e4c61bab2d289077d4685439169f5,2026-09-18,1.0786,,LONG,0.07019556666793071,35445869089,d962105ad75fc522b79d8f0a8de5fbcd5efc497d0ed53711020d8818dd467a50,,0.14245913915484587,Delta_LS_50_50_StopVol,DOT,,0.28491827830969174,0.08547548349290751
2026-09-18,2417.38,REBALANCE_EXIT,aefb9824fe327389c6639672626c26f4c9fc7c30499193ea3fa34c4061610034,2026-09-18,2446.27,,LONG,0.09832041568676617,35445869089,d962105ad75fc522b79d8f0a8de5fbcd5efc497d0ed53711020d8818dd467a50,,,Delta_LS_50_50_StopVol,ETH,,,
2026-09-18,3.145,ENTRY,8ae64b9a7280d0a90bacc74d65012df29ab9005e9e6291aae6a0f6ed0868cbc3,2026-09-18,3.145,,LONG,0.06156617574039937,35445869089,d962105ad75fc522b79d8f0a8de5fbcd5efc497d0ed53711020d8818dd467a50,,0.16242685012897526,Delta_LS_50_50_StopVol,NEAR,,0.3248537002579505,0.09745611007738517
2026-09-18,0.09577,REBALANCE_EXIT,b4db4442ccb5875e5707768f5cef31d0551c1aa3fb39aa43a6a5d1cb1c18f9db,2026-09-18,0.10092,,SHORT,-0.07534887626289295,35445869089,d962105ad75fc522b79d8f0a8de5fbcd5efc497d0ed53711020d8818dd467a50,,,Delta_LS_50_50_StopVol,OP,,,
2026-09-18,0.7132,REBALANCE_EXIT,65051539a9e53a8023fae69e7bc80700bf4df7205754af197dd03bf5d758cc23,2026-09-18,0.7409,,SHORT,-0.0835251386387197,35445869089,d962105ad75fc522b79d8f0a8de5fbcd5efc497d0ed53711020d8818dd467a50,,,Delta_LS_50_50_StopVol,SUI,,,
2026-09-18,0.14944,TAKE_PROFIT_INTRADAY,7787514405669a7eafa0ad1119634be8dc692f6d0ed750ee6c3e581e92b028d8,2026-09-18,0.2266494200057008,,LONG,0.037645045391697045,35445869089,d962105ad75fc522b79d8f0a8de5fbcd5efc497d0ed53711020d8818dd467a50,0.15589451171670554,,Delta_LS_50_50_StopVol,ARB,0.2266494200057008,,
2026-09-18,0.2025,STOP_INTRADAY,420d5d9cf92624f88d4037a47cb2dd055fa8dba16ca1d91197b9e096326d34dc,2026-09-18,0.216762702615604,,SHORT,-0.08518722101593418,35445869089,d962105ad75fc522b79d8f0a8de5fbcd5efc497d0ed53711020d8818dd467a50,0.216762702615604,,Delta_LS_50_50_StopVol,ADA,0.1549576579479867,,
2026-09-19,0.08745,ENTRY,a5d374fe0ce387320b78163854a7deef451d055ba0baf6e919f7a48e7934d5e1,2026-09-19,0.08745,,SHORT,-0.06,35669466550,ab577b6a8faf085dc9267f11ad196edb0d1f22c3af2dd37a47c154e4877ebba4,,0.10749848483571307,Delta_LS_70_30,DOGE,,0.21499696967142615,0.06449909090142784
2026-09-19,0.9427,ENTRY,f4417b6280f76b6059c781e6abe77ed8e10bf5dc3a97c5b3d0fa35d2a3fd7e29,2026-09-19,0.9427,,LONG,0.13999999999999999,35669466550,ab577b6a8faf085dc9267f11ad196edb0d1f22c3af2dd37a47c154e4877ebba4,,0.16254952685441695,Delta_LS_70_30,FIL,,0.3250990537088339,0.09752971611265018
2026-09-19,1.3963,ENTRY,896355533f8d0ea108032b41243a809d156b53bc5a75da3a4b8a7beb05f59603,2026-09-19,1.3963,,SHORT,-0.06,35669466550,ab577b6a8faf085dc9267f11ad196edb0d1f22c3af2dd37a47c154e4877ebba4,,0.13005566123676132,Delta_LS_70_30,XRP,,0.26011132247352264,0.0780333967420568
2026-09-19,3.145,STOP_INTRADAY,81981777cfa4df82f656e8caaaf78e9b2e16b82dbef78427c554dc460d96996c,2026-09-19,3.463060905633073,,LONG,0.13999999999999999,35669466550,ab577b6a8faf085dc9267f11ad196edb0d1f22c3af2dd37a47c154e4877ebba4,3.463060905633073,,Delta_LS_70_30,NEAR,4.166664887311255,,
2026-09-19,0.08745,ENTRY,73913b403d66cfee818d9b12cbd7eecb5f025bc675e097654ded8cb364cea992,2026-09-19,0.08745,,SHORT,-0.05581474017210226,35669466550,ab577b6a8faf085dc9267f11ad196edb0d1f22c3af2dd37a47c154e4877ebba4,,0.10749848483571307,Delta_LS_70_30_StopVol,DOGE,,0.21499696967142615,0.06449909090142784
2026-09-19,0.9427,ENTRY,11db03735ffa2b4bdec767718e86a34cabbe7f4f7d16e81de9f4d1816a343461,2026-09-19,0.9427,,LONG,0.08612759612975505,35669466550,ab577b6a8faf085dc9267f11ad196edb0d1f22c3af2dd37a47c154e4877ebba4,,0.16254952685441695,Delta_LS_70_30_StopVol,FIL,,0.3250990537088339,0.09752971611265018
2026-09-19,1.3963,ENTRY,476b36505bf51a8c3de0b2653919f0fadbd2e825efd53d47e048da7dcb220f54,2026-09-19,1.3963,,SHORT,-0.046134093225493895,35669466550,ab577b6a8faf085dc9267f11ad196edb0d1f22c3af2dd37a47c154e4877ebba4,,0.13005566123676132,Delta_LS_70_30_StopVol,XRP,,0.26011132247352264,0.0780333967420568
2026-09-19,3.145,STOP_INTRADAY,8a789104e9fa3297aa7b6aea391fa0bc90f60ba05a1f7dc5e11667775dd359b0,2026-09-19,3.463060905633073,,LONG,0.07872140126195278,35669466550,ab577b6a8faf085dc9267f11ad196edb0d1f22c3af2dd37a47c154e4877ebba4,3.463060905633073,,Delta_LS_70_30_StopVol,NEAR,4.166664887311255,,
2026-09-19,0.08745,ENTRY,8e9baf1b5883633807f28190e1cae2387c3b6ffff359052c73f5e8abbaae9c64,2026-09-19,0.08745,,SHORT,-0.1,35669466550,ab577b6a8faf085dc9267f11ad196edb0d1f22c3af2dd37a47c154e4877ebba4,,0.10749848483571307,Delta_LS_50_50,DOGE,,0.21499696967142615,0.06449909090142784
2026-09-19,0.9427,ENTRY,ececb0cd0dfd203da66872cad2642be4929cb27c12de7f41de305416305be917,2026-09-19,0.9427,,LONG,0.1,35669466550,ab577b6a8faf085dc9267f11ad196edb0d1f22c3af2dd37a47c154e4877ebba4,,0.16254952685441695,Delta_LS_50_50,FIL,,0.3250990537088339,0.09752971611265018
2026-09-19,1.3963,ENTRY,e241720bc46396802695c5eab4e13283bec526c4b4f555ad555d17933fbc4a57,2026-09-19,1.3963,,SHORT,-0.1,35669466550,ab577b6a8faf085dc9267f11ad196edb0d1f22c3af2dd37a47c154e4877ebba4,,0.13005566123676132,Delta_LS_50_50,XRP,,0.26011132247352264,0.0780333967420568
2026-09-19,3.145,STOP_INTRADAY,aeb7f886c1dc571fe16d03696f930249d84e50bdb03951781ab5779bb46b6dbe,2026-09-19,3.463060905633073,,LONG,0.1,35669466550,ab577b6a8faf085dc9267f11ad196edb0d1f22c3af2dd37a47c154e4877ebba4,3.463060905633073,,Delta_LS_50_50,NEAR,4.166664887311255,,
2026-09-19,0.08745,ENTRY,d7b1de51c764bb94c8b2405057c5e06d43d54e7b89a179ce3d0a8b2517ab6fb6,2026-09-19,0.08745,,SHORT,-0.09302456695350377,35669466550,ab577b6a8faf085dc9267f11ad196edb0d1f22c3af2dd37a47c154e4877ebba4,,0.10749848483571307,Delta_LS_50_50_StopVol,DOGE,,0.21499696967142615,0.06449909090142784
2026-09-19,0.9427,ENTRY,9c3e188201d54825de0de5ad9ac2ccf7ff620ad4b74bb03a6cf7fff26a563ae7,2026-09-19,0.9427,,LONG,0.06151971152125362,35669466550,ab577b6a8faf085dc9267f11ad196edb0d1f22c3af2dd37a47c154e4877ebba4,,0.16254952685441695,Delta_LS_50_50_StopVol,FIL,,0.3250990537088339,0.09752971611265018
2026-09-19,1.3963,ENTRY,8283250548cb61723106e0d6835ba33991abafb672b85704cb70acee743e2279,2026-09-19,1.3963,,SHORT,-0.07689015537582317,35669466550,ab577b6a8faf085dc9267f11ad196edb0d1f22c3af2dd37a47c154e4877ebba4,,0.13005566123676132,Delta_LS_50_50_StopVol,XRP,,0.26011132247352264,0.0780333967420568
2026-09-19,3.145,STOP_INTRADAY,e721badee3c60524bc23cac73300dcf480d916521cfd598aceff1cfa24ff870b,2026-09-19,3.463060905633073,,LONG,0.056229572329966275,35669466550,ab577b6a8faf085dc9267f11ad196edb0d1f22c3af2dd37a47c154e4877ebba4,3.463060905633073,,Delta_LS_50_50_StopVol,NEAR,4.166664887311255,,
2026-09-20,0.9427,STOP_GAP,74192612029013eab2338e5e6d779719498f1bee72d3f0ed51bdbc35b4a9aa4c,2026-09-20,0.9613,,LONG,0.13999999999999999,35670077532,4f03c35bec293149c11c6cf4215db14e50a85ab91d827a238d524f39b9c48293,1.0233110548998658,,Delta_LS_70_30,FIL,1.2491708779313178,,
2026-09-20,254.8,ENTRY,507b6b612580db38898bdf31ddc1d83533354ec60fb240cb39f8f9779221a92c,2026-09-20,254.8,,SHORT,-0.06,35670077532,4f03c35bec293149c11c6cf4215db14e50a85ab91d827a238d524f39b9c48293,,0.1653547861621656,Delta_LS_70_30,BCH,,0.3307095723243312,0.09921287169729937
2026-09-20,12.416,ENTRY,59fc28510c8f0b69f829dc819899ee2417bfe91fd779ce755a13e1ee55d76c7f,2026-09-20,12.416,,SHORT,-0.06,35670077532,4f03c35bec293149c11c6cf4215db14e50a85ab91d827a238d524f39b9c48293,,0.10642453528683049,Delta_LS_70_30,LINK,,0.21284907057366098,0.06385472117209828
2026-09-20,0.3397,ENTRY,3d28d2185b6583c39d8af2e206315913b612107a507b03e51c1204398304d483,2026-09-20,0.3397,,SHORT,-0.06,35670077532,4f03c35bec293149c11c6cf4215db14e50a85ab91d827a238d524f39b9c48293,,0.06,Delta_LS_70_30,TRX,,0.12,0.04
2026-09-20,1.0786,STOP_INTRADAY,1c6ab0536e8e39a74445b5f694565c4270a8a8947d33916edd66bef3298f2603,2026-09-20,1.071365471088059,,LONG,0.13999999999999999,35670077532,4f03c35bec293149c11c6cf4215db14e50a85ab91d827a238d524f39b9c48293,1.071365471088059,,Delta_LS_70_30,DOT,1.3859128549848334,,
2026-09-20,0.9427,STOP_GAP,6ee01118ca8dea2a40d5511c5db629b71470543834fb4df51a22c909ff341b3c,2026-09-20,0.9613,,LONG,0.08612759612975505,35670077532,4f03c35bec293149c11c6cf4215db14e50a85ab91d827a238d524f39b9c48293,1.0233110548998658,,Delta_LS_70_30_StopVol,FIL,1.2491708779313178,,
2026-09-20,254.8,ENTRY,1b509beb5980ee8b8a0cb576dc2b431654c415b00f8e498912f550010ce520bf,2026-09-20,254.8,,SHORT,-0.03628561434028115,35670077532,4f03c35bec293149c11c6cf4215db14e50a85ab91d827a238d524f39b9c48293,,0.1653547861621656,Delta_LS_70_30_StopVol,BCH,,0.3307095723243312,0.09921287169729937
2026-09-20,12.416,ENTRY,0677c487b17f290e8c04fd418f3d51dfb7ffd57d412da45a9f6ccf8ed4164c90,2026-09-20,12.416,,SHORT,-0.05637797697522547,35670077532,4f03c35bec293149c11c6cf4215db14e50a85ab91d827a238d524f39b9c48293,,0.10642453528683049,Delta_LS_70_30_StopVol,LINK,,0.21284907057366098,0.06385472117209828
2026-09-20,0.3397,ENTRY,cadd811a1b92dba50fc97633c72ad8b2dabf4b1de3f9d7c594c1126dc5413cac,2026-09-20,0.3397,,SHORT,-0.06,35670077532,4f03c35bec293149c11c6cf4215db14e50a85ab91d827a238d524f39b9c48293,,0.06,Delta_LS_70_30_StopVol,TRX,,0.12,0.04
2026-09-20,1.0786,STOP_INTRADAY,8238a272e46eb135071b7157c0d05c4f79746bce0c325dba513d2f9246062184,2026-09-20,1.071365471088059,,LONG,0.10011768292543255,35670077532,4f03c35bec293149c11c6cf4215db14e50a85ab91d827a238d524f39b9c48293,1.071365471088059,,Delta_LS_70_30_StopVol,DOT,1.3859128549848334,,
2026-09-20,0.9427,STOP_GAP,769453096f44f3fa46b10bbb053932363e9c5d237a45aa6797aaf92e06a47740,2026-09-20,0.9613,,LONG,0.1,35670077532,4f03c35bec293149c11c6cf4215db14e50a85ab91d827a238d524f39b9c48293,1.0233110548998658,,Delta_LS_50_50,FIL,1.2491708779313178,,
2026-09-20,254.8,ENTRY,8c7eeb893e6b57db38edf5950f50e2088773eda8eb0535569101c746d213f186,2026-09-20,254.8,,SHORT,-0.1,35670077532,4f03c35bec293149c11c6cf4215db14e50a85ab91d827a238d524f39b9c48293,,0.1653547861621656,Delta_LS_50_50,BCH,,0.3307095723243312,0.09921287169729937
2026-09-20,12.416,ENTRY,8d44657b6e22bce53e62cdf7940abcd44bac576e16ee5d698f7435555e7191fe,2026-09-20,12.416,,SHORT,-0.1,35670077532,4f03c35bec293149c11c6cf4215db14e50a85ab91d827a238d524f39b9c48293,,0.10642453528683049,Delta_LS_50_50,LINK,,0.21284907057366098,0.06385472117209828
2026-09-20,0.3397,ENTRY,5b806997a796887aca4e94de9f07b0f7f178b31415d1b89142c3165d8282beca,2026-09-20,0.3397,,SHORT,-0.1,35670077532,4f03c35bec293149c11c6cf4215db14e50a85ab91d827a238d524f39b9c48293,,0.06,Delta_LS_50_50,TRX,,0.12,0.04
2026-09-20,1.0786,STOP_INTRADAY,b8430f585f1dd5c6a58d55f27418a45122776a22062b4a09eba864e659ea6e2d,2026-09-20,1.071365471088059,,LONG,0.1,35670077532,4f03c35bec293149c11c6cf4215db14e50a85ab91d827a238d524f39b9c48293,1.071365471088059,,Delta_LS_50_50,DOT,1.3859128549848334,,
2026-09-20,0.9427,STOP_GAP,2e10c346a89ca3239d8e1408724573fca66056baa08984de51813538450a5165,2026-09-20,0.9613,,LONG,0.06151971152125362,35670077532,4f03c35bec293149c11c6cf4215db14e50a85ab91d827a238d524f39b9c48293,1.0233110548998658,,Delta_LS_50_50_StopVol,FIL,1.2491708779313178,,
2026-09-20,254.8,ENTRY,ff9bbe1a88fb41ee41890f1621779e45e2bc7c5b4a1e187571a1fee9dbb05c67,2026-09-20,254.8,,SHORT,-0.06047602390046859,35670077532,4f03c35bec293149c11c6cf4215db14e50a85ab91d827a238d524f39b9c48293,,0.1653547861621656,Delta_LS_50_50_StopVol,BCH,,0.3307095723243312,0.09921287169729937
2026-09-20,12.416,ENTRY,5867aac29694b4c022a57280d89824e7e523c90f06645e5e85ab17e90795cdae,2026-09-20,12.416,,SHORT,-0.09396329495870913,35670077532,4f03c35bec293149c11c6cf4215db14e50a85ab91d827a238d524f39b9c48293,,0.10642453528683049,Delta_LS_50_50_StopVol,LINK,,0.21284907057366098,0.06385472117209828
2026-09-20,0.3397,ENTRY,96b285413ffeb67e082fd64dc24626130ee1c47ff5315d3254c3e8caaa085fa6,2026-09-20,0.3397,,SHORT,-0.1,35670077532,4f03c35bec293149c11c6cf4215db14e50a85ab91d827a238d524f39b9c48293,,0.06,Delta_LS_50_50_StopVol,TRX,,0.12,0.04
2026-09-20,1.0786,STOP_INTRADAY,2b09ede3ba65d1b819609f4fba1316bd2692de81219cc2abc784285ff333426c,2026-09-20,1.071365471088059,,LONG,0.07151263066102326,35670077532,4f03c35bec293149c11c6cf4215db14e50a85ab91d827a238d524f39b9c48293,1.071365471088059,,Delta_LS_50_50_StopVol,DOT,1.3859128549848334,,
2026-09-21,0.21764,ENTRY,d6cf3c8a9629b2489add55d7301bd3d61bdc3398593b490d411e9085b9becb68,2026-09-21,0.21764,,LONG,0.13999999999999999,35670707670,838be6adfdb1d433f17a82c4ffb759db57b3bd77469c15315daf4f0d1864a87f,,0.277617276217687,Delta_LS_70_30,ARB,,0.555234552435374,0.1665703657306122
2026-09-21,11.309,ENTRY,38d2be0138184e0002f87c87c0c7513ca5141986f0197218459ec2d0175be138,2026-09-21,11.309,,LONG,0.13999999999999999,35670707670,838be6adfdb1d433f17a82c4ffb759db57b3bd77469c15315daf4f0d1864a87f,,0.13654220881560497,Delta_LS_70_30,AVAX,,0.27308441763120994,0.08192532528936299
2026-09-21,0.08745,STOP_INTRADAY,49d62c02856186d78d00f312f31a292dc49a61385c23f4d7f50979d5589dee01,2026-09-21,0.08970533839026332,,SHORT,-0.06,35670707670,838be6adfdb1d433f17a82c4ffb759db57b3bd77469c15315daf4f0d1864a87f,0.08970533839026332,,Delta_LS_70_30,DOGE,0.06864851500223379,,
2026-09-21,1.3963,STOP_INTRADAY,092b31eb10cc46a47b3ef83e6ee491cff0fec765fd7afc4bea14605d9a73ab7b,2026-09-21,1.47388726002574,,SHORT,-0.06,35670707670,838be6adfdb1d433f17a82c4ffb759db57b3bd77469c15315daf4f0d1864a87f,1.47388726002574,,Delta_LS_70_30,XRP,1.0331065604302203,,
2026-09-21,254.8,STOP_INTRADAY,bf30eddc75ecb2936073616d72a3588c2842c9e945691484bcae363e1754e396,2026-09-21,266.2293575250859,,SHORT,-0.06,35670707670,838be6adfdb1d433f17a82c4ffb759db57b3bd77469c15315daf4f0d1864a87f,266.2293575250859,,Delta_LS_70_30,BCH,170.53520097176042,,
2026-09-21,12.416,STOP_INTRADAY,1d3a4cc5d1d0f5805e0474dc08bd8ffb2c7755353ee40d6bbe04a46b9df73f3b,2026-09-21,12.673701293323207,,SHORT,-0.06,35670707670,838be6adfdb1d433f17a82c4ffb759db57b3bd77469c15315daf4f0d1864a87f,12.673701293323207,,Delta_LS_70_30,LINK,9.773265939757426,,
2026-09-21,0.21764,ENTRY,09e1d734c550f7e3e1156eb5ea03b302a5cb0658d7eef927fb1973bcf07711ec,2026-09-21,0.21764,,LONG,0.05042913823930118,35670707670,838be6adfdb1d433f17a82c4ffb759db57b3bd77469c15315daf4f0d1864a87f,,0.277617276217687,Delta_LS_70_30_StopVol,ARB,,0.555234552435374,0.1665703657306122
2026-09-21,11.309,ENTRY,dba4f3030ed738695de4bbd4caedad6ab41271bd95f7ac2bae3ce737b7d30f06,2026-09-21,11.309,,LONG,0.10253239728168204,35670707670,838be6adfdb1d433f17a82c4ffb759db57b3bd77469c15315daf4f0d1864a87f,,0.13654220881560497,Delta_LS_70_30_StopVol,AVAX,,0.27308441763120994,0.08192532528936299
2026-09-21,0.08745,STOP_INTRADAY,09d37652c5010b0b162140e18badb7661c3f85f9e5a57e2af5bfe656d659556c,2026-09-21,0.08970533839026332,,SHORT,-0.06,35670707670,838be6adfdb1d433f17a82c4ffb759db57b3bd77469c15315daf4f0d1864a87f,0.08970533839026332,,Delta_LS_70_30_StopVol,DOGE,0.06864851500223379,,
2026-09-21,1.3963,STOP_INTRADAY,4acf6cf287a890c183e6ed9534f09016e50a4e839e66abc1656bcdaa91f55cfd,2026-09-21,1.47388726002574,,SHORT,-0.06,35670707670,838be6adfdb1d433f17a82c4ffb759db57b3bd77469c15315daf4f0d1864a87f,1.47388726002574,,Delta_LS_70_30_StopVol,XRP,1.0331065604302203,,
2026-09-21,254.8,STOP_INTRADAY,7d3073c87f63f10ecb7cb2abfbe38ed6a3b52f42fb2491e20841d139292b38db,2026-09-21,266.2293575250859,,SHORT,-0.06,35670707670,838be6adfdb1d433f17a82c4ffb759db57b3bd77469c15315daf4f0d1864a87f,266.2293575250859,,Delta_LS_70_30_StopVol,BCH,170.53520097176042,,
2026-09-21,12.416,STOP_INTRADAY,e3005ac10d872a03922bd37368c5825e9c7b85e152b66e90f41ab72a7277c025,2026-09-21,12.673701293323207,,SHORT,-0.06,35670707670,838be6adfdb1d433f17a82c4ffb759db57b3bd77469c15315daf4f0d1864a87f,12.673701293323207,,Delta_LS_70_30_StopVol,LINK,9.773265939757426,,
2026-09-21,0.21764,ENTRY,5ab9007e75ecf21218a4f1bf80559cb5fd2128e8f94b4a010622fa9b108a166b,2026-09-21,0.21764,,LONG,0.1,35670707670,838be6adfdb1d433f17a82c4ffb759db57b3bd77469c15315daf4f0d1864a87f,,0.277617276217687,Delta_LS_50_50,ARB,,0.555234552435374,0.1665703657306122
2026-09-21,11.309,ENTRY,fcdc4de750b817191f3242d65bb1edb8b211ee3b4ec450ce8aa0a7e3788957a6,2026-09-21,11.309,,LONG,0.1,35670707670,838be6adfdb1d433f17a82c4ffb759db57b3bd77469c15315daf4f0d1864a87f,,0.13654220881560497,Delta_LS_50_50,AVAX,,0.27308441763120994,0.08192532528936299
2026-09-21,0.08745,STOP_INTRADAY,23ff5c3b96a95ca573b718227cbdb86303933369515b344693802054daf484d2,2026-09-21,0.08970533839026332,,SHORT,-0.1,35670707670,838be6adfdb1d433f17a82c4ffb759db57b3bd77469c15315daf4f0d1864a87f,0.08970533839026332,,Delta_LS_50_50,DOGE,0.06864851500223379,,
2026-09-21,1.3963,STOP_INTRADAY,41e76b9a596e5080a2718d25edb24ceeb8b5ac9ee4bdd3d1faf36f1991c40075,2026-09-21,1.47388726002574,,SHORT,-0.1,35670707670,838be6adfdb1d433f17a82c4ffb759db57b3bd77469c15315daf4f0d1864a87f,1.47388726002574,,Delta_LS_50_50,XRP,1.0331065604302203,,
2026-09-21,254.8,STOP_INTRADAY,2dd6fabeef88edf41c167ed0462a49ff3e65647449369bdc48140e00a7e79f81,2026-09-21,266.2293575250859,,SHORT,-0.1,35670707670,838be6adfdb1d433f17a82c4ffb759db57b3bd77469c15315daf4f0d1864a87f,266.2293575250859,,Delta_LS_50_50,BCH,170.53520097176042,,
2026-09-21,12.416,STOP_INTRADAY,5487e10e3925f0b004e9134e072c8c838e0e04390e8f534619c1297eabf4d859,2026-09-21,12.673701293323207,,SHORT,-0.1,35670707670,838be6adfdb1d433f17a82c4ffb759db57b3bd77469c15315daf4f0d1864a87f,12.673701293323207,,Delta_LS_50_50,LINK,9.773265939757426,,
2026-09-21,0.21764,ENTRY,84981ee5da0a7d6fbc0e854d62dedfe152a1bb964ef28237157db9dfcf3fc863,2026-09-21,0.21764,,LONG,0.03602081302807227,35670707670,838be6adfdb1d433f17a82c4ffb759db57b3bd77469c15315daf4f0d1864a87f,,0.277617276217687,Delta_LS_50_50_StopVol,ARB,,0.555234552435374,0.1665703657306122
2026-09-21,11.309,ENTRY,bb8aca2b57ddb9ec5f2d12fdf8c322b1e44942f8498609d473881433aca6fb7d,2026-09-21,11.309,,LONG,0.0732374266297729,35670707670,838be6adfdb1d433f17a82c4ffb759db57b3bd77469c15315daf4f0d1864a87f,,0.13654220881560497,Delta_LS_50_50_StopVol,AVAX,,0.27308441763120994,0.08192532528936299
2026-09-21,0.08745,STOP_INTRADAY,4dca543dc6e799afd063ac9a266ce84e74e8a317bdd885014bfcf219db407d95,2026-09-21,0.08970533839026332,,SHORT,-0.1,35670707670,838be6adfdb1d433f17a82c4ffb759db57b3bd77469c15315daf4f0d1864a87f,0.08970533839026332,,Delta_LS_50_50_StopVol,DOGE,0.06864851500223379,,
2026-09-21,1.3963,STOP_INTRADAY,78a9b6c6ef51f259288bae6de846f116cf472b47e2a2a68aae740ccad0007255,2026-09-21,1.47388726002574,,SHORT,-0.1,35670707670,838be6adfdb1d433f17a82c4ffb759db57b3bd77469c15315daf4f0d1864a87f,1.47388726002574,,Delta_LS_50_50_StopVol,XRP,1.0331065604302203,,
2026-09-21,254.8,STOP_INTRADAY,e3af3593c9e9fc8260903d8671b086ef7b0d2fb9915b7809b3fbe7501dfb06a3,2026-09-21,266.2293575250859,,SHORT,-0.1,35670707670,838be6adfdb1d433f17a82c4ffb759db57b3bd77469c15315daf4f0d1864a87f,266.2293575250859,,Delta_LS_50_50_StopVol,BCH,170.53520097176042,,
2026-09-21,12.416,STOP_INTRADAY,6f276e53c99e2970f62cf38bdd8d9c811c71c2eaf1c5d6455b70cd5bdb808c31,2026-09-21,12.673701293323207,,SHORT,-0.1,35670707670,838be6adfdb1d433f17a82c4ffb759db57b3bd77469c15315daf4f0d1864a87f,12.673701293323207,,Delta_LS_50_50_StopVol,LINK,9.773265939757426,,
2026-09-22,0.7943,ENTRY,95118a2bc1f5b205cb0120d8b7eef28b736de3234ab90e7dcf33b778b7dd0326,2026-09-22,0.7943,,LONG,0.13999999999999999,35819477842,608aac2f37c91d2a343636f1984dc97912be74ae47801e7ab2f68a59c945b5f3,,0.14649122634621636,Delta_LS_70_30,APT,,0.2929824526924327,0.08789473580772982
2026-09-22,4.266,ENTRY,6b3cefa850df6a2b4de002c2763f084d001f4dd61a2e5c1d68b4621e1594d35a,2026-09-22,4.266,,LONG,0.13999999999999999,35819477842,608aac2f37c91d2a343636f1984dc97912be74ae47801e7ab2f68a59c945b5f3,,0.184176691898786,Delta_LS_70_30,NEAR,,0.368353383797572,0.11050601513927161
2026-09-22,11.309,STOP_INTRADAY,4071c430a619d42c09af086140c2f42ab01008722ebca6d98a01a88c34fe0745,2026-09-22,10.829608862886673,,LONG,0.13999999999999999,35819477842,608aac2f37c91d2a343636f1984dc97912be74ae47801e7ab2f68a59c945b5f3,10.829608862886673,,Delta_LS_70_30,AVAX,14.397311678991352,,
2026-09-22,0.7943,ENTRY,71692175f4f92bc68cf3825a113b7a5eed9042f45aeb8c4deceb51fd620c9414,2026-09-22,0.7943,,LONG,0.0955688634001363,35819477842,608aac2f37c91d2a343636f1984dc97912be74ae47801e7ab2f68a59c945b5f3,,0.14649122634621636,Delta_LS_70_30_StopVol,APT,,0.2929824526924327,0.08789473580772982
2026-09-22,4.266,ENTRY,75548d7862c61664dd2dd8da88af2fcc2ae4be972a457966488b68bb8546e181,2026-09-22,4.266,,LONG,0.07601396167813501,35819477842,608aac2f37c91d2a343636f1984dc97912be74ae47801e7ab2f68a59c945b5f3,,0.184176691898786,Delta_LS_70_30_StopVol,NEAR,,0.368353383797572,0.11050601513927161
2026-09-22,11.309,STOP_INTRADAY,7b6981f411b79a9beb822fa535198dbd93ccb3396071e41829ffd2c6d661b447,2026-09-22,10.829608862886673,,LONG,0.10434008816558998,35819477842,608aac2f37c91d2a343636f1984dc97912be74ae47801e7ab2f68a59c945b5f3,10.829608862886673,,Delta_LS_70_30_StopVol,AVAX,14.397311678991352,,
2026-09-22,0.7943,ENTRY,d31eb31eb6bbfe8a6618b27f7f53684df46fb602b4fbce22da98ad52ffaf884d,2026-09-22,0.7943,,LONG,0.1,35819477842,608aac2f37c91d2a343636f1984dc97912be74ae47801e7ab2f68a59c945b5f3,,0.14649122634621636,Delta_LS_50_50,APT,,0.2929824526924327,0.08789473580772982
2026-09-22,4.266,ENTRY,9a736a49ca29d5723a3b5e8671d08628da637894ffb7dc62b0ec848d3b96c8f2,2026-09-22,4.266,,LONG,0.1,35819477842,608aac2f37c91d2a343636f1984dc97912be74ae47801e7ab2f68a59c945b5f3,,0.184176691898786,Delta_LS_50_50,NEAR,,0.368353383797572,0.11050601513927161
2026-09-22,11.309,STOP_INTRADAY,ca82225c4e8731eff63a301f0f8e6cce747144ed4c21fef23efe2c05cc12bd00,2026-09-22,10.829608862886673,,LONG,0.1,35819477842,608aac2f37c91d2a343636f1984dc97912be74ae47801e7ab2f68a59c945b5f3,10.829608862886673,,Delta_LS_50_50,AVAX,14.397311678991352,,
2026-09-22,0.7943,ENTRY,3ccb71c88d15beb75367b5f2ef4089ff791de60df703bad4596f5f63da6972fd,2026-09-22,0.7943,,LONG,0.06826347385724023,35819477842,608aac2f37c91d2a343636f1984dc97912be74ae47801e7ab2f68a59c945b5f3,,0.14649122634621636,Delta_LS_50_50_StopVol,APT,,0.2929824526924327,0.08789473580772982
2026-09-22,4.266,ENTRY,9d3793c302fc70766fbb807171cf52298d0df8375670d85bae56f96cd274f2e0,2026-09-22,4.266,,LONG,0.05429568691295359,35819477842,608aac2f37c91d2a343636f1984dc97912be74ae47801e7ab2f68a59c945b5f3,,0.184176691898786,Delta_LS_50_50_StopVol,NEAR,,0.368353383797572,0.11050601513927161
2026-09-22,11.309,STOP_INTRADAY,3103f6b5ea89a9a9f16910913a1689d53336fdaeee87d885fe9d8ed2e2799ede,2026-09-22,10.829608862886673,,LONG,0.07452863440399286,35819477842,608aac2f37c91d2a343636f1984dc97912be74ae47801e7ab2f68a59c945b5f3,10.829608862886673,,Delta_LS_50_50_StopVol,AVAX,14.397311678991352,,
2026-09-23,147.95,ENTRY,a051ba5372fd7083ecd999eef5d4690ffe832f1844c892ecdc13b02993722647,2026-09-23,147.95,,SHORT,-0.06,35957180613,1448a5f7465738b7e9f4fd0c441f443c9d3949a4f1ecb78f162671b769301c1d,,0.09553626165012544,Delta_LS_70_30,AAVE,,0.19107252330025087,0.057321756990075266
2026-09-23,0.7943,STOP_INTRADAY,cf2dcaee25492614dc7e2b35214b1e4b94c85e2b1f5faebb593869246a8d84dd,2026-09-23,0.7659860008686685,,LONG,0.13999999999999999,35957180613,1448a5f7465738b7e9f4fd0c441f443c9d3949a4f1ecb78f162671b769301c1d,0.7659860008686685,,Delta_LS_70_30,APT,1.0270159621735993,,
2026-09-23,4.266,STOP_INTRADAY,ecc1aab07ab710f6587b814af1dca7768b06bcc3c4a41258800859ee81cf2bc5,2026-09-23,4.144152475466133,,LONG,0.13999999999999999,35957180613,1448a5f7465738b7e9f4fd0c441f443c9d3949a4f1ecb78f162671b769301c1d,4.144152475466133,,Delta_LS_70_30,NEAR,5.837395535280442,,
2026-09-23,147.95,ENTRY,1f6d236d591d6fa42efd30ca5d92cf236068ac41aadf95a5f402e21fa23bddab,2026-09-23,147.95,,SHORT,-0.06,35957180613,1448a5f7465738b7e9f4fd0c441f443c9d3949a4f1ecb78f162671b769301c1d,,0.09553626165012544,Delta_LS_70_30_StopVol,AAVE,,0.19107252330025087,0.057321756990075266
2026-09-23,0.7943,STOP_INTRADAY,a12d8da958e23d2719f51bb6199bf5eec7315aedfc54902fdc49095ad35cbde1,2026-09-23,0.7659860008686685,,LONG,0.09501860415305106,35957180613,1448a5f7465738b7e9f4fd0c441f443c9d3949a4f1ecb78f162671b769301c1d,0.7659860008686685,,Delta_LS_70_30_StopVol,APT,1.0270159621735993,,
2026-09-23,4.266,STOP_INTRADAY,82efedf3f0807b9c226c7d2c56668f12ea9042519fb913f5b363feeb23bca998,2026-09-23,4.144152475466133,,LONG,0.07647323354472094,35957180613,1448a5f7465738b7e9f4fd0c441f443c9d3949a4f1ecb78f162671b769301c1d,4.144152475466133,,Delta_LS_70_30_StopVol,NEAR,5.837395535280442,,
2026-09-23,147.95,ENTRY,3fb11be5e8844a07bc498a5833596cd7e443c9dd43d6f4ec351a2e24c46fcc45,2026-09-23,147.95,,SHORT,-0.1,35957180613,1448a5f7465738b7e9f4fd0c441f443c9d3949a4f1ecb78f162671b769301c1d,,0.09553626165012544,Delta_LS_50_50,AAVE,,0.19107252330025087,0.057321756990075266
2026-09-23,0.7943,STOP_INTRADAY,da8c40de275b9110b7f98b545d92c5fdcc73b7daa9e6753374562b0ee2132cf8,2026-09-23,0.7659860008686685,,LONG,0.1,35957180613,1448a5f7465738b7e9f4fd0c441f443c9d3949a4f1ecb78f162671b769301c1d,0.7659860008686685,,Delta_LS_50_50,APT,1.0270159621735993,,
2026-09-23,4.266,STOP_INTRADAY,eaebd1a473840b4bdde9be59fc5ad63ed11a2fd6e07456a94b85450e1474ae19,2026-09-23,4.144152475466133,,LONG,0.1,35957180613,1448a5f7465738b7e9f4fd0c441f443c9d3949a4f1ecb78f162671b769301c1d,4.144152475466133,,Delta_LS_50_50,NEAR,5.837395535280442,,
2026-09-23,147.95,ENTRY,23bc8f7ea62288cca73b41d3edf4469d6d940ba47941990be086c491e5ce1f8a,2026-09-23,147.95,,SHORT,-0.1,35957180613,1448a5f7465738b7e9f4fd0c441f443c9d3949a4f1ecb78f162671b769301c1d,,0.09553626165012544,Delta_LS_50_50_StopVol,AAVE,,0.19107252330025087,0.057321756990075266
2026-09-23,0.7943,STOP_INTRADAY,1405785fea9285d018dfa275ee0296ca9ff305b65cab93af380f4e6e4382e33b,2026-09-23,0.7659860008686685,,LONG,0.06787043153789363,35957180613,1448a5f7465738b7e9f4fd0c441f443c9d3949a4f1ecb78f162671b769301c1d,0.7659860008686685,,Delta_LS_50_50_StopVol,APT,1.0270159621735993,,
2026-09-23,4.266,STOP_INTRADAY,e45417f1b1ba51c16b831dbdaaa112a4148ba529c6d556e53c3865a59412da72,2026-09-23,4.144152475466133,,LONG,0.05462373824622925,35957180613,1448a5f7465738b7e9f4fd0c441f443c9d3949a4f1ecb78f162671b769301c1d,4.144152475466133,,Delta_LS_50_50_StopVol,NEAR,5.837395535280442,,
2026-09-24,147.95,REBALANCE_EXIT,1172053d44432f81a669013a10f8f12d3782d8403e45f5434e0a9b3e8db4ad98,2026-09-24,138.89,,SHORT,-0.06,36096417206,016fa68d3dc5291c50cd6c5d3f9e95e95ed85bf658553cd66d48d56f82f6be8f,,,Delta_LS_70_30,AAVE,,,
2026-09-24,337.2,ENTRY,d360d7ba6f8e31714aa8de6c9d2492a9350fc27b5e50af93d490a429a91021ce,2026-09-24,337.2,,LONG,0.13999999999999999,36096417206,016fa68d3dc5291c50cd6c5d3f9e95e95ed85bf658553cd66d48d56f82f6be8f,,0.16481074559065295,Delta_LS_70_30,BCH,,0.3296214911813059,0.09888644735439178
2026-09-24,1.1008,ENTRY,3648a87b83d9c78ff9fa38221e3cf492080f938bbf83a830b020a518aed48e7c,2026-09-24,1.1008,,SHORT,-0.06,36096417206,016fa68d3dc5291c50cd6c5d3f9e95e95ed85bf658553cd66d48d56f82f6be8f,,0.14120707493662105,Delta_LS_70_30,DOT,,0.2824141498732421,0.08472424496197263
2026-09-24,12.346,ENTRY,409d5eb4903a7f65590882225f7dafaf3fb171b854b649c3d8f01e58e0784ade,2026-09-24,12.346,,SHORT,-0.06,36096417206,016fa68d3dc5291c50cd6c5d3f9e95e95ed85bf658553cd66d48d56f82f6be8f,,0.09665593384954288,Delta_LS_70_30,LINK,,0.19331186769908576,0.057993560309725724
2026-09-24,1.5,ENTRY,d8143affcc8d8b6a85dd2c0d2cdedea007a5826f10608fa8e912074ef9a52fb6,2026-09-24,1.5,,SHORT,-0.06,36096417206,016fa68d3dc5291c50cd6c5d3f9e95e95ed85bf658553cd66d48d56f82f6be8f,,0.09991583929336646,Delta_LS_70_30,XRP,,0.19983167858673292,0.05994950357601987
2026-09-24,0.21764,STOP_INTRADAY,bc779dd8925e8189c5e366b02888faee5214b8c1177cbef957afc24902dbaa6d,2026-09-24,0.21296627444485663,,LONG,0.13999999999999999,36096417206,016fa68d3dc5291c50cd6c5d3f9e95e95ed85bf658553cd66d48d56f82f6be8f,0.21296627444485663,,Delta_LS_70_30,ARB,0.3384812479920348,,
2026-09-24,12.346,STOP_INTRADAY,a4fa2180902b7465d11d630489e2b939d0ce648b0f95bf52c3be820958d5a3a1,2026-09-24,13.061988495583874,,SHORT,-0.06,36096417206,016fa68d3dc5291c50cd6c5d3f9e95e95ed85bf658553cd66d48d56f82f6be8f,13.061988495583874,,Delta_LS_70_30,LINK,9.959371681387088,,
2026-09-24,147.95,REBALANCE_EXIT,f569adc73c0c23b5a5e4c1293ee9ab87612b765e9d907c67a369403f8c5e321e,2026-09-24,138.89,,SHORT,-0.06,36096417206,016fa68d3dc5291c50cd6c5d3f9e95e95ed85bf658553cd66d48d56f82f6be8f,,,Delta_LS_70_30_StopVol,AAVE,,,
2026-09-24,337.2,ENTRY,ef0b547f2f610c04af7c6ee55c25529fa57a194a5bae1aced92fc7f7c0443697,2026-09-24,337.2,,LONG,0.0849459175117887,36096417206,016fa68d3dc5291c50cd6c5d3f9e95e95ed85bf658553cd66d48d56f82f6be8f,,0.16481074559065295,Delta_LS_70_30_StopVol,BCH,,0.3296214911813059,0.09888644735439178
2026-09-24,1.1008,ENTRY,5d338ee98f6dff81b22f3bac5ffc6bd49e25c92647d5530bb0cd18890d9a816a,2026-09-24,1.1008,,SHORT,-0.04249078881276325,36096417206,016fa68d3dc5291c50cd6c5d3f9e95e95ed85bf658553cd66d48d56f82f6be8f,,0.14120707493662105,Delta_LS_70_30_StopVol,DOT,,0.2824141498732421,0.08472424496197263
2026-09-24,12.346,ENTRY,31d1c05f3db4f0f3929a859df2ada736019d67a22362a4f7b3db11bc196468ab,2026-09-24,12.346,,SHORT,-0.06,36096417206,016fa68d3dc5291c50cd6c5d3f9e95e95ed85bf658553cd66d48d56f82f6be8f,,0.09665593384954288,Delta_LS_70_30_StopVol,LINK,,0.19331186769908576,0.057993560309725724
2026-09-24,1.5,ENTRY,e3e6fa4dc94eb529fa5cebd00890dc80352753733f6068c2714b338da6a06769,2026-09-24,1.5,,SHORT,-0.06,36096417206,016fa68d3dc5291c50cd6c5d3f9e95e95ed85bf658553cd66d48d56f82f6be8f,,0.09991583929336646,Delta_LS_70_30_StopVol,XRP,,0.19983167858673292,0.05994950357601987
2026-09-24,0.21764,STOP_INTRADAY,f31812c64e15ede342e682a95dbc2b71e5985b60af9ce9af01b8e0392400d2c3,2026-09-24,0.21296627444485663,,LONG,0.04997005303498845,36096417206,016fa68d3dc5291c50cd6c5d3f9e95e95ed85bf658553cd66d48d56f82f6be8f,0.21296627444485663,,Delta_LS_70_30_StopVol,ARB,0.3384812479920348,,
2026-09-24,12.346,STOP_INTRADAY,5bb96fa3e2819c3d50e80d6c2825207074ee4119a97641df73f7babecec1f7e8,2026-09-24,13.061988495583874,,SHORT,-0.06,36096417206,016fa68d3dc5291c50cd6c5d3f9e95e95ed85bf658553cd66d48d56f82f6be8f,13.061988495583874,,Delta_LS_70_30_StopVol,LINK,9.959371681387088,,
2026-09-24,147.95,REBALANCE_EXIT,d48a0a171442874d4979d849e42cef3fa3ec74f9fce0ad4d4ad0f8ed0d509f0c,2026-09-24,138.89,,SHORT,-0.1,36096417206,016fa68d3dc5291c50cd6c5d3f9e95e95ed85bf658553cd66d48d56f82f6be8f,,,Delta_LS_50_50,AAVE,,,
2026-09-24,337.2,ENTRY,9ca63b1a3ed771c4a9a14c8957caa5de8328268b8efcb9fe80de34035db5b4de,2026-09-24,337.2,,LONG,0.1,36096417206,016fa68d3dc5291c50cd6c5d3f9e95e95ed85bf658553cd66d48d56f82f6be8f,,0.16481074559065295,Delta_LS_50_50,BCH,,0.3296214911813059,0.09888644735439178
2026-09-24,1.1008,ENTRY,2688bd92ebb5caa7a0c0df81e94c073dee16cbd3b244f152efffb423b34011c3,2026-09-24,1.1008,,SHORT,-0.1,36096417206,016fa68d3dc5291c50cd6c5d3f9e95e95ed85bf658553cd66d48d56f82f6be8f,,0.14120707493662105,Delta_LS_50_50,DOT,,0.2824141498732421,0.08472424496197263
2026-09-24,12.346,ENTRY,95f89db6c453545c8fd78c04617616d83c976d985278a26f4a847986d8b7fd15,2026-09-24,12.346,,SHORT,-0.1,36096417206,016fa68d3dc5291c50cd6c5d3f9e95e95ed85bf658553cd66d48d56f82f6be8f,,0.09665593384954288,Delta_LS_50_50,LINK,,0.19331186769908576,0.057993560309725724
2026-09-24,1.5,ENTRY,fa8a0ce203bfdbf2e55ea56d45a65b65edc7f7435123e97e18d965c3b8ccfcc2,2026-09-24,1.5,,SHORT,-0.1,36096417206,016fa68d3dc5291c50cd6c5d3f9e95e95ed85bf658553cd66d48d56f82f6be8f,,0.09991583929336646,Delta_LS_50_50,XRP,,0.19983167858673292,0.05994950357601987
2026-09-24,0.21764,STOP_INTRADAY,2351feb1a6dbd7b13a9c08d91b92dfdf4fecb617525b6e4e1e9424ecaa58425f,2026-09-24,0.21296627444485663,,LONG,0.1,36096417206,016fa68d3dc5291c50cd6c5d3f9e95e95ed85bf658553cd66d48d56f82f6be8f,0.21296627444485663,,Delta_LS_50_50,ARB,0.3384812479920348,,
2026-09-24,12.346,STOP_INTRADAY,f3f623b4f31b20ee120ac8922995e2890e80a4d2d54dacd4e12b638e426bbaa7,2026-09-24,13.061988495583874,,SHORT,-0.1,36096417206,016fa68d3dc5291c50cd6c5d3f9e95e95ed85bf658553cd66d48d56f82f6be8f,13.061988495583874,,Delta_LS_50_50,LINK,9.959371681387088,,
2026-09-24,147.95,REBALANCE_EXIT,7059240161489388c863922fc27a19eb17e84a742b31b5d090e28a1c38241797,2026-09-24,138.89,,SHORT,-0.1,36096417206,016fa68d3dc5291c50cd6c5d3f9e95e95ed85bf658553cd66d48d56f82f6be8f,,,Delta_LS_50_50_StopVol,AAVE,,,
2026-09-24,337.2,ENTRY,b816e0bd534efbd1ebbe94e5e419f9b23eeb4d1db4fbcb4d6ca0db5c18f23ae7,2026-09-24,337.2,,LONG,0.060675655365563366,36096417206,016fa68d3dc5291c50cd6c5d3f9e95e95ed85bf658553cd66d48d56f82f6be8f,,0.16481074559065295,Delta_LS_50_50_StopVol,BCH,,0.3296214911813059,0.09888644735439178
2026-09-24,1.1008,ENTRY,e3b0df59e3a7ed6fd29e02af1b842f33d7cdb333246c34da7136f8861ef8a0a4,2026-09-24,1.1008,,SHORT,-0.07081798135460542,36096417206,016fa68d3dc5291c50cd6c5d3f9e95e95ed85bf658553cd66d48d56f82f6be8f,,0.14120707493662105,Delta_LS_50_50_StopVol,DOT,,0.2824141498732421,0.08472424496197263
2026-09-24,12.346,ENTRY,e4d4e2d52101d53a4fa8f48abcb5622c98d749a453063fd363d79df413b83c35,2026-09-24,12.346,,SHORT,-0.1,36096417206,016fa68d3dc5291c50cd6c5d3f9e95e95ed85bf658553cd66d48d56f82f6be8f,,0.09665593384954288,Delta_LS_50_50_StopVol,LINK,,0.19331186769908576,0.057993560309725724
2026-09-24,1.5,ENTRY,3493b12d76a0b390381bc70edf827ea80342e192e70f9090d6a21fb75b67f7b3,2026-09-24,1.5,,SHORT,-0.1,36096417206,016fa68d3dc5291c50cd6c5d3f9e95e95ed85bf658553cd66d48d56f82f6be8f,,0.09991583929336646,Delta_LS_50_50_StopVol,XRP,,0.19983167858673292,0.05994950357601987
2026-09-24,0.21764,STOP_INTRADAY,c662d3752dcf21171b5ef08ac36aebb2afb9baa99255d2920ffdae86f710acd7,2026-09-24,0.21296627444485663,,LONG,0.035692895024991754,36096417206,016fa68d3dc5291c50cd6c5d3f9e95e95ed85bf658553cd66d48d56f82f6be8f,0.21296627444485663,,Delta_LS_50_50_StopVol,ARB,0.3384812479920348,,
2026-09-24,12.346,STOP_INTRADAY,a766452f6549120f3911d6b0a7b59d44ea33b4c8561e85cb9a64beae4a913e19,2026-09-24,13.061988495583874,,SHORT,-0.1,36096417206,016fa68d3dc5291c50cd6c5d3f9e95e95ed85bf658553cd66d48d56f82f6be8f,13.061988495583874,,Delta_LS_50_50_StopVol,LINK,9.959371681387088,,
2026-09-25,1.0135,ENTRY,29a77eb1f387017b8bd61bf7deb98c33740771cb76db8700175b224cae2bb746,2026-09-25,1.0135,,LONG,0.13999999999999999,36219297619,11e8247c304fc6a3ee5eaa63eabc7f9e4eb0e8f1366d6bee351e1094ac81ba1d,,0.12378270566724643,Delta_LS_70_30,SUI,,0.24756541133449286,0.07426962340034786
2026-09-25,1.5,REBALANCE_EXIT,9e51e07b62ee79374ff356ecf58fcaa3365afa85b8efcfb19795898df1c69dfb,2026-09-25,1.534,,SHORT,-0.06,36219297619,11e8247c304fc6a3ee5eaa63eabc7f9e4eb0e8f1366d6bee351e1094ac81ba1d,,,Delta_LS_70_30,XRP,,,
2026-09-25,1.1008,STOP_INTRADAY,e2623f9e4c15ac11807293909254e68410b956b1867909a27ee617c5ca590d62,2026-09-25,1.1803969233676188,,SHORT,-0.06,36219297619,11e8247c304fc6a3ee5eaa63eabc7f9e4eb0e8f1366d6bee351e1094ac81ba1d,1.1803969233676188,,Delta_LS_70_30,DOT,0.7899185038195351,,
2026-09-25,1.0135,ENTRY,dbdae4e890da4b7faed2487d725a24989d3bd1df24012322172e73bb4b9ec03c,2026-09-25,1.0135,,LONG,0.11310142175785767,36219297619,11e8247c304fc6a3ee5eaa63eabc7f9e4eb0e8f1366d6bee351e1094ac81ba1d,,0.12378270566724643,Delta_LS_70_30_StopVol,SUI,,0.24756541133449286,0.07426962340034786
2026-09-25,1.5,REBALANCE_EXIT,c93044712acc1697ab9d501e772537f287c238fc4d4131d4cc69959f21974f19,2026-09-25,1.534,,SHORT,-0.06,36219297619,11e8247c304fc6a3ee5eaa63eabc7f9e4eb0e8f1366d6bee351e1094ac81ba1d,,,Delta_LS_70_30_StopVol,XRP,,,
2026-09-25,1.1008,STOP_INTRADAY,c52611767ca61dda17b66b1e7b9b90c064a9eca0b7202283a91c1792ecc1d327,2026-09-25,1.1803969233676188,,SHORT,-0.04308259458570117,36219297619,11e8247c304fc6a3ee5eaa63eabc7f9e4eb0e8f1366d6bee351e1094ac81ba1d,1.1803969233676188,,Delta_LS_70_30_StopVol,DOT,0.7899185038195351,,
2026-09-25,1.0135,ENTRY,5c4282ed6aff1ed3f75c578622a1ff090059a03985da73fd3d8888998c3f697e,2026-09-25,1.0135,,LONG,0.1,36219297619,11e8247c304fc6a3ee5eaa63eabc7f9e4eb0e8f1366d6bee351e1094ac81ba1d,,0.12378270566724643,Delta_LS_50_50,SUI,,0.24756541133449286,0.07426962340034786
2026-09-25,1.5,REBALANCE_EXIT,7618687a84435ad27ef042a87ec29cab97dfdc0d84f954b7093f8e3ae9fd7f6e,2026-09-25,1.534,,SHORT,-0.1,36219297619,11e8247c304fc6a3ee5eaa63eabc7f9e4eb0e8f1366d6bee351e1094ac81ba1d,,,Delta_LS_50_50,XRP,,,
2026-09-25,1.1008,STOP_INTRADAY,508d59987c0670884c9a7d279a860963f3da6c650afeb2548abc4cf883dbfe1f,2026-09-25,1.1803969233676188,,SHORT,-0.1,36219297619,11e8247c304fc6a3ee5eaa63eabc7f9e4eb0e8f1366d6bee351e1094ac81ba1d,1.1803969233676188,,Delta_LS_50_50,DOT,0.7899185038195351,,
2026-09-25,1.0135,ENTRY,e07885fbbfebf3559d813076766a5f9a6da6913388c1bc0bc5ec57159c67d703,2026-09-25,1.0135,,LONG,0.08078672982704121,36219297619,11e8247c304fc6a3ee5eaa63eabc7f9e4eb0e8f1366d6bee351e1094ac81ba1d,,0.12378270566724643,Delta_LS_50_50_StopVol,SUI,,0.24756541133449286,0.07426962340034786
2026-09-25,1.5,REBALANCE_EXIT,751120e983282d42e09e8cebcc8dfdb2101833ca6127f154dce8ce11a828465a,2026-09-25,1.534,,SHORT,-0.1,36219297619,11e8247c304fc6a3ee5eaa63eabc7f9e4eb0e8f1366d6bee351e1094ac81ba1d,,,Delta_LS_50_50_StopVol,XRP,,,
2026-09-25,1.1008,STOP_INTRADAY,1a72735734f5545c75c670e941b256a2637c8e399c372f6d36c7a7726b3ded8f,2026-09-25,1.1803969233676188,,SHORT,-0.07180432430950195,36219297619,11e8247c304fc6a3ee5eaa63eabc7f9e4eb0e8f1366d6bee351e1094ac81ba1d,1.1803969233676188,,Delta_LS_50_50_StopVol,DOT,0.7899185038195351,,
